{"noiseKey":{"private":{"type":"Buffer","data":"8CCOTMlmvPPByI6flJPnsDZ5N26wS8l4zchGcM8Tx2Y="},"public":{"type":"Buffer","data":"tY10RZxQlsxdoQriPfRLFr7sFqW4D9Px41As+6Gf8SA="}},"pairingEphemeralKeyPair":{"private":{"type":"Buffer","data":"EFY4dIjt/aGtxdpr/8FHStDGtRK3e7Nt9W10n76KuGY="},"public":{"type":"Buffer","data":"nl/VGMo5NYYNVWSF2/DgQCW4gEUoaoQuSJgHDMHTV24="}},"signedIdentityKey":{"private":{"type":"Buffer","data":"WOuhIFjKTdzGqPWyfxEOoOUnqf5SXzzMkHy39CWVzWQ="},"public":{"type":"Buffer","data":"mhU3g4Lj9eYacvJMM+RWca+RdHHkm6v+XU+FjQIpexg="}},"signedPreKey":{"keyPair":{"private":{"type":"Buffer","data":"0AuxAr1mYghkNhATyB4znxfch4VIV6LNEGJOClWxaWw="},"public":{"type":"Buffer","data":"DgMVV/CZHMP/gzW29N69wnuMN+UnhqL96nGIxADlfkI="}},"signature":{"type":"Buffer","data":"AUjoTrmde6PG3iGneHeV7hCO/NhJmHmazOsK6Dl/BnaZIS0zb866k7UlF6646OAMFM3OtKeN4/ZUJMz2mXZZgg=="},"keyId":1},"registrationId":47,"advSecretKey":"5oIynT6O3v0VReye9vjEKfQ5/nRYpuG6KglRyYH5a8Q=","processedHistoryMessages":[],"nextPreKeyId":1,"firstUnuploadedPreKeyId":1,"accountSyncCounter":0,"accountSettings":{"unarchiveChats":false},"deviceId":"JVG6hAx_T9KBUlZMKnY4vA","phoneId":"dc259317-b1bd-4e07-9b00-b0f5d913218c","identityId":{"type":"Buffer","data":"DIFLLVW1qf0mtmI0sLEt5kRytRk="},"registered":false,"backupToken":{"type":"Buffer","data":"ighQ912FKHtmcAj+Qg+AJ0GSHn0="},"registration":{},"pairingCode":"2QVVA82H","me":{"id":"966538437421@s.whatsapp.net","name":"~"}}