{"noiseKey":{"private":{"type":"Buffer","data":"iFx1Z/K9bgO9CD1CT8FDgAWUjBuU8vJNyuoO9NOdEX8="},"public":{"type":"Buffer","data":"C7wdb12hKBNomD9dZrOhh+1CObqr6LprhS9xeu2xdT4="}},"pairingEphemeralKeyPair":{"private":{"type":"Buffer","data":"YJdfD6C3Cew9hEeGpnZv+XKCVy+pBhd+v0wZGKW63Fc="},"public":{"type":"Buffer","data":"Hg16jeDfVm7Av8orrVWcPAJAVjpszSeo09ZYOKfWRzc="}},"signedIdentityKey":{"private":{"type":"Buffer","data":"oMinGEWbtKWhcGjocqO0UhPWl3xF493hV9vMj4ZWl38="},"public":{"type":"Buffer","data":"oVJL0p53bype1Y9v14mfrSO2MU56UKNLx8FqKt+d2zQ="}},"signedPreKey":{"keyPair":{"private":{"type":"Buffer","data":"wOpkRrHlqWz0wyTtCtObtey/VLN/DTCJj2vSF/bfvUs="},"public":{"type":"Buffer","data":"21sueiVTxnLj8kpM7V4A8M9g0+J+EgFg2aX0BtR2H08="}},"signature":{"type":"Buffer","data":"f9POu/yfAPadhysj2Rb0mng0uCbGF81CPXgZ8Q5dYYsm6GKcoZPNAED2sWF+OICZEthylubf6eDvWExTXpW9hg=="},"keyId":1},"registrationId":226,"advSecretKey":"edf1exLwzRCLbN9dB+VeESNDixyK4V+SSeNc+UcbkTg=","processedHistoryMessages":[],"nextPreKeyId":1,"firstUnuploadedPreKeyId":1,"accountSyncCounter":0,"accountSettings":{"unarchiveChats":false},"deviceId":"mKmdAEyfSgKs0SsY_fwnYQ","phoneId":"4c0a4c76-98aa-4f01-b60b-d97ca53a9ced","identityId":{"type":"Buffer","data":"OAXIdLh3/Q0K5lrNIGM27hevUNM="},"registered":false,"backupToken":{"type":"Buffer","data":"HiM7yOuD7/X415A9PpKRc2oy0uo="},"registration":{},"pairingCode":"H12G29F8","me":{"id":"212634384976@s.whatsapp.net","name":"~"}}