{"noiseKey":{"private":{"type":"Buffer","data":"OOdOhhGx1aZXyG4F2SvkyTk14UizxIJwcwStUd9lyEE="},"public":{"type":"Buffer","data":"Pda1+289/NfPSMe1Q2ct9HwzV08gn/WPfDMRHVO6UDc="}},"pairingEphemeralKeyPair":{"private":{"type":"Buffer","data":"mFTN0UdfXrggsBCsdHh38nKiCk6VznHBYNN092S2JUA="},"public":{"type":"Buffer","data":"ZyOHVXRx7TrwMZx81ab+rL40aDnciZ18f50sfNJJ3gA="}},"signedIdentityKey":{"private":{"type":"Buffer","data":"wA/gn2b0xaKjbCTr7CQhbhygeFOOBLxzmy++B9okSG8="},"public":{"type":"Buffer","data":"GHDsJsE0AjaPtDWxdcHCJkAO9RRnUjV/ZXSJNiXScH8="}},"signedPreKey":{"keyPair":{"private":{"type":"Buffer","data":"8IND0J7ja9q5S9hAZjHUTnGxImjVCCdjum0eY1F90lA="},"public":{"type":"Buffer","data":"516NijnpIawlx/oqY8I+qKzSmTW6DBkT/HLBMLCw4m0="}},"signature":{"type":"Buffer","data":"yFzz0n4ixFLRKIB6UvEikETGVCLvxgKVLXmUHtPuoeXR53sBOqeR8Ct6Rmeg/D+HZkAjJsDEG4lo8X9v8eK5gg=="},"keyId":1},"registrationId":11,"advSecretKey":"b9RMcmd1nj9cmQTfOpwYaVPnMyH6KunLqd+9L024JCY=","processedHistoryMessages":[],"nextPreKeyId":1,"firstUnuploadedPreKeyId":1,"accountSyncCounter":0,"accountSettings":{"unarchiveChats":false},"deviceId":"rU4lTPW4TyKw9BAvL2QZtw","phoneId":"45074032-bac3-4893-8c51-d18c8a5adee1","identityId":{"type":"Buffer","data":"fdPiRQycqDO/B055TYf3ICdETNQ="},"registered":false,"backupToken":{"type":"Buffer","data":"Lqj7xP0GjHnS3LZKKLqoAtQqnjw="},"registration":{},"pairingCode":"FBLVT493","me":{"id":"212721586439@s.whatsapp.net","name":"~"}}