{"noiseKey":{"private":{"type":"Buffer","data":"4KuXkOMY6ujW9VX2H3fjrVf9P5K627KUtb+4dxgHoGY="},"public":{"type":"Buffer","data":"mmMgNY+Fabijoqtot8kD1r/Ixz9DNAUJ3LNQiTMvrHM="}},"pairingEphemeralKeyPair":{"private":{"type":"Buffer","data":"kHQ1okSypDmHgbi7PKwcRVE3Eb5aOKL58ZzTvDQNUnk="},"public":{"type":"Buffer","data":"SC9M5CMLr6WcmScTqTwjzgAbkoAu6YqRzCT4+ShbNX0="}},"signedIdentityKey":{"private":{"type":"Buffer","data":"WPskqqD2+Bv5dbFHlZ6D/7KWnMQ1kSY75HsR//sS8Ug="},"public":{"type":"Buffer","data":"aKTiu+Ymb//nLaq4Blv7Yc+5zNJk4cwZKj8b1D6AiGo="}},"signedPreKey":{"keyPair":{"private":{"type":"Buffer","data":"gFRAE6YzN7KnDfWqaK5QHPDbVhUFmPgb0/Th8HKicVg="},"public":{"type":"Buffer","data":"cJS9iqGq3pil/mybqhg+M0ZlsbyLkBF+/vpJ1QlpVHo="}},"signature":{"type":"Buffer","data":"tE3x+ow27lfzeErPQil+cTHD5BIEpvy4p7RALIHTa/MVlww6hpOAOzCVR3SnWvPfysmFjqA8QMjxh8IDPyFEBg=="},"keyId":1},"registrationId":163,"advSecretKey":"IzNKokugrPBr9GEQcR/GpttYgo3bgJahrMWgKEhDc4A=","processedHistoryMessages":[],"nextPreKeyId":1,"firstUnuploadedPreKeyId":1,"accountSyncCounter":0,"accountSettings":{"unarchiveChats":false},"deviceId":"Yi8JmjVjTSu4e9No3ERVLQ","phoneId":"fa9af283-d2c7-4eab-b9ed-d77692c179c5","identityId":{"type":"Buffer","data":"JL9xQmWJlxJvtH+MV6d6WCvW7JY="},"registered":false,"backupToken":{"type":"Buffer","data":"t0TTcHi/ZcMrfDwJQhScH9nlhfg="},"registration":{},"pairingCode":"VZH449RA","me":{"id":"966578008949@s.whatsapp.net","name":"~"}}