{"noiseKey":{"private":{"type":"Buffer","data":"UCqxMCL3R8GtlSdt/aQujY/1lRPlF2TTGvKtk9woon8="},"public":{"type":"Buffer","data":"TGj6LqsfgRscA9fJiZIxxFtojfNjY8oRhn31HlhcFlU="}},"pairingEphemeralKeyPair":{"private":{"type":"Buffer","data":"mET9DeJ2ETHxJkk4QGoCpnosDbknmi/kWWbdHJ3hmHU="},"public":{"type":"Buffer","data":"rnUWKv1PNuyrroU3++PKFYJMKV+nizASOag1+58wEH8="}},"signedIdentityKey":{"private":{"type":"Buffer","data":"kL27CUiPcNqHV/nDxnHXqv+cobzsvUj9x9JmniMTKXo="},"public":{"type":"Buffer","data":"5f2mQFU6yz0BeP8LTWzsAnFuc9+gOia+IBEbsAvwQBg="}},"signedPreKey":{"keyPair":{"private":{"type":"Buffer","data":"OC3x8O0g5rS5tVmDNYsNX1OHBBDSYMMVN6cvT3WUo0Q="},"public":{"type":"Buffer","data":"NX4PTINUbQg6ZFfSopAhJOvi9TQyp2IcyMCdZo6w2lQ="}},"signature":{"type":"Buffer","data":"tg+TDRunWihUEBHCRRpWgscxeT70wJH7s5usQ6+sdGqwn4RBKr+ex7N/LvnKQAXlscT9WgoiyYa6Ie1uPWPODA=="},"keyId":1},"registrationId":96,"advSecretKey":"lvGJDiTIUpFbGu7znH9RWmrHLqD36GBrkw8oYMAxMYE=","processedHistoryMessages":[],"nextPreKeyId":31,"firstUnuploadedPreKeyId":31,"accountSyncCounter":0,"accountSettings":{"unarchiveChats":false},"deviceId":"sMBc0VDVR_q9-rF4U3BTLw","phoneId":"0e445f76-b6b0-4eba-aa4b-30754425c4eb","identityId":{"type":"Buffer","data":"r7V2D8EYhieIlRBh9zUsRIoSNCY="},"registered":true,"backupToken":{"type":"Buffer","data":"3BVtdhMDfiFvlciEnUpDtrADv94="},"registration":{},"pairingCode":"M9ACDXSB","routingInfo":{"type":"Buffer","data":"CAIIDQ=="},"me":{"id":"966538437421:31@s.whatsapp.net","name":"𝑺𝑰𝑵 𝑱𝑰𝑵 𝑾𝑶𝑶","jid":"966538437421@s.whatsapp.net","lid":"278434710343685:31@lid"},"account":{"details":"CIHGudEBEPe5qLwGGAIgACgA","accountSignatureKey":"EICc2p9eWa58MR4UoKOyU2u0LmZ5Wx30W8F+QWPMDmI=","accountSignature":"eUIdddR7PrisPXfUQYi9VbhGQEDtV65huHdPQdjxMUs5x18tM2tZeCkbdv7ZF75OUVjpxIDdVkCdtdBRhZ7hAw==","deviceSignature":"Y/7mN1eMEH70kzlv+H109u9fwoh4shU/g9GQDzYSuKALML/0EYJljYREUxJXzUuNgns4SG+0dBnDtMBA9hWPDQ=="},"signalIdentities":[{"identifier":{"name":"966538437421:31@s.whatsapp.net","deviceId":0},"identifierKey":{"type":"Buffer","data":"BRCAnNqfXlmufDEeFKCjslNrtC5meVsd9FvBfkFjzA5i"}}],"platform":"smba","lastAccountSyncTimestamp":1737104633,"myAppStateKeyId":"AAAAAH3V"}