{"noiseKey":{"private":{"type":"Buffer","data":"QH9KN8QNDryT7zPIQHtUHTVFBNMw5LniRKIDc7gram4="},"public":{"type":"Buffer","data":"0VOE55S280vyXqO5jNpFOrBxpUSJDvyvlbjnMYy8REo="}},"pairingEphemeralKeyPair":{"private":{"type":"Buffer","data":"+PeSODP4QqU8r1iGDf+JdN19cmvN3IrmdKnnLv2A/UA="},"public":{"type":"Buffer","data":"pruG4eI1IkSt81WrP/dvLZ7r98Pum3W6hBANRv2M9SE="}},"signedIdentityKey":{"private":{"type":"Buffer","data":"eBm6ZnUKyvipH/UPrUDleA/nH8zv1o0hKtNIQzV7Els="},"public":{"type":"Buffer","data":"ZCzNIKWHRaAz3H/lJGwM//mEa+2mEamkCzrahmzam18="}},"signedPreKey":{"keyPair":{"private":{"type":"Buffer","data":"UOJODNdaWobcRcbnYT5VIj7fq5o0UkDnjh1MLayLVkk="},"public":{"type":"Buffer","data":"8B7MotXdmWLLFEPT2GbfeI+6HTJPwy9MYZCKDG60zjM="}},"signature":{"type":"Buffer","data":"rhkwssxYGtKAK+mkObn0Jl9szU6wjhfz0RUzJrX6xE2xVFq0KVtkiDpoNDwwfH5pH+QUBrxYSHCReMmyd7NQig=="},"keyId":1},"registrationId":197,"advSecretKey":"ujEQD45dTWE1VzVJUGsvCGmP7O38VmxACojlPSoeKfk=","processedHistoryMessages":[],"nextPreKeyId":1,"firstUnuploadedPreKeyId":1,"accountSyncCounter":0,"accountSettings":{"unarchiveChats":false},"deviceId":"gnWaRwjLRcSdWiSKP4QEhw","phoneId":"b2d46896-31a6-443f-b5bf-9b6521f2ecb0","identityId":{"type":"Buffer","data":"pBUtutEEZjIwEqJv9MqdjvOoJAs="},"registered":false,"backupToken":{"type":"Buffer","data":"GBswTQyyk4Q9ujWujJ86tzNoAAU="},"registration":{},"pairingCode":"YVCEYZ8Q","me":{"id":"212634384976@s.whatsapp.net","name":"~"}}