{"version":37,"hash":{"type":"Buffer","data":"X8MnN1j/byXnCXsPGBwFQ492vCssokoTC+nZmoQ6NFc1vWvGOnPKXEhXLGRw3W3eMY26rbC75Vc27zlMuuJRsZL6bMXmb26+KGPYJOewG1x6L/2tJej3FDtKe3jxG9MPX73q5mCI6AqBDGkBSf6v6YdGAZKTF8TsQ12XCH7s56I="},"indexValueMap":{"IZMAtots6Z6xxjIaMDPF/3FVzurUpyKmqMdo6uiQXGg=":{"valueMac":{"type":"Buffer","data":"E5O8XeBXYLHoNBb30fP2pZbFoCgbzEJHAQQ0yzTMcqg="}},"BWRtioTNF3HUjrkUeS85dKEl7rAeSv8LCr3LbUdkOX0=":{"valueMac":{"type":"Buffer","data":"fpb18aGU8G8lhxV335KWykVtRUulaiAT77PbhgAIm04="}},"4Mr+uttlkkQfqfWQPz1lF6Nrbdj2HSbFFyJ02ozD4Og=":{"valueMac":{"type":"Buffer","data":"oURcsGuASCmHkaVHkvmuuIbozNjfXmCi5+I75FaVolI="}},"+El24eeLuv/vBs9S58vWWQgfS8OH5F8rdBelHo7rKAc=":{"valueMac":{"type":"Buffer","data":"WcLIlHJ/wf7x/SUDgkclP/BR3abd+lKf9FfpzPJC9NA="}},"3j67CsTwmul+O+rS02KZ74vJ2/ZwnwA6LHFgGHf4a0M=":{"valueMac":{"type":"Buffer","data":"VFqcI8b679FVK/UzyYUgQYH9aolgw1cQIVRAIIErNEw="}},"WSYNpOfa+1JhblQwndYykFdX4kO6Etg4wlNW9GfD6xM=":{"valueMac":{"type":"Buffer","data":"OTTEiY9bx1Ilv3/m5ni5U9vu8VrJERO6fKU5ZQA+a5I="}},"szgbg5M14rj2KElHIwRhMUXVWMtM99A72a27SaefYdo=":{"valueMac":{"type":"Buffer","data":"4b79bDkOCpUJt6VqxSkihQCquRzn2Pvj0OvVSAqZAPU="}},"/QsdTGqNUybhT3Yeu7XZXttdzmv9D4DEqHpq4CfOjFw=":{"valueMac":{"type":"Buffer","data":"ocN7NgiKhlalow7b83e0Pjqz+eY4E0/6Y7ZGS8yWo5s="}},"ytcKZJtLOa5gPy65tbN/PIhU28eCAnRdCeQimjONDbo=":{"valueMac":{"type":"Buffer","data":"MCxnFsKayvs5hXcWPeBLtlMJfrF1tAyNlUKAPR/ZX1k="}},"2UwaW9BpamEqvtckg+2ZpKv2xkc81tT4B91ID2Wk6XU=":{"valueMac":{"type":"Buffer","data":"wa/652f96KDETR6K/ETT2kUkcVqFqBvlPpGnxQS/EjQ="}},"VJyYYijz+jSlh/X6r0EQHNJEbCMniwN7wKcDB6dHQRA=":{"valueMac":{"type":"Buffer","data":"UrbKltOMANDVRArNiWg4r3Q5pjcx8ldzscnIhREPwQw="}},"8jMMSPznuumVTgatSMKii0qOPYO+gbeXML3FHCG596w=":{"valueMac":{"type":"Buffer","data":"a2gVCDCegA/Gf0e/6DMsgRJUKNfO4Cu7ze0v7k5exZc="}},"rHIwmWlqkImQ0sH06dnkl3KEfP+15yxKTh1B96l9R9E=":{"valueMac":{"type":"Buffer","data":"vLg3ebsNdB6Z3UxioDPkOzHlCyNAVfAKKG1+j9ylzjE="}}}}