{"version":15,"hash":{"type":"Buffer","data":"7N2I378+R0LJTRxhIagPqF/xXnff1ipiCaPXUgx9f0RHCF6gBpSu8FrqEAItdXPNepIm6CDpeATB6psclBP6MARvw9oF4ftkH7AxImk2VI8R9lUewUO00m+J7R+q2as4EQan7nkeyIyBZgsBs9ILX6AVY7duucwi5G3hkKEgRXY="},"indexValueMap":{"F5m2YasytVQxbpwwXV6zz3TDPGBM+XF9QGVmLIkDJ0I=":{"valueMac":{"type":"Buffer","data":"ylR5txTYf+pIz9SUYsSyJzmNTgI9jSFbQJp4OyEDqac="}},"W0gH09hX6PwPQnvfkF45QE6dnK3PzGPV/uNqnq6PlgQ=":{"valueMac":{"type":"Buffer","data":"5BSET9pApVF8Mw6sq1I2DxfoF8OEdCkSNiAgp/QOksY="}},"ZKLvMuXHmjjRTG7mYxKGxs1BM+M+ZAWfoF3F73tX4iM=":{"valueMac":{"type":"Buffer","data":"iS9NSsWqvgu+G930wJ62vKFbSlwYwOdUlg67r3uojwk="}},"aDWWw74cafFEDXNaByBDoxIrr8Mn1R/x7UAhJD+cR/8=":{"valueMac":{"type":"Buffer","data":"PqsCi24yxn1ZwH6dlImqShdHJ0NItwfTrQ2E+Pqj4FU="}},"b2cHP51DyicmI7F4yDZZvGdHqGxzdky/1777NjGfw18=":{"valueMac":{"type":"Buffer","data":"cXgeYJulG+49VmN5SZ+vKpG1WaOkwiJY8GS+fWiMK3k="}},"gKG/IeCGU9QwW+qpLp4TsO7Aao3oAxrQYVs870koqUw=":{"valueMac":{"type":"Buffer","data":"+5gKU5Kjb/m2uZVIyBBiSG4ZSRVRf3PYd3pS/1zxhGM="}},"gQzg9jSnUaTSvn6L9x2i0u6ZhK2ABLGYnvDlPgYJafQ=":{"valueMac":{"type":"Buffer","data":"xAgQP8MmUrXG4QzoGlYu1KS1z0/+8TMmWqaJWRMdhog="}},"od1gm8O1zDkwzTD5avboJeGrK3Fy4/7ynwweGGlXCcg=":{"valueMac":{"type":"Buffer","data":"EVpZhqtX/FKiukNcq9PuDD9rP+xsBxIQrkP0z+74F/0="}},"tqFBgWmU0mjdR4keXKS9pxhg+HUn3OYvvxvERpzGCWk=":{"valueMac":{"type":"Buffer","data":"hrGZro+H7TxtGsWVW5j0dB9hE66iYwNpjYBpa1chB2M="}},"u0v8+flKSarHlwZOsCcfyUsE+VRSdJ1UVq3PghGLfwQ=":{"valueMac":{"type":"Buffer","data":"0O0Z/4uX4ch4UAJbEa1tpmAC0daU8GlU1r5mu9pTOTA="}},"y1iS/vaodSgxd104RQm2nW1T4IDp3iNO+u51LwzjaWo=":{"valueMac":{"type":"Buffer","data":"AZZjlRcPfYPoO2o2nEdWvzE86Y4hE3rIeUR69JZTiCk="}},"0Oc5f6xdCAthGirD4kP4avC2XzftPhi51ycrceISnps=":{"valueMac":{"type":"Buffer","data":"tXcDUhWPepUT92EZzu2bPqtQXL9NdmtkZepm52msa7Q="}},"1us+OmJz2NbLkr+VNN2uEw3rkdIljKETRgdI1h1al80=":{"valueMac":{"type":"Buffer","data":"KltZ5qks55i6L+uwhK9gxwbiUyh7BJ4OFSXfIqYZZOQ="}},"1xqpDqUrDlshSoG2U+TcbFbJ3Gh11gs+PUDbMo39kEs=":{"valueMac":{"type":"Buffer","data":"xaIFFe0iIKoY2Cgjl21lJ6foawl6RN60Wfg7fipkNx0="}},"/t1Sa/ZWq95B2JbQZYiukRqL8t7Td5fu3O1bVAWZrgo=":{"valueMac":{"type":"Buffer","data":"vaNWPvVwx88X6e9hX9m0SXfSMMFtC13nUrnnil0ZkBM="}},"uNPW2g3m1aOfVLvCunZAcpnysmGIjK26zDDoZgpRxhw=":{"valueMac":{"type":"Buffer","data":"L5P/5aG8GjYw6DWcPt7wYN6g9Ax/6mRLiq2Kttz2txg="}},"XD7eLFZsF9aEGYX+zDRlwyUbwumsDx+T4RHoy85ojJo=":{"valueMac":{"type":"Buffer","data":"60etmZOvMGswbgZA21sCXpVp89TPMX/L+RdFrzSsZ/Q="}},"OK2vdoKqBh+CQ2BcmStk/+pDxYiZZTkNxQ5tW198gag=":{"valueMac":{"type":"Buffer","data":"bT59LiMHf0nr7Uj7tMIUZBhBDoUrOXuyH0VWD/XGbLQ="}},"ylfji2CFh99fIws5JV+w56C4qi+5w7XsTBEp3iqGXH0=":{"valueMac":{"type":"Buffer","data":"MTkUKdlSrzrEH0F86ytiJLlVK8tXPGbTaydZqnerRg8="}},"IFPemlfaQ0oNDqMjgSSj8pl+tMXwLwr9yI3I5FqB0Tg=":{"valueMac":{"type":"Buffer","data":"dJplaM3sIqysx5kSpRKsQtALGgEZWWrn6rm7b6vYuQk="}},"PYVP1tiyVYMSDfBK0j8Zjnn6IE1VdU2KOmx5tciwrv0=":{"valueMac":{"type":"Buffer","data":"+w0DjqGU3Zg2kQP3qkjhOy/rfS3/iOeBZDs860MNF7I="}}}}