{"noiseKey":{"private":{"type":"Buffer","data":"2AalRxZDg4dbyLUC2wtgEC8FtCGJG/akWt1W3thE9E8="},"public":{"type":"Buffer","data":"XtUYYZJf6SnuvBe6suUBk374zww7DfjvdY51veNDdwo="}},"pairingEphemeralKeyPair":{"private":{"type":"Buffer","data":"YEvnE3DvntU7ecGLNENgVmG4pZtGkwMAfYNpydH+tkU="},"public":{"type":"Buffer","data":"WRAhwD9Hlbp19X8wi+apS+nOm9WAx8U63lSGlzau5S4="}},"signedIdentityKey":{"private":{"type":"Buffer","data":"mJWF/TIIUpnb2Gq46015ktYylgZgFRIe7iLgoGxYwkc="},"public":{"type":"Buffer","data":"feZ538DGccs6koOoTIJe6ajI+q1GAPyFYlM4YwSP8Xw="}},"signedPreKey":{"keyPair":{"private":{"type":"Buffer","data":"YHFLAbJUg0wHG/CA3XAtdBAlxnmrysotWULnfqYpxFM="},"public":{"type":"Buffer","data":"bSeQyy0y+hSDv/GE6tZj2vNQnl/PXg5R36PRE0FkIXQ="}},"signature":{"type":"Buffer","data":"Hvc7KIrT9jqeV5NXp7Wgtze5FE7q6eCEWeS/cUTe74xvYoSKqGagAgnXN/J39fxfY0RrJ3qrevp/P3lQqYQkDQ=="},"keyId":1},"registrationId":131,"advSecretKey":"5JyIom1Vo3nrlMuAZq+0lvfLkUQbp2CmXL9hk54KrQc=","processedHistoryMessages":[{"key":{"remoteJid":"966538437421@s.whatsapp.net","fromMe":true,"id":"65ACDE8C5F17861DCA5917B0E4ABF405"},"messageTimestamp":1737189226},{"key":{"remoteJid":"966538437421@s.whatsapp.net","fromMe":true,"id":"C70F5B8A9693CF96AF1F1E21FD3E6F95"},"messageTimestamp":1737189227},{"key":{"remoteJid":"966538437421@s.whatsapp.net","fromMe":true,"id":"FE8C6F9F0F2FC81C23144434C8154CFA"},"messageTimestamp":1737189542},{"key":{"remoteJid":"966538437421@s.whatsapp.net","fromMe":true,"id":"92AD48BE83CFFB98708DB24CA458A29D"},"messageTimestamp":1737189703},{"key":{"remoteJid":"966538437421@s.whatsapp.net","fromMe":true,"id":"A5EEB85C78DA365CDD0C70B80390C8AA"},"messageTimestamp":1737189707},{"key":{"remoteJid":"966538437421@s.whatsapp.net","fromMe":true,"id":"3B0D4BB37B3E455E585CC9C8EF92856C"},"messageTimestamp":1737189710},{"key":{"remoteJid":"966538437421@s.whatsapp.net","fromMe":true,"id":"19F6AE376C7C8D0DF6E177F94E726069"},"messageTimestamp":1737189712},{"key":{"remoteJid":"966538437421@s.whatsapp.net","fromMe":true,"id":"4172925F6554039C4017E5EABFF51946"},"messageTimestamp":1737189714},{"key":{"remoteJid":"966538437421@s.whatsapp.net","fromMe":true,"id":"5250AEAD4E07AD1CC60ADC35AEF77493"},"messageTimestamp":1737189839},{"key":{"remoteJid":"966538437421@s.whatsapp.net","fromMe":true,"id":"93C829E54AF40E4F9C67FB0953D7F1A2"},"messageTimestamp":1737189839},{"key":{"remoteJid":"966538437421@s.whatsapp.net","fromMe":true,"id":"E10DEADE86E27683E6277BC525CA6AA4"},"messageTimestamp":1737189839},{"key":{"remoteJid":"966538437421@s.whatsapp.net","fromMe":true,"id":"DB73B132CD459F27734E020385F852BA"},"messageTimestamp":1737189839},{"key":{"remoteJid":"966538437421@s.whatsapp.net","fromMe":true,"id":"1B08D0BE886E635EB61470CB3CC9920D"},"messageTimestamp":1737189839},{"key":{"remoteJid":"966538437421@s.whatsapp.net","fromMe":true,"id":"39B90246A7C3E31E53B432C4A88AE3B7"},"messageTimestamp":1737189839},{"key":{"remoteJid":"966538437421@s.whatsapp.net","fromMe":true,"id":"603D25CC1A0F891784ADAD90C3BFE67E"},"messageTimestamp":1737189839},{"key":{"remoteJid":"966538437421@s.whatsapp.net","fromMe":true,"id":"CB16C1FEF11F0C920F4BFCA5EA8CFB6B"},"messageTimestamp":1737189841}],"nextPreKeyId":31,"firstUnuploadedPreKeyId":31,"accountSyncCounter":1,"accountSettings":{"unarchiveChats":false},"deviceId":"lXzkyOspQ1OXGbeExpwzHw","phoneId":"3056f731-2f96-4f18-a8e3-d7e2618dfdbe","identityId":{"type":"Buffer","data":"Ncvac+vX/P9LFTL62hVaGEHgXu8="},"registered":true,"backupToken":{"type":"Buffer","data":"l3HOOI6opAEaBw59angwhUh/hQ0="},"registration":{},"pairingCode":"E1ZDA765","lastPropHash":"PWk5B","routingInfo":{"type":"Buffer","data":"CAIIDQ=="},"me":{"id":"966538437421:41@s.whatsapp.net","name":"𝑺𝑰𝑵 𝑱𝑰𝑵 𝑾𝑶𝑶","jid":"966538437421@s.whatsapp.net","lid":"278434710343685:41@lid"},"account":{"details":"CIfGudEBEMnOrbwGGAEgACgA","accountSignatureKey":"EICc2p9eWa58MR4UoKOyU2u0LmZ5Wx30W8F+QWPMDmI=","accountSignature":"1TSx2q6m/Ej+9DCyNfWMlbe/En9U67wKhHcT8qZAVeqVzqvXzJyOVPLplKC0Y7zGSS4Uf90pK4lNUmcOKpIyAg==","deviceSignature":"4tZ92X6JypGM/GxqYiZG60vV1iOphWffC93H4amTfJUOvleDa8d8NzVRkKQf0DXjuodJwJN6c5+eKdTqT7RgBQ=="},"signalIdentities":[{"identifier":{"name":"966538437421:41@s.whatsapp.net","deviceId":0},"identifierKey":{"type":"Buffer","data":"BRCAnNqfXlmufDEeFKCjslNrtC5meVsd9FvBfkFjzA5i"}}],"platform":"smba","lastAccountSyncTimestamp":1737189197,"myAppStateKeyId":"AAAAACWM"}