{"_sessions":{"BTzzv96gbhYtECzwULj6CEKmFITNLBlP/cLIZ/62dG5r":{"registrationId":62,"currentRatchet":{"ephemeralKeyPair":{"pubKey":"Bc9wTuSS1Q/s8ZDvqeEL4grWc7DWFlyNiZZBRBSRVGFu","privKey":"sLsfahTd3rQ5LY6ocQK2XhbcYlMhrnslk1etEb/CmGI="},"lastRemoteEphemeralKey":"BezEIKM1Fjt7xSl6QPDkeKwZoKiyGGNhFWHlEUUKoWZv","previousCounter":0,"rootKey":"Zam6/PUEUuxVmoOumdCmGdldp3Dfd3ojIMmR5+KgSqk="},"indexInfo":{"baseKey":"BTzzv96gbhYtECzwULj6CEKmFITNLBlP/cLIZ/62dG5r","baseKeyType":2,"closed":-1,"used":1737189241539,"created":1737189241539,"remoteIdentityKey":"Berfh8EZZDQ1C0FrSfrSeBmKPzXzabenhN1KZmJRbrwo"},"_chains":{"BezEIKM1Fjt7xSl6QPDkeKwZoKiyGGNhFWHlEUUKoWZv":{"chainKey":{"counter":1,"key":"vlsLCVot4N0EE/5/FhuqIAbXHctBCGtyQBfZfOULL5U="},"chainType":2,"messageKeys":{}},"Bc9wTuSS1Q/s8ZDvqeEL4grWc7DWFlyNiZZBRBSRVGFu":{"chainKey":{"counter":-1,"key":"5mJKdRo4zPEaS8VdJTc6c8twQA4XtWIb+KTeK4OE2Pw="},"chainType":1,"messageKeys":{}}}}},"version":"v1"}