{"_sessions":{"BTw5sG61q+a0ItLbdGZ0oYRNTSvBIYoaQFfRg/f5El02":{"registrationId":1827351600,"currentRatchet":{"ephemeralKeyPair":{"pubKey":"BYIYnOrZWClbUbIY5MfYUav3Psj2NUqdGbJRsY0S6zM+","privKey":"CDq8u1Oq7EcIGirYShYIiIn/wKImusMTPG5BBaTwHFs="},"lastRemoteEphemeralKey":"BVV8hj+P4wE8b9ci8BWbljDMhpGMiHIk2wsew6Nmz9cf","previousCounter":1,"rootKey":"LFLNtvtceGCTIOxvMNjpFoHaPpShguUuoadMqhA94A8="},"indexInfo":{"baseKey":"BTw5sG61q+a0ItLbdGZ0oYRNTSvBIYoaQFfRg/f5El02","baseKeyType":2,"closed":-1,"used":1737189849447,"created":1737189199025,"remoteIdentityKey":"BRCAnNqfXlmufDEeFKCjslNrtC5meVsd9FvBfkFjzA5i"},"_chains":{"BaBUnKC/xnLa9dV3xeggB1v30pR5cHXOHl++Cfa140ZV":{"chainKey":{"counter":7},"chainType":2,"messageKeys":{}},"BXbz0ZC9b3hieeartwDmMbIJsTJHtcBZIkxTQ3E+U2dT":{"chainKey":{"counter":4},"chainType":2,"messageKeys":{"1":"7IYOMh89mWoLErZs9yfGxZx8f01XRfxSJ92cGaHdHCg="}},"BVV8hj+P4wE8b9ci8BWbljDMhpGMiHIk2wsew6Nmz9cf":{"chainKey":{"counter":13,"key":"J8/VU5VXIRTvSzNEijlVGCeAH5rPTPrju/4Nt6Af7gc="},"chainType":2,"messageKeys":{}},"BYIYnOrZWClbUbIY5MfYUav3Psj2NUqdGbJRsY0S6zM+":{"chainKey":{"counter":-1,"key":"5icdZcy1BjZ2l8kS9h5ccZgJ0QGG9YcFrRKreoFHlY4="},"chainType":1,"messageKeys":{}}}}},"version":"v1"}