{"version":3,"hash":{"type":"Buffer","data":"tTmWgluC2dJ8ETcrLK4/iigTeiC1yv1GN814Y4TMku5yfzgw6d4h2x7mel4vabXMlE8u/KMxhiUqfGpAPmxz4utSIJDWVCpXoj7nsGww5lJZpRF6M9BqRzYIoiFIJZRHQqo3i/z8EDVFIHznyLfzaFbvVRK9VrZVnPCHBZJkW90="},"indexValueMap":{"6bDyed0MQFe2bnLln7hzVXHqgBR03uroZy4b0PDX+gE=":{"valueMac":{"type":"Buffer","data":"M92oqc9MKtsmY5BS7/PJuo+rEp+njXvYWWnCjLJnp5U="}},"WvdpSlg+VImHex4asttz/66qTwz+vOXAHYPZsAJsk8g=":{"valueMac":{"type":"Buffer","data":"bmDtBIMmm5do/9yjZkmxX9oFI6iBlonLnZ86zGu3FRI="}},"JPIM4kfrDay/JIUSpBb7DDV4aK3zJe8SRuvb7D1QKI8=":{"valueMac":{"type":"Buffer","data":"sBSBFRBFzSJjkIer/ZF00txBXFc/6u1kg00H6/173UQ="}},"2Ga2ngP39Px3AO6ry1Abz6n2wRCaZS6I6BORF0BMZhs=":{"valueMac":{"type":"Buffer","data":"uAZLWaQbrIBKbXybYJnWcpxtQL2no2HN6bguC0BxILI="}},"M0iQd7HyhX91qZJjBEvocNAgnniWh+OMBVYFq5CA2MI=":{"valueMac":{"type":"Buffer","data":"bOvPH9iPKqD77GTDrQ6/Z9ld0v61VN+T0o6RXjK+P1E="}},"AxApNTJaufRBcCyIZ5PFmNXEuOU+sWCud2dPQlBTHrw=":{"valueMac":{"type":"Buffer","data":"614LkZHrpHjzeqSnuaYVX9Kr66txCkE7X8lclJZ9tWg="}},"RjWvScMjjvwYFEPabMYrAMoEGFbBmjtjVAKPM32+TNw=":{"valueMac":{"type":"Buffer","data":"N4G5OJgWZ95x2IRqD43AoJJHONcdH2UEV/Kb894ml2M="}},"LVxNgKtmQ+FmMF0YdkRcj75y8MrgnHrSE+BGOYSGsnU=":{"valueMac":{"type":"Buffer","data":"v7qUznpSNHIjUQILmyjH1tIyjPralliXYT0IWHjfQ7w="}},"3VAJ75jKFfJZnXsnZo/OuCOxtmbH8RmXdWymA0aCS8k=":{"valueMac":{"type":"Buffer","data":"BAb/QYp57TRBUWm8l/9x9XrB3xIFoahsmz31s64B+Dc="}},"r8LZ7M3dHr3LJtOGBWGQNN89KyViLz/qRx+xAlMqpfw=":{"valueMac":{"type":"Buffer","data":"LyKe1T6MsslghhTbuTSTbdfeb9gu2i7TKeCm9Z0Hprc="}},"jm+agJDNiN8dN3huPk8A5KILRunhZrz/yLYyUY+5q90=":{"valueMac":{"type":"Buffer","data":"vkZAfjANwWq85kbMWg5g819jv7QV7X4D/37UCWMwvyo="}},"i2tkSw+hoEXJceOhRXbDoZkOAltwOugpvgUGlrqEPPE=":{"valueMac":{"type":"Buffer","data":"JI9RF0TaHsBwOXt7IT49MqVzGM+c+/t1scu/he33mlU="}},"Ggg6sMj+5J6iIKBW8OV8EO+hQFRhACAHTTGN0xUpTno=":{"valueMac":{"type":"Buffer","data":"I1ue8IXOSI59NUOqnFcYNkz4NZjjV2xbItxFSZlgabY="}},"STp7u1TUf9w5D5NGEzpPLEDxWZay2pEbgYRhPmzUXyc=":{"valueMac":{"type":"Buffer","data":"vtBD86K0OwTwgM5HGpEEL8C6toQOWoBackImXVzYPZk="}},"yRt8zkmb4RF5k/kfRDBwaPKNHWnX9Ir1zHgQx4r9pGY=":{"valueMac":{"type":"Buffer","data":"LyVG0oB4nnEG+uymkTgTF+7szJmZqxQYPDku9GgDftw="}},"azVravSidflsNxCXu3Txe1ggE1282IusJ3i1HC99yLQ=":{"valueMac":{"type":"Buffer","data":"UUQsm47sAAqcOVBI2j28A7eKrqDKn433hpJ4UycIWtU="}},"SAGwqCTW5Pvh7RdSerH1HtOc8PWZ06Ds2hQa29wFpts=":{"valueMac":{"type":"Buffer","data":"SCvvgEat2jvZAtkmT275Bf/B6MF27wZsolMGO2l3nHc="}},"8MZwyOWtjUnizi5cOnuAAtDfDhu+l0Qd/AZhJ11XBe0=":{"valueMac":{"type":"Buffer","data":"39povsmYXFtqmZ+DEa9tZdb+HPlRsWy+o/LFshN74ew="}},"OcuOe2LazzUbHsVM4ubNIAQgUnKuI1bYkrnzapdLYx4=":{"valueMac":{"type":"Buffer","data":"bVGzNP8HtCuUIIUCz+x3eij6IJVq1ZrgT9q8N2MTCAk="}},"s4s0HxI/TLFKG2AYV/jKrSKMznvZdLbHB+szUgVlsHI=":{"valueMac":{"type":"Buffer","data":"qeiYycfQF04xaYLgkyQshZJpLpOCK5ymikaPE/bjoq4="}},"AY4Wis1qXZ9Ve9YRI0x+UAOa1m9Vz/IeCrCqHVFLKFw=":{"valueMac":{"type":"Buffer","data":"a/1ggvF0pNxqQ3vJhwgwEG6lt+2O9CQc3n7Q10tTxsI="}},"+Q3DgFtAoE4b3DY7v0sVsf6TL0Po0tG9t83Os1EoH+4=":{"valueMac":{"type":"Buffer","data":"LzE5tHrEOdS/mCMaOx5+VYDfhzXZ95b8JMPaPBMqnOs="}},"QRqJQpQdK6UjsdaZlozEpkwh8Jwu7k2ii04V/BuXQ18=":{"valueMac":{"type":"Buffer","data":"rMRffGUkygSCHg9RwdGOk7oU45B/e2xNeoWahl1mu7E="}},"LfH784uO1Eavtgf2d87hSzSbaHETkU5IqdldR6m4VzU=":{"valueMac":{"type":"Buffer","data":"+nt/ckfoOf1ilHx2Oj8TEdzx1fQ8cLDMJxpzCpGPzEU="}},"A1xW2CUrob+xW94gqSCzc1FUlDT6DkbV7UOE1OUUKe4=":{"valueMac":{"type":"Buffer","data":"0XDBPkyp01mGblKg78qMiqUfe5oI8VKTuoPZEyTNHcM="}},"rst85eJW+kBBSyP1zBZYrutycbFpKxQfxxKIINAOHNg=":{"valueMac":{"type":"Buffer","data":"c31O3JK1AfRjJtv6cRB9Hy5/3sjMYTiK6zI6FURsVhw="}},"B7vYAv3ymgo9g2rOegIgi93+WyDoPUcSbY1Rguqdbk8=":{"valueMac":{"type":"Buffer","data":"yJdwBc9R4ghuQSgSDVArbOKmbKEzXqj1ORR/U4DxQXg="}},"NHpopwutBBSRS1DUsbrDhjBgKeRaLVGxQpsLCtwXz+M=":{"valueMac":{"type":"Buffer","data":"E1KA1qvnAQR+sF4XMT2Q/UCCeZjLWzx11Em3pkUP1LI="}},"m8PSMco9lXQfkO2t7qzW4ifNnFsHzHZRJTIaf7sqV7M=":{"valueMac":{"type":"Buffer","data":"ABH+F84JnOB36ZtwdoNZ9QshIIx25jrJrayxi4WqBmc="}},"q2LtHDswisMKOSCav81ma+U3jfNx1Lbufm05s0pmAwM=":{"valueMac":{"type":"Buffer","data":"OH+yv4cFGo4guiv/qxYbq4XgJxqZbvNjM9NYYcqaevQ="}},"IxuszAj3pL2uPWkYRYbG0+haEJrxlWznvI7GhThDMqQ=":{"valueMac":{"type":"Buffer","data":"6P7LEwgJZOSZsIHOFije/eguGmlQNb9daC9tCa+XU50="}},"JI9x+5R+SMwCQ9X2w4Pd2jmdGF9rsTfZD+28bAXCLWo=":{"valueMac":{"type":"Buffer","data":"I/Eo5L8t5KAvH9OKN8RQZobmCYOVT2SyH3AvF+7Xnqs="}},"UB2EXtFVNU4dwW0eFVI05uBQo1vtGDJwgk7WxItvcIE=":{"valueMac":{"type":"Buffer","data":"9gs52DHz0lD3rZiwROXDYh04g/RTCm+8Qw4MJqdE4VA="}},"reo8T8KiZooxBVvMtRWlsUlQ5XSF5mVfZD9dTeoTLkM=":{"valueMac":{"type":"Buffer","data":"v/Dev319F8MBht7cB4GlYqZwzOFz4fh7vz7kJv7926E="}},"ik1MgWISS6dqZWVYW7OMXiXZBxIIPkhNL4+4QmlCkfs=":{"valueMac":{"type":"Buffer","data":"UeMa89WGpTaDixzkv4tSaWWmagDC6NLikUxMljhr0QY="}},"8eu3/W8EDQGkzFzEQSCnRaynUErBWUrjZKf2yV6cqfs=":{"valueMac":{"type":"Buffer","data":"vSOAgSYuEKZVd3KYVGsM6I/5t80FEZBwoZGJ+38+G5U="}},"Hfo5X6qgJtGbm/cyVbbfNu6DM2R6dDgvI8SpyHHkCZk=":{"valueMac":{"type":"Buffer","data":"6nV/seXWzuE51rDhmNBNeWJ3CFcl4bMEVlSXJ/5YE+0="}},"lCLfe4fJ6K+AyG251h18sdh/0J96JEgxtjOL0ni8mUI=":{"valueMac":{"type":"Buffer","data":"bH8CPSVRPfYpUyN62mV/gcSkOo+ErpXpkl0BWt5n6+c="}},"kL1+7RM22/wGC46a0hHTUtW19szS7g+31NJgh9kkoLo=":{"valueMac":{"type":"Buffer","data":"gPjVD1iwFNNAewe3JC+ZjHDFoqSZ+wTgI7mieiDo1rA="}},"JMD0T3YWprRL+acZnFM/c7sO8UKUlsZCTeDQzgcZUkI=":{"valueMac":{"type":"Buffer","data":"musW1uC23FG3seut/cb1M9Xys0AGoqubDpMzN77HW/0="}},"6bJQM/h/c1JEUyxKgC3c8XYmoPjdea8O2n+atjsfiKE=":{"valueMac":{"type":"Buffer","data":"1CQHuWQVz+Mr0SdfvNdRXhKM9GQeDu3A3nH7yEeyzv8="}},"SJd29TkZQrGzWqJHBBByNIJuCIidGoaozTxjoR0ODo4=":{"valueMac":{"type":"Buffer","data":"XmTmB4HV6FcgC2gClwAS/rweclsf6R3k4/MK2w3Lo50="}},"JndflO6cqMGjfCNnt/CMuaAkaB0ghhH3e+44s0JX3vs=":{"valueMac":{"type":"Buffer","data":"wJ/5QapNqwEB+ygTaVxtlDcofP1engPK5fsopqsFl3Q="}},"TYKbZj543IGDSFk32+e8Iq2qqkkFdJBzNd2XkvZNBK8=":{"valueMac":{"type":"Buffer","data":"IjSLmd7bSZERSBHfcYFsjItlf86Q238hI5g0X6Ae0lk="}},"orSlnZBymcZvgK6FbKMjUZ/6q+YOfBmryXXJ/d17yBo=":{"valueMac":{"type":"Buffer","data":"+3M30i9qK9b4N7UNemEXUOad1PXN1bAAJC609rR2RRs="}},"OcV8E6hSbGj0cynqURcn+Yo7GT/HNBiZUXnst+jX8N0=":{"valueMac":{"type":"Buffer","data":"99easFqgEtFPx6rkyO0Zw3ourQT2Vg/BrTNuTyqUlEk="}},"JuLqZYkCqwfNZHyTpFr+fBI4QPc8kmQI+lkOeCo3c/Y=":{"valueMac":{"type":"Buffer","data":"9+A+togDjWN5tmhTi5Oc3BCPxVU0x9nGV90LoGHHTNY="}},"mWUsAU1RU8NCwCP9PPw7QK8TPlYq5dzrkPDpoNrEIhI=":{"valueMac":{"type":"Buffer","data":"QzK6wWCaBSJse27ZkXAzKtYrBXJnkd6Akv9F1w2BcyA="}},"6N4YepA4I97mgc9fEGelV/z5d6zcOCm/iaaOu5QPlio=":{"valueMac":{"type":"Buffer","data":"XAWYvlf9YzjcM1/OGaoXItLEgbnruf61fsAQhqGHAMQ="}},"ZIRNgKdKlXmj9YA7mK/jedqIQj68078NP499eCR5upQ=":{"valueMac":{"type":"Buffer","data":"lDKtdQhMYTjIPO6GF5NXtG/2842uSd50BK4yux2Lk24="}},"yn5NziVP4znlOo2uFCrKP1skPzzquLI+uogk3Ma8xQE=":{"valueMac":{"type":"Buffer","data":"tsTF6AUhue0Sp/wURVm4lK6HunkO6dvBVC19vY1KFko="}},"tBXFHkUUOBqDf02YEh+Z+UbX2qMCG4MqMb7h3VAhidA=":{"valueMac":{"type":"Buffer","data":"5PxFCuEqRQ/cCRZmCqh1UzzlIa1Honw+WqWGF4BDLDE="}},"nPEbY0lfaggc2w7pkyO21x5+Fmm7flXyFBGG+OMVeuU=":{"valueMac":{"type":"Buffer","data":"l7sKVYUyUqR8rIg71w57HAjMAaz2/oX8cGvHhl1ab+Q="}},"1dArQMKA1ZaaZn04LAdtlIENr69/uH9QyrkfD5qx3NA=":{"valueMac":{"type":"Buffer","data":"J2ajeojf9UrtV3aaeoaSduEpF+BSGQhos3HX0es/Nuw="}},"YWGnK5wLJz2U3voyhko1qbFv3aXoNfWb35CN+bjys2k=":{"valueMac":{"type":"Buffer","data":"fimx0Hm5Y3tlzzlPLUAxsdINQOKQUij+V5N9smBAS+A="}},"ldoWE1aVDMdIrXNGhdcqnQkJRHBEmSaB+yYObf+HT0k=":{"valueMac":{"type":"Buffer","data":"Icqk9o7xtU5ZO4mHTSkARyv3Ytz4bXy80hVtxgHrcfU="}},"4ILUlcfRpM8z4KE8W6arJX9l2qzpXwRUoJ3py+sfbiE=":{"valueMac":{"type":"Buffer","data":"eYhfy4JF7QPF/AIII3ReW2bHqefyQ+DEmSts9i/iWkc="}},"oSNQln8543CoRiZkj5U8PACbg32kIYT7K2afLG2EXng=":{"valueMac":{"type":"Buffer","data":"WyGSglsCelAegH7Vo8MwssVSivpi0gTuXlf+sNqTwQ4="}},"OVnBZpLnCP53257j9GKq6p2mv7n4vZv1utESxk4Mto8=":{"valueMac":{"type":"Buffer","data":"A42M/7OA4ot1n1z3pqRepYtORnT2kKd1RUaEuQcH/QU="}},"1wMxX8j9z4TyjUsqn5lsjKb0GCkm5YoFMQtYVe3ocJ8=":{"valueMac":{"type":"Buffer","data":"5TfVAUbuOedBJhZ/ry7Vq5+tRfijdgAYrD78pLTwWkw="}},"NdVU9qEWOjxPw3QxKjArR8z5FXcV9gYX76onTqxbWsk=":{"valueMac":{"type":"Buffer","data":"9RaWtz9k6axKN0VsO96+eCjbdGXCFrYgVFshWSJHk7k="}},"YsSaQNH8C6cFsP1wUnrBg5m1MuonSK1CykI2H1EjNZU=":{"valueMac":{"type":"Buffer","data":"V9gjp5vG4BjtmE/BoggYg1LCJrusFAnVmfpw1ILh4Bs="}},"cD7B9rROM5/Cy2X6XmovtLZdXgIm6ey77cFNDBS+h/g=":{"valueMac":{"type":"Buffer","data":"oY8sNbSMa8HEeeieCtVZ1LN4IOpWDzVezB9JrsCq1gQ="}},"TLeBx4fupVFR+nXQrhREOeeQ2GIIShvEeKJ2xe15uMY=":{"valueMac":{"type":"Buffer","data":"YLwsOAZfpxsLZknbrktzLSjSCEFEuPRNg2/Lduyr7BY="}},"ZH7vMxugernqraGM2CK1U9gPTIg1Qu4lVthD5dOv2Z8=":{"valueMac":{"type":"Buffer","data":"rj8GT0jQHTVNHOlODQGyanPfCM85wq7CaegqEkEnEq0="}},"+auHwnFeWOtTxNxJl8vEF/3Y+yUXDLdOXBHwI9ydHsw=":{"valueMac":{"type":"Buffer","data":"W1YTQUpr41SievHAVfYVwtF3gJk/mtJSDHGcNOUTyC8="}},"QXtotgn6ZhvvJ8X6QIYlraVZ2gAkyvIroqW8bZXpVNc=":{"valueMac":{"type":"Buffer","data":"GaHHAW3jcMcbJyAiTjGKpa/brblHzKshq0I71fJMxA0="}},"r4DwLpUYw1FiYqXCfQtoFBD+4EAMDv8A/wMpIeJfESI=":{"valueMac":{"type":"Buffer","data":"B8zb4YIMIx8Fg0uCQidoa97VRlM+6vyv5Xq+d95bY9w="}},"xXRNbU01HWnkHnuCo6t/fpB1FJ1FNAxwKR+9He5LNqU=":{"valueMac":{"type":"Buffer","data":"23auxR4ILdjtfdU32YoVva8AS5qB48JF49zWwVtSsxM="}},"VVzSTGkxkINkbqFdpuXZbY48jFMSWHDwQjbpfYB9zCE=":{"valueMac":{"type":"Buffer","data":"YjKhupEWHOdgdJSCxZcKnyzE9f4C+6LHmRYddXp7OBQ="}},"VeS2DUfbRY7Nti3QWEQceJCLaV8X9W2o46n1u+io4jo=":{"valueMac":{"type":"Buffer","data":"CqN9dRYp36sTZGquqPh8lDJTBN9Ync946S+mMMS5U9E="}},"pZArW06r4mis+v7EnYL3IEEZrkddnnezKcl/60edPF8=":{"valueMac":{"type":"Buffer","data":"H1y1mM6biCFGsuN4TE5YsIqi33+XOWXAgPSkcL6ngeg="}},"BE3sUYOsc5iJo3RKqjQvMvSXXqZjjamf1v1xmE+kgdI=":{"valueMac":{"type":"Buffer","data":"95ph6kvEUwZ1mBpYwbIqe9Z2FZM+yxoRyKX7U8BrsL0="}},"jazNVNgPEjEcVLD5ge1KOjScZDhk+PYv3yI02tlhx4I=":{"valueMac":{"type":"Buffer","data":"dFU60MpmQgiUvN9jnQzULiMTNErG7kpBJdI/wjdj8lU="}},"ArNJL4JPnIfKSJiRHHlkZFns3y5i2bQ39YY4j5gPbXs=":{"valueMac":{"type":"Buffer","data":"yMR0kIWBw86KZFaEfUgZN1iPtUjUHmryIcMDQmgaXq8="}},"R069ESrh6zXYid/jN3JtQdaFWl5GUrajrjbZSLxuPNM=":{"valueMac":{"type":"Buffer","data":"X3OAmJpMzaCa5DqRdYu6vIrUHql4DId9waxD2+7UmFk="}},"DrE6TmwW/h2uZnjshD7s+NIhZE6HJ1cnafOpgWqnIcs=":{"valueMac":{"type":"Buffer","data":"eGR/RbawUY8O9+iKupo9WW9aoTPBJGgp1tvAIXoGXeE="}},"8QxI2vhhtM4oJCWpT2FlGBjfsfAHTvjuqaeLpY24MzM=":{"valueMac":{"type":"Buffer","data":"ph/11OS3EM/smZYPlsLTAg3RmUuZ6Sq7ofCM3LbJVtY="}},"bQ+dne9ZTdt4nXO3GAy8iX+ldghf57S2yPAE/RsDHt0=":{"valueMac":{"type":"Buffer","data":"HM3jCWmjICqyXt1996L8FWt70N5tW0QwAMAVHlMR8rM="}},"NFuio6RAhxYzAAD9YHZz/nyQJbQ5wQlHCodDXGbG/X8=":{"valueMac":{"type":"Buffer","data":"12cqetGWtCgWsMtrgAkCCDDpeVgN1Al+m6+sBP17ryY="}},"cQeWzucsLdql8Cg4GcTjLVQKyyFOnIMzwmZtfChzC2U=":{"valueMac":{"type":"Buffer","data":"cjQU/6nT9cSasGGw8V49cZKVEyE31sAT2SAPM1HdXes="}},"ufUz30rfMoytS5WvRdqhMv8YnCF6dCDCnTIlIif9Rzs=":{"valueMac":{"type":"Buffer","data":"RQ0d5+eOhu9oILSAB8Dp7fuC+P97WshdME5l6PuR2jE="}},"ZmmGoIFJcxPF+V2Eu25BR9oyU+bHaVEVWUprcEOgpss=":{"valueMac":{"type":"Buffer","data":"WzrO95aNj2mDg8J4uYVSToYMYerW9cJeAKmqF3+Q0Qc="}},"/hii9rquq4WqLMiObpsAue8rxjgrId/6JF2ggr4kTJk=":{"valueMac":{"type":"Buffer","data":"aQtafiq15ZJ+v+oTSt8bMz1L0bU4fFNDfTnw8aKnu/o="}},"oORlx4v1q+5ygXmKDvc3/0B8EdKIV3tjGjM9TNG1avE=":{"valueMac":{"type":"Buffer","data":"a+I6D3XVmIBbENyC8cQ3T7gEchHY5ms2kYCrLFOWJqE="}},"DIfYee8CZia6/BdyXaGqyaTVWarB6atoxb7JVWKtG4g=":{"valueMac":{"type":"Buffer","data":"XzZtJN2f+9bMpajLgIO0GrUV3Wx+zD2QUuSmZZ6VZEc="}},"nGrz8b/j/fk0Zm9QdIlrG6GiR1fsbjkymi+5c1naX5k=":{"valueMac":{"type":"Buffer","data":"T1DymZk7YtS2hPOChwFjyWJFqmskW9iUCE+RGXzCNCU="}},"EXlX6Gd2BEiYwNiSN+x1fISCqg/zNRR24zJ1lqUeIOs=":{"valueMac":{"type":"Buffer","data":"AhW7nIX+KZr+tt7R4UcxzgJQfYKL+fgqIsQ2Y79tmQg="}},"mBDr3Jjo24O+Y2qmMQKVR+Xm0pYBVD29sJWnnXXjRII=":{"valueMac":{"type":"Buffer","data":"gMiMIziilDcxbP9WBBqfMM6TaDB/8kl8an/Vc2QkusA="}},"qB7eigU7IQxJioqSeWxhgm/j4NfrLpphTMe67Cw6F2w=":{"valueMac":{"type":"Buffer","data":"DfiwID0xKkt2/YkJlbVYipj2RdMBgsCQoDUe4xk/tfw="}},"PSXp8dYlLenzni54bwREdHvlqrN7DRTUTucz7U9J1rQ=":{"valueMac":{"type":"Buffer","data":"B7R9eq7Vpe4X5WgVAo1dJ+DWi1xtxt498p/DI0cix3s="}},"//Rwn/2i1OEO2qn1j2z9gD8XvS75eWNFrmnaq+dRIhw=":{"valueMac":{"type":"Buffer","data":"Xw7nL7AyDwZ6PPorUHarTRn/lke1kakR95dDLYw5iGc="}},"oi3z0xYW2M6Cq0TJhZ+5EyWDvivMLjjlDfyuk/avlqk=":{"valueMac":{"type":"Buffer","data":"9aGgFSpgK6J7/w7Oxnwj4+AclTQ4RyBll8xsHMegnLM="}},"/x2IJ2UD61c9mCo1FdTYgEGGMGPDn8vXIfE119b3K2g=":{"valueMac":{"type":"Buffer","data":"rI1EuxD6L/EXXpomUFMQOPrZ2tWx6kktaKrWpqBFd2g="}},"XwH548qKxhCVkhPCvRoKMgYbvpZ6ietvrYiQcXSolpM=":{"valueMac":{"type":"Buffer","data":"ekEim6Ci6bdwrCmreK8AnxT4kmxAg13pymff/hzg86Y="}},"4MDEE5kfm5IY6VpM1uQZQ9cN1YKhVpf9jFhKzneaKyc=":{"valueMac":{"type":"Buffer","data":"MfLZP4NJWKntLR4F2ocK2HJZNdHC1yAd3JKhw1Sf738="}},"p/6kkgRGWPy/HcZ4q0Dd56KB4xrtK7H8HWQvqeCZSSQ=":{"valueMac":{"type":"Buffer","data":"sR+DMqLmm7jAxH6K2aXh2iY2/5P8pdiCJPmBYGNxY+Y="}},"IN1IAoeSELhOl0X6aWO8Y17yXb40oQhD9SbMXk6u4Lw=":{"valueMac":{"type":"Buffer","data":"Pwd7WroKtx91hN9+6K12MzXh+whYuVxKFK+rSOWQC+Y="}},"m68Ys4PZ/GT2cm42mDj8IpaMJKi0vc3R9pLqAa90P1w=":{"valueMac":{"type":"Buffer","data":"KGoeqyKUSi6OeRLWhOwWCPSmCHsio+A7zwVErXWvvoA="}},"Miuv3GVNZbboZS72VGc2qDfNpkjkRNuKtyLuBtXlUrM=":{"valueMac":{"type":"Buffer","data":"/xDDg3Nv126asmjaGmR9znYNd1+ZZjEgDReGlRSPiJk="}},"t2X7L0BDRSdZ/o+H+Ur2qFn/AFh1YceRj1BPYj2LzBE=":{"valueMac":{"type":"Buffer","data":"YszvtWVnEsF1TKfYhHM42dTrH16QYXQBIK2Llw0YGcQ="}},"GVkYPW+6cbrOp8D5PW425TITCllx23xcfJwYfTsa344=":{"valueMac":{"type":"Buffer","data":"x5THeuoVJcpmgCIGP+k6ks1E/qb7ioRDju5Rcdlp3gE="}},"0YTwtEqC45ZtoV0mRvWqBjZban9xfgHc4D0E5PTC22M=":{"valueMac":{"type":"Buffer","data":"hkYxliEWk1ScyPX/O7CfBudSor+0zcd9cUnxXtm4CF4="}},"MpPOhWFm4ZGg3pPl7318u3auOahWxxKyhbOOJrtoWTM=":{"valueMac":{"type":"Buffer","data":"o3rpkI3U0z6uR1bzraehYvEdrnHaQwUOfcOI4DOcSlg="}},"4Rtsaq+rgckr3EDMu6x0E98E2eiX18MDrnzrTRg90+g=":{"valueMac":{"type":"Buffer","data":"f9tkv02nyYath2ne7ECQ1B5NkiG2dbG1AWEyFP2xkW8="}},"FVa/WBfJxLpPA48SoyD0IYET7qhrAXH/s+WaeuGNQtc=":{"valueMac":{"type":"Buffer","data":"5Up7CoCcJOfbVHIK6v2F7/7zOvJzaElGe9JJyMxYqgw="}},"90CMiBCFSOs2v54T1XxVauXZOqC+6JbFkbZ8SNq7kBA=":{"valueMac":{"type":"Buffer","data":"XgNLMl6op2KQgrGiO2tMtEB5Mgy4ewxkrF9RH/HB42o="}},"+/Q+kma8HOb/uDWqlC3g/f4QZRH8do0shExCsPGf6BU=":{"valueMac":{"type":"Buffer","data":"EMVCdt9GIhj2ZFe3oePUBuxHAGn9YEvnqZqwJYGqA6U="}},"ByhoCe6vh8lT+8W2azSZw6YTLggS5D+JlL9EqpPB0LY=":{"valueMac":{"type":"Buffer","data":"xNPGmnmxdX1cD9giA8vTOuVXU+FuLoRRfnqzaPY/7Vo="}},"S7wPg7iu5SQmUXdTpuoPNf3TUAs0LlQIXPw4nfeUagY=":{"valueMac":{"type":"Buffer","data":"Mcd9SIGJJQm/Z+5P4VuaRpfFgKnkZaQdW4f1t2YgYpM="}},"f5+m9r6RyfFvIAJDvUehuwIlXHRGC0VIyGLRPxEZwZ8=":{"valueMac":{"type":"Buffer","data":"VI8fY/BI4hWJaYFcOdsNH4oOf/7djfG6aNY/1aVzOXM="}},"/LskR8ImBj1yXsdmjXA66Ho5mfopdrGvA23T/Xp0En8=":{"valueMac":{"type":"Buffer","data":"MQJd+7nlNPUx5KuW/KrLMJ6Ovz4WPv8WsIo9LrGzYGg="}},"xINylf5zxRBMdnaq/9EGmaFYlll1OeHtVVdaqFKWUcQ=":{"valueMac":{"type":"Buffer","data":"fNRyEIZY66NHpfHlRFsuabo2tTzzs4Na0zCrRpxUaBI="}},"KPY9ZaiTGoWyaMnCaL1hU3iBzdb+sseEUcRpWcazpyk=":{"valueMac":{"type":"Buffer","data":"mJErm8OxbYGDDFrYbBjqbxA0F6t/8+yfZUKMz6lftk8="}},"3boy25UGRkrzYbmUz811zPUKQVSrYqbuzIuka+AX2do=":{"valueMac":{"type":"Buffer","data":"fzWdZmznWNZT55Eys0ltl+UrwOjGMwmp3V0r3E+66rg="}},"QPS9LyfbQT8pxPMqe8rX1G7v8GVgBnQrrw1MtApuJQs=":{"valueMac":{"type":"Buffer","data":"l8lJMFMUQtsyOLVQN3IGrDiH7K2Ohm9IT4jNZwuHY7U="}},"L2Y8FgIiEK4HRnDuPnedXRXttSHfS1aAe1feexAtops=":{"valueMac":{"type":"Buffer","data":"qmBLSnU6FNYNAouQuVhocc+5hcl0si4x6XFOsn/C4e8="}},"D9AOmWeGA0djr95UGjlTaW7+eRJ9Uyd5ZKxcn3jMrLk=":{"valueMac":{"type":"Buffer","data":"vXSSd+ZlGL3ZclsMePBANccoi/ULLHYDosDKkOQD3X0="}},"SKlPjL3avwXaM3CTiZywcCXJ9Qu3hi+l4DxRQf7veEc=":{"valueMac":{"type":"Buffer","data":"QlzuPQUX+bZ7lbklcGZ+b6ZcQFEzloymMUpnN69/LjA="}},"Q6UWLuaTVUrfAlWO86SUlqCjz/DzZXrb+QlXG7tl9GQ=":{"valueMac":{"type":"Buffer","data":"csBzrq93NC4q9r32XtTQnEvkcVKdziAxlQPT8AC2AFU="}},"fRiCQjly38IoSJM9Ppmc0Ov9EBdMfuM1U1KpFeOV8mA=":{"valueMac":{"type":"Buffer","data":"suEGnBE4r2ov7QigsLNuIL+CwUD7azUI25sh+OMbU8g="}},"RvNa/oTTXFvkWfzzyFfOIHUE1BRHwp9MaDJydaNU3pU=":{"valueMac":{"type":"Buffer","data":"VSDQQTz9EE8DdHFsklJRgqXBVd12RMu+pA9Z7dOngVo="}},"yY276dVrZcTb7RdYN5D6v9oSkIwndeeXZapmeL4BJSs=":{"valueMac":{"type":"Buffer","data":"oj3EmRM+V7vqGWBm0XqHXilIq9NVm7dVCH3pwsOX2/g="}},"9XZkDduCv/Z4SXTnnat2mih5xETa0e4iiil5kVpq8H4=":{"valueMac":{"type":"Buffer","data":"YysVeUWKhmX9w48HCF3K48xJe81XIASN3wC8KyL3tpg="}},"s8yiOKC7J14J/Y5gsKCYDWUH0THa5skCJaB/inEVmRA=":{"valueMac":{"type":"Buffer","data":"oBBPmqQIUF4pVXHQwp9Nbh6Zt/dfHyaZwKfXRDSCdpo="}},"I4R1cbfU0M0HJrnBiAi5EpO6uPpLv3cjlxeed+zV9jc=":{"valueMac":{"type":"Buffer","data":"ab//s6k7vepdgepWTvNhJARyJyVWPd12tEJkqkl3FCk="}},"gQMa8PxdzCqaqVrIQv4gE4L+dpRGfflQ6RblJtd5mG8=":{"valueMac":{"type":"Buffer","data":"TGm8X6csr0agHPsEkEGL9sWAwPA5mPuggDBcNjuihZA="}},"SPMmPuUvGcDC205na7QqWucyVFxfueTTNG9w/fQyT5c=":{"valueMac":{"type":"Buffer","data":"tco+23ug9/F59K8L6g5OSlNxRDgnkQesp5Q1bd4iVbc="}},"iu7sxd1mV8El8AuJ/yyGIf+xGA3gJmHPEm4HsGX/7KA=":{"valueMac":{"type":"Buffer","data":"xYKTtwGRLlvrjbug4bkjnZarm6s4C5NgzQtTxsfdF+M="}},"hc2ZKy2M+AGO1elShvlEnWdjZceBIJtIbakmemnO7dA=":{"valueMac":{"type":"Buffer","data":"ZmktAvEeGvIZ6yPPrqIUmcjmXKsWTaDj2ak3rTco0Uc="}},"t2WWix3dm0g7uoMbpAEEq4iUOA4SRwKLeGZM9uOVKq0=":{"valueMac":{"type":"Buffer","data":"s9qa5CvPfnbmdWZxmIJF8lLt02cXvK5mD9gohmn4XaY="}},"iTQtmAsT2uoYSm3E2BqtkE3xVrF2dqpUR3Ctsv0GYj0=":{"valueMac":{"type":"Buffer","data":"eF13oYDK1IwJ0ro74cPx+V/D6/VhZ1j04Ay2i8S/qwc="}},"e2xTsDOI9b/cDm3gAUCxaLGkdnnx6JvFwfNTW4dz0zU=":{"valueMac":{"type":"Buffer","data":"vGDdG6YqOOjpwBK7wCzuweyE1YZ0Uh0l2kcch5m9/DM="}},"tR8zJbqYAshD2J2x+yI6eNjrZR1iH0gWqJjmpIeK5gc=":{"valueMac":{"type":"Buffer","data":"qWLqRF2ybRkxuH+sBqU25/sFh5yrlheDq5LBwy9iPU4="}},"dCyJ/uJNfHYVxFJE/527T7Zpq40pzjV4iiezzXunMi0=":{"valueMac":{"type":"Buffer","data":"iIqXDLFN3ZPk8oQpQuYxZjo1YdsPMMDylCH9N7sI654="}},"TJ/czN9y708UWen+nJ7Gn9oBKSQ1HseX3QEnCqKmLa8=":{"valueMac":{"type":"Buffer","data":"Jp3fTo1RgvdiYZuggqBMBEy4Ne0Uf3ipHMr6mjPBlAc="}},"ACWKcHT1BrcaQ3WDVYGVARW+qwNlIj6CKd1Yz9ie2T0=":{"valueMac":{"type":"Buffer","data":"hZAel6LcMHAtUDcxt8jUHSXf6KNxHh72tMJvyy1PmzU="}},"eESVJKCz76/Rb5HzqoaT/1N4tb6iP9Gzbf+zAYw7uKo=":{"valueMac":{"type":"Buffer","data":"qG4NC/1zP1usjkIEHYMAXtDXubMRuqNUA8duhUFBpoc="}},"QSXHnuhEhJhrxyDbTavjAOAsy5Iv484aycQQ6ypNl0s=":{"valueMac":{"type":"Buffer","data":"yDeT7AmIRwwPBGQt63gFHcQkbhJGJH/n60l9TxTo8w8="}},"bSFllyptuuWeVXoFzj1Y0dWoZUbuDT5c6VAQwtC5Y4k=":{"valueMac":{"type":"Buffer","data":"dYfpjpQUcgO6ohwTgkim0Asg6CdvW9d60UDMPcu5ziQ="}},"MnvgjiCZkymqX3k1AJPPmEFVDE5AYVrP87y85YCQ2xo=":{"valueMac":{"type":"Buffer","data":"1QwFIA29sbmFnYiO8oaf8GCjH9k+l9akxq3Z0a7cDEA="}},"k6M4NTp0VwtjkfQD7Gp3i67FTKQIJnwxkn5Ci2q+2vc=":{"valueMac":{"type":"Buffer","data":"Jfw7ZT3u6e2VgkPX2YlXWrAKOFPP/EV2whhV+im6nFQ="}},"XNx0MDDcdoUlo2lJVZSzKRGNfj11J+Ca4vvgg3tbe6I=":{"valueMac":{"type":"Buffer","data":"9dTFt8OqWbq/B3N3KSWY+r31LN9KPE+ci1Hl+FwEnPA="}},"xk4e6jANYQugd4TSTeV7QMs3nEsmWkjtkg3yjaGyqxk=":{"valueMac":{"type":"Buffer","data":"xgNOICtCMPbtKFYifC21IzgEE1E3N3FMuWE5JPMNqAw="}},"JRsoLCxQ1TbAA4LR+9AlPbdJx4M8UxzkA9RJd55KMLk=":{"valueMac":{"type":"Buffer","data":"CkJpY80hk8uXjkPG7to91jYYi9ub4lM/PqYzwGU8V0E="}},"SPQa2mhcyC/Ehw0oabAGadhabwP/WCUCzTq2O0p1KN8=":{"valueMac":{"type":"Buffer","data":"qYBJ6cHqEXcdzQYIOVWJFV457+/7gKtfLCj6OCwYVek="}},"eYa32zyPE4uRpRVEWTCLAVwo6eNPdyxdCi08SrbmjSE=":{"valueMac":{"type":"Buffer","data":"qYQB+vllFEGD2ClPs0S46wJr6iHXv85XB+bsPCm+LZk="}},"ozVTVEegblafuC5omZCyTujuSuV467U6p72snFUFn54=":{"valueMac":{"type":"Buffer","data":"YWkwJP8t6AMqLwc2AhOn8dYhPuPZP03oJ3BmRwz56iE="}},"vJxMyLD6YmSQIzzw3GofwUPR6meoiTVnDmptfjpKOeI=":{"valueMac":{"type":"Buffer","data":"oFLyMhh6mKTKV9HXmpvWmopOcQ05y9aA9MMazq3u7Zg="}},"Xl49Q2zdo9xuNyxYWIKqAiA1k+gi+jMCCaIZKPb4C8w=":{"valueMac":{"type":"Buffer","data":"cmNBueJJIGJB1zFXzxrM9RzTAbHFkNLnkU21VFvjndI="}},"ujmatf9J/CAsfWrY174cm9pMY3UCYMHwuKM+6id+/sU=":{"valueMac":{"type":"Buffer","data":"P1xuxw69plTVXaUOLP5i47eJaS25VErozDMA2edqza0="}},"GfBPpkwfYkl+7EwoUNSFZFFTL66JzBioJv77BU5icoQ=":{"valueMac":{"type":"Buffer","data":"il1JSh0lByPlLRHeuGmkL6c0HrN3SyZCxN4YhTaPjXE="}},"uSVZK68Tff6Q/Js9YZHhGbybNvmOpdWRoo6PFSSMGFk=":{"valueMac":{"type":"Buffer","data":"JsX1vucefNH68mVIIAKI8C6hdxCScJcciYkoZ9RL+mo="}},"BAkUvlwMF8V3Af0TlbPCuW6JhQdavZCpJV1EbNtM5uQ=":{"valueMac":{"type":"Buffer","data":"Vox7DVoc4Owp/ud1cAxnH5sdzdHtp/dTbJefPpuz0Pk="}},"XIcQxID2wTib3GwfofCPGgoNztFR4oghCrSa/MXJd1s=":{"valueMac":{"type":"Buffer","data":"OMa+hT/3Fbi5l6/6hU5TZW/hgPle+hMOPd9M1daDSe4="}},"Ob/YBJ5fgy2F8ecxhOP/DmJz4PVgj5MDj5zjgU1lwRA=":{"valueMac":{"type":"Buffer","data":"snDIBLI0kDZKnZFwmue5man6HWi9MNaPA3aENcVAnj8="}},"vu2miSUCUUUlRbfGTS6ef0j4UYK3nAZ/egc9j09cGls=":{"valueMac":{"type":"Buffer","data":"U+iXfkodQf26c+NwTjaQEO2W6GqgLJvYtx7mXk9anwo="}},"kTXOTUEXBO9g3gGs4Jk8BXz7ul4UMwmfXpFpjLcPS9o=":{"valueMac":{"type":"Buffer","data":"1/g/oFGb7Rgy0mXZAUZ0gdwFIayePJylftwYlcl4/rg="}},"VlJLzJ+6k/ejAFSczZndsRqJ+Ohe+23LMCvohh1iu1s=":{"valueMac":{"type":"Buffer","data":"GjPCAOuTaY0o9nCzhYr162AFv4gNxnN0pu8xHh9N5kI="}},"sqoQ6IL2SMHR+cev4nk53qpfHKYuVA4HzDdFWCbsz0c=":{"valueMac":{"type":"Buffer","data":"F1Rjail/Y/+wpU1vRZXSXqcIpKyBL66Dyo1ekZN8ThU="}},"Ce/L3l5vg7tWOb7Bup5PHzvfOq4cUNuERJL7HzbdzGs=":{"valueMac":{"type":"Buffer","data":"88G4RcYgSGQu9KD5liWHHTNyek87bTYMNCnk7OzTDN4="}},"I84b9k0+atSXOO/hlwW6ZHWVac2WFqXNpOG1hl2017U=":{"valueMac":{"type":"Buffer","data":"fEKJJ9iYDfi5kIl2Bto+DT6DmU9IE1/azqc2LCmjDFU="}},"5G+WlrW/hvSCWXZVxThuMptiRPXfHwx8qgm6gY7/JWQ=":{"valueMac":{"type":"Buffer","data":"8dsAFU3V3dp1sFKhYjrJzGZ1m/atS6ztFE++RuyuixU="}},"gL+wDK/A9Erc7NpzOx407HYKhHNqF0HODPQcDvPAQO8=":{"valueMac":{"type":"Buffer","data":"+NlcNdyVHPuUbsalrIS4H4lVhqtnLNvjubaAHwAxE9M="}},"4BYuIyBXlYyptrT4iNqrZMZk2qKHSIYWWCumQUxgmdA=":{"valueMac":{"type":"Buffer","data":"fK/SBoRZT4SQPJr/jnQQ5nAQO1M4gfnvU99iMrAtLu0="}},"NCTz3lJEm+6XHNGXghCJ4TQruvl3IoK3Pm+6Th9bftM=":{"valueMac":{"type":"Buffer","data":"teJskA77UkPS9buXv/8hSqVS4JMhXuPOfmwFk0i1BPU="}},"KRA3LxKrm5+KOO+WKrHesTzQhoW2QYQjVLS/Z63wjfM=":{"valueMac":{"type":"Buffer","data":"eVSxOxJmzPLN18c0vv4bGbvOAjeC03/d3nqwwkNFGKk="}},"j99f32qcMJ3q0rKe1ZxQiENd6tjxDIRRjUcvl+1ZZjg=":{"valueMac":{"type":"Buffer","data":"K9Q63kedX8w1oPWjkeJfZEqXyVMUb5dwQF74obp0dgc="}},"kM4ztN/KDkkiWBwEDtNS/zgDSmVx+8iQfQAfaknWOBA=":{"valueMac":{"type":"Buffer","data":"EmtlCVychxe/jmCkaOMDwVBQ5qzOo8wBeraw6P6ZqL4="}},"J2ZLGn8WI4tmO5jjsOLbjeYHoQ6jno7QK7MqLEcXUqc=":{"valueMac":{"type":"Buffer","data":"1L+QMPU05VtLXqR3SdEdKxRWyZjdwqfUT6DcpoqgZbU="}},"kleCltWljuG+yrBIleyo3cyLRE+zdU5kwvPbV5Kkl2E=":{"valueMac":{"type":"Buffer","data":"ddaa0caoIAiaIGWKuRipLriP2DkX9y1U324lEjwz9XQ="}},"E4O9xMr7fDqoWU2OtQOtZf1GaNPqT0GB/Y/IhiiMgHg=":{"valueMac":{"type":"Buffer","data":"TSmJZuOEQq5tUcM9vcOg6uPa0bTkSDmXmgwq5nKevyU="}},"FJpim8OIe0u53//CpR+WKmeF07PQEDgYx4lZv8g9Eks=":{"valueMac":{"type":"Buffer","data":"27kVhnTzckorttoIWjySra288WIFLyioABja6UCYnck="}},"KiwWAuw5CJv6CTXZO/uIyg88Ms89Xo9FBHWidqMqBsA=":{"valueMac":{"type":"Buffer","data":"Ulr+ttPwYkbo5QQt2JuTWRtGkEe9ZchaGZQrMfH+wj8="}},"SIJoK1ulkFw5arSTJ2kTopXvEC61w7iKPZpziFpYYTQ=":{"valueMac":{"type":"Buffer","data":"BAqpYN4TcqnekdM/tOyqzn3SyLmawjYIT3Qkm+YaQ04="}},"XdD880G1k5Ph/KG1m+5+vTHaMLK5tULn+raNZ3F67Gc=":{"valueMac":{"type":"Buffer","data":"sROIv2Vq52rGNa/SCQRZPqb2Ltgzh7ffx6AHYMhCn/8="}}}}