{"version":1,"hash":{"type":"Buffer","data":"tI012o1oCuJbxx1uewcHacx9PRxdQASj/m08UuHgLw9E2KW0Ao0ZfVesTrx2thb3deYj/I40BlKpQXOyaigsJ2Yv7dwg2WJrMc/Uhq/DBRqKgWGPFotiYp9xhKDaB036GTmamwySz0XZvHXNrisMfQ7hMFSP48WM4TgCAF8qXBc="},"indexValueMap":{"kRO5d0QpYEztYI8BHJxIDGUyfNgDgxH7S3SCbMjnsXo=":{"valueMac":{"type":"Buffer","data":"rOZc28e0Fq5mkT7m6igZH8UQNrHUqZ4SYvbmSh+SPWg="}},"grJfgnxUstg3TCY4I1pCxJShDPmciFagNCHYNt9Zvz8=":{"valueMac":{"type":"Buffer","data":"EShY+NWg11I2prb9ZfpiEvBP8nQm3xn4gvOG9NCAUEM="}},"MzjNnvPBuTmmUjgBm53f6u7soVph1eSl7K45EY7oVyg=":{"valueMac":{"type":"Buffer","data":"ZqRHp3Qx/4L13rkqlIzJOfGqBxhreIPBGUii8RCIW6g="}},"+aO+kv0JMA/Z8OY2vNztolRkMBzekqCqOdb0fNdbKj4=":{"valueMac":{"type":"Buffer","data":"kqFY+BxKtALzUGHrtVPILFjhu3CSfsXybCpCOX56f7M="}},"tbtdCjgAHoahLuOkuzKVqrEDQElRmTQ1HFIiBH90lDk=":{"valueMac":{"type":"Buffer","data":"Er9yEsVr2DMCyIHs1nWaaX7fOF3K0k1BmQvZkDq+v5Q="}},"Pzf7uix/k6QtcEn98o3UFeILF4FSUK1JH92EFYeyovg=":{"valueMac":{"type":"Buffer","data":"lg9gGr1ELqCxy+983cstCOXKGKQRkycqMrIHv3kYj7Y="}},"t2i+QLgi57PLW6n+lQBO5w/3ZlgoAh8E8ecTDV81bLA=":{"valueMac":{"type":"Buffer","data":"nN8iNjjslUtxVrml7DTBNOS2AK2S/b8hQzy+XBP+ip8="}},"lw5RyklDFirzCZborucDFf49ckY0EDfUeK9AtyoD0A0=":{"valueMac":{"type":"Buffer","data":"dXru3O2br47UVjgdRhA1ka1v4dpjqYSXQAtGm5lJIQQ="}},"fEAfYANbwsTnBIrLvw/VKU/Z10H8SiVBLST3tew/Peo=":{"valueMac":{"type":"Buffer","data":"2Uz8gGx7wUMxn9oNw8nSd5B3xXCmjiMUyczKYWkkHOI="}},"wj8khLKGJ0U5Vvkkr9cemhd1V0ddE3rF+hN0uDLpC+w=":{"valueMac":{"type":"Buffer","data":"vXZkBMIPms+4Fc7lDQ/O4eS+Te+A6mH8nRNNc2GHFww="}},"vSRq+BljeRjsQPSzk5/t5k+Lz9ld3W9G1OyQ6v/8cSo=":{"valueMac":{"type":"Buffer","data":"GVzebQZw8+oTICxumNX2YegBzKEKvqTA1xIWpYtljNM="}},"pCPml9ukOsEsY0rfEOARafXp7NBCpAzoCup9XMPn2A8=":{"valueMac":{"type":"Buffer","data":"jbqgEYuoFUrf1jlFSzNVSz4w1r1dLlGo9ParD1apB/E="}},"z4ARPi7heO5KDLJ4GyztxvdcjVBq76AiRgkpa6YH/bE=":{"valueMac":{"type":"Buffer","data":"vKjQn8fNCbFkfA6n6SPRFPS3S2Xey2jd518/LT7PXRs="}},"xAhu9gMDFjDlf3xHe+XyRb5b0FKHG3EvWbuoSDCuzco=":{"valueMac":{"type":"Buffer","data":"yywQR9YVkun4IJZ0vAfhLb4gxo9EgWemazmCW2UZkxg="}},"AJcHNarrHupTY8qjAaIPNuTGdNdGZrG3wd3XXOtbIZY=":{"valueMac":{"type":"Buffer","data":"s2inIxjNgewDLyBfSrPQ5FhfRe7j5Pu/mParEQM21Hs="}},"clyZipQ5N9YIiMrmkqDRf+TJRoOGxGQnz2wGV8Z9xus=":{"valueMac":{"type":"Buffer","data":"AdflBy4HnM3tqKevyJZ01k7MkRfPvZBpcuhYsUsODCQ="}},"dK3/95ohhm/hmzaz3I+OuHxwmdYAgf7jrO5AmQfV4c8=":{"valueMac":{"type":"Buffer","data":"Z9O2o273gndqloKahQ2Q1N/OWVYjRA16zHpTUL5gMuE="}},"i60pPtC0tHNgr2sm4WQo7qcMPzLnAVUbM3jBwYiCR64=":{"valueMac":{"type":"Buffer","data":"Dk7DD8qSxjSAZgWY3T5aWKiYLfhYLHEs+gmj1Z6VlCk="}},"Z3RnQWvYKawwV4MGPkHeS6vkmfQYCwj52Xso3CH+bZ0=":{"valueMac":{"type":"Buffer","data":"+o8vzPy1ZUVOjU0KHSWO3rYHMus+yW5ed3hhBOJ19wI="}},"B/ezFlwIkPO7orTzeEPNWOGtjI1W4Wsk/WP7GyK6qug=":{"valueMac":{"type":"Buffer","data":"Ay/AQ1hlKv5TToWb9kWGCUDji7GBglCTBD2UfUferlE="}},"LNYjjMTfh5eu5REiaMm0CQSoIOUy9i9jmj3tSPl6A/A=":{"valueMac":{"type":"Buffer","data":"fTugR9h/EEb/Mm5e+grjcibVbFEDb1XkLJR8FSiSGXE="}},"/7y81LvdZCAhteo0rLByonLaUnCyv8+5Cpk4FnDiXgM=":{"valueMac":{"type":"Buffer","data":"e78LpjY9xrqFXEQ5BGJZJ/+l/a05zBbtpPtIMyfGcXg="}},"U3k4/Rl8wYDeCaRXMLGvsomvx6RUv+GMvhTOFesFtcc=":{"valueMac":{"type":"Buffer","data":"4gwqLTop1z0SVexVIBJzz32ETgDx904zDB8UGs9LVfc="}},"GPYvB+hBZLLTaPA8vmJY7KvR9+cDeb1+TC2WDFR/KTo=":{"valueMac":{"type":"Buffer","data":"nuPnKrCf4xwzY+bxYiUKX8v4H+MCvaGZ40jpXFb86+k="}},"9uE1bXfYl7CSrfOtETa+zDpgAxCKOYayggR7vui7OIU=":{"valueMac":{"type":"Buffer","data":"ExAvBvfLGg7NNahOxCpjEywRRKuCKdeotwFQiW8vUMY="}},"PoZTQG8NXUeglVOb9frelbYF4pZiLdBzfP7Cf4Uoq/w=":{"valueMac":{"type":"Buffer","data":"sUutVUFb221YdJkc3OJDTQ3sVJ0Wwyvg/uoetev2sqo="}},"mgCcTJsHZHcti+sRGjK4bxAL5yh4/rLb2BjSvFy8E/g=":{"valueMac":{"type":"Buffer","data":"uD8lL/ACNiZ34jhe+oPfPKnFmOrpbS6NTO0mF0omd9Q="}},"7ABuWroyfL5hBHNxI6D5uW2lk+v5VJGJzXc1y+UUwAA=":{"valueMac":{"type":"Buffer","data":"sLsfmfoUdRSWjVvig9CTe+UuNdt87Wrpl8Kt2CxunE8="}},"Jngum5neVUFRIe+PdzexgrhHYKBTPDBTRnuAYjsY7KQ=":{"valueMac":{"type":"Buffer","data":"1uV3t79uRAmqS3Jy6M5tP32+gk7QcBVv8Gw6wXCm+dA="}},"K7KLk+H/imbz80OUmL6/UdoEpHMYc71sDHmGb9qLRa4=":{"valueMac":{"type":"Buffer","data":"mIG7HNb+EBEwJE/9F4/TJJ+jBjhNgWYVHQ7x6gWVMY0="}},"owGuBUrNMfs6IJGyyjccPp9c0cdzxOvsf3Q2TVGc6d0=":{"valueMac":{"type":"Buffer","data":"MKLttNzZzgeNZ9NMOhLpVN/+haiLf1SQ1R9yyOF8VNQ="}},"QqJaEvUEa84u9TmBXowojMpTJJytiaRmIpfdpjwiy2g=":{"valueMac":{"type":"Buffer","data":"A58lEnIiPKbK2Oll5jKKLhmzIjX3IS5+UypW1HLXHLU="}},"RhaHjnwAGc5to6YtiMeCSvl4+4yPo7nmwBBXH6UTTtI=":{"valueMac":{"type":"Buffer","data":"D85GuoFyan1OPylqmlMazkS3+ifzkAJ1gMFlLD1AkcQ="}},"5wGOh9x32QsNv0eNEZECxVY45a8D74SL9804Q/phhEg=":{"valueMac":{"type":"Buffer","data":"1ftL+kQcNfahrcX8CZTeELh+qn+R3BvMB92bbTZaaLk="}},"dZ0k2VJH78E0mQzAVe+MiXxZxiEcq4z+AW6/M+QYrzY=":{"valueMac":{"type":"Buffer","data":"3eJv3PBOcsfuawEoaubTl0VbSNEfQe1wDHGiXhJrma8="}},"qPKSd+FPH+MERyjReVOWbiFtTitO3ePXc6tYnLrt8M0=":{"valueMac":{"type":"Buffer","data":"V7X4qP0tMdg3qnVWk6VpT+LYfranb1vu1WNBhyEGTg4="}},"+62wTLpH/fWusZDefNtgzZuPzkRISbBneh/E1/IokN0=":{"valueMac":{"type":"Buffer","data":"xFCZz2bimqqOBF8/IEh5x00MTxow1fcjx1lg2/znhuQ="}},"Fyr7+jn0TCzvyRydbMd4HEI5shvbMPj412oBWK+zom0=":{"valueMac":{"type":"Buffer","data":"uEwVrTP+yM4i07XkyHRiiB2qu0VeZ3Lzyv9SYka56WI="}},"o14EhImch2YlAxPliRgfmTXKZsjnsuLxUES7F8frYEU=":{"valueMac":{"type":"Buffer","data":"VD9o2ybRsTG5gvRiauq19iHc45JmaPK4mtZz54tsP1s="}},"7nTN2rs2cZe+ICzg+d8M5PYue0sUpTSNToAr6XqGLdQ=":{"valueMac":{"type":"Buffer","data":"/26m/uQrzL/QC8eLpAGbGTtbGbuHPpqXeSfRaWSL9wU="}},"LLKGHdWMnAqKiVVrLmwl3AUGoTqjRQKsmoCbY0m4URE=":{"valueMac":{"type":"Buffer","data":"aSoQSNkRC4W8Hzp9qYb9FNQgkEshQkHoKH/tU1++P28="}},"bu4u/BIlqXALejTXLgOm8Jl+5KUvtiXq/RJxKaKt1LQ=":{"valueMac":{"type":"Buffer","data":"/77kVTfOJGdjw2MQUHZJb7LbKP8kqYGc6Gk6tXAzVeU="}},"udMEri3oWDfPY7O9F8a5UiTiggWtJlpoEblv5tkkUC0=":{"valueMac":{"type":"Buffer","data":"5XAgTZM50DkqApRfSzsVUwlXacuYIqcslmXeKDwaUcA="}},"4FPpHy16zmim+OOFG077Eqg7xOgOzsLNKuvhiHuebl0=":{"valueMac":{"type":"Buffer","data":"lTyJu60EJvaQv/C4nZBOUI8bKB+4jX4elvIvTn7O7k4="}},"/WrO+YuC0mUHeQQzqdAMrxiwQAoZR8FBhcBuyzLfF4g=":{"valueMac":{"type":"Buffer","data":"Vdyve0GqPM3zwqZUIYa6ZA2h5p+th4hbx5X1tJfr3k8="}},"UNneay3Uysr2iKisoW78s0ZDJDtjk8F7ZsfBoa2pekE=":{"valueMac":{"type":"Buffer","data":"0ewObdBUZizbRQtvoSMZzjkmWEUDw7JUvNHEKtXlyck="}},"aX+Iu796oHrQKCtPaR4EjNlPsILpI/A6RsSffHJ32pE=":{"valueMac":{"type":"Buffer","data":"4xvKFHMV664Dd7CZJgBbfalrVrGW0B/ugwZAz78SnAs="}},"fpWQYc7EJYtaRPWHxk6U8xYjuDRdJ01VH10mj4yum7Y=":{"valueMac":{"type":"Buffer","data":"m3zjgcjeWs96QocJ9iZtpnoMI2LGr6jS2EOAfvbC5fA="}},"OnHZRGSsgypJwBkTJ7NUOQSezMBAKoYNJ7XV9c40CVI=":{"valueMac":{"type":"Buffer","data":"+lfbAQOwkl0YykulFLClDlu29RDXAuYnpQp/T8Hxe3E="}},"QbmpjFtwE14V2CO19i17KuymGE3Ki8DgKnCX4GQHukc=":{"valueMac":{"type":"Buffer","data":"Jn9iswEsjajEoffIck9jcDZjtG0zr+uIVDvQa8uLcNw="}},"iCp7wKY6lkEOMZ/g5kD+nAyc2hYkJsmPRj2sSk1qSL8=":{"valueMac":{"type":"Buffer","data":"X1AN/UborrUJ9xw6RjepeO+KX+5d7G/r3Z5X7lAUa+I="}},"TWxKCxVtdxvpXuDN1aXlf9diXjXRohjxFM14PDI81vc=":{"valueMac":{"type":"Buffer","data":"m4KP9GP3c5cTE2BPPAJTIuNXMcF1AngjroaS3dNWRwQ="}},"yhVIy4S4q/XGq29I7vytIROgEFs7PQWdkO7C6t0lSRI=":{"valueMac":{"type":"Buffer","data":"c26UIxhlJ9xCEJIp0MkPTzFlpAIF66rJ50crITxIafw="}},"q5LCjN8cxA5Di1HFYMRySDZsPv728AtzvvXF5hBmN9U=":{"valueMac":{"type":"Buffer","data":"nehc08mRMB31ZgaQCCnl997cY6B0qpTG2WtJiBiSo+A="}},"Za3iaE/89I33btTy7fr5MILaK4Qq2SE1QRterXnA0jU=":{"valueMac":{"type":"Buffer","data":"+c/Ux5d6C8WYjB+hnOeXnz2id6rqgNlqBY/UjNSv4XM="}},"Oa7gNYBVJBaMwRBPliXMHsijrzjpTfsR8CHF5pylFC4=":{"valueMac":{"type":"Buffer","data":"HRU6lBVJ7CuFpwrb0OZJ20L0/XhcNz99LeXH2pge50w="}},"LjYlzShZXD97BuclJSTW1lPktfpWzrZebqk7ywZpr4Q=":{"valueMac":{"type":"Buffer","data":"eKkTxSbLmklZV03sE1ZMsmZKrPDRs9CvmEesjMqr5Mg="}},"DVWCb2o9qIWoGziUVhl22kMDnnSIrRyar/J6NJgFkiI=":{"valueMac":{"type":"Buffer","data":"2OlKea5DiNoolk6Q+Ne+voX8RQjIkMz8ziGMlOgS5Uo="}}}}