{"version":1,"hash":{"type":"Buffer","data":"7q3fJlWjnpVvXHqKqzNFUWF6R+BNsSPYyLcRLqx+Y2zx5YTzI5YFpxki49aTSIcS8TWpNWN1vq/EvDwjtUFnBsJ1j6ujdXHjfdEE98o8jIZHjtA3m9OR5DNe8YYcrL+PXUNW0tKuxTD/Y3lIPqQZG0+ldl8GqaEn6c0xXS49mhU="},"indexValueMap":{"isIUMxsJW0Pf91OzpHdbCXVQJb+OCQv/3Yivlh74IIU=":{"valueMac":{"type":"Buffer","data":"lbA+YK64A3Yptx6ooaeXWpTDFqFJ75cN3M32NQd2Q7M="}},"gh5DTQupNDUioTPmZ4ecLhorZTSg3RU1MBVRvXDlVwo=":{"valueMac":{"type":"Buffer","data":"KdJJz+kdsLupx3J4ghWjJ7hvvAZE8S1gqTZUhhUqr3Y="}}}}