{"noiseKey":{"private":{"type":"Buffer","data":"+AOsaBGQTfa/ebxT9hFQ/vH+5cTKxjeRDhsgAWuYkE4="},"public":{"type":"Buffer","data":"u/tZs2P1yVTr3cFyjU4GNdywKXTu+oNh2yodv1Ylg1Q="}},"pairingEphemeralKeyPair":{"private":{"type":"Buffer","data":"MOCZv5dZjmc/oWMLZQHy3/mpJXiEfS9Bnqt59fUy71A="},"public":{"type":"Buffer","data":"BmFDiMBQArs82mNhhc7F5JWUTr3uBSeMvO8sCN2VohM="}},"signedIdentityKey":{"private":{"type":"Buffer","data":"SHMwubo2PdwBwX2j9LTjWzoiK3la4+AKmsfv8t31bGY="},"public":{"type":"Buffer","data":"Hz5uKPFA/UHmoQpCi+c6EyYEoRiJ52f+NjYMhjnLjBc="}},"signedPreKey":{"keyPair":{"private":{"type":"Buffer","data":"YDeiaWJeL0AX5hcDoNzflheyq0jhmQQ/yQQFwK0Er0w="},"public":{"type":"Buffer","data":"QxUznA5lzHOrfSfC+AM93alIJXCIGv6W3mj9m96m43I="}},"signature":{"type":"Buffer","data":"H/eme4j+zZf76hauByIqhF+wUcfyJM7X+tT04pksQa4cDza1ZPrC1/HjvN+FfLz16zZMwjPhvesxvW0xF2+bCw=="},"keyId":1},"registrationId":255,"advSecretKey":"JNeGGqTvOZvdsOXDN1K2+LTPWXQcQjDRRdrz1Jzt2+4=","processedHistoryMessages":[{"key":{"remoteJid":"212721586439@s.whatsapp.net","fromMe":true,"id":"829614DBF47B080A4EE03C89CA529441"},"messageTimestamp":1737241810},{"key":{"remoteJid":"212721586439@s.whatsapp.net","fromMe":true,"id":"250A2B1A2591CB3C37FB4A8F25BF910A"},"messageTimestamp":1737241828}],"nextPreKeyId":31,"firstUnuploadedPreKeyId":31,"accountSyncCounter":1,"accountSettings":{"unarchiveChats":false},"deviceId":"mUvBDLmkQqGV92SNjP3tkQ","phoneId":"883ef71a-9713-425b-98e5-d0d1794ed83e","identityId":{"type":"Buffer","data":"9H/NCumlKyGRgv1Gd/r6MybEBLU="},"registered":true,"backupToken":{"type":"Buffer","data":"KMRxdE4BnQPg2ONleiD3a4wv3HI="},"registration":{},"pairingCode":"25AHJAW4","lastPropHash":"PWk5B","routingInfo":{"type":"Buffer","data":"CBIIDQ=="},"me":{"id":"212721586439:4@s.whatsapp.net","name":"𝑀𝒾𝑀𝒾","jid":"212721586439@s.whatsapp.net","lid":"272301530566663:4@lid"},"account":{"details":"CJe5sPwDEKjpsLwGGAEgACgA","accountSignatureKey":"ltgKHMKit6hxFl5foqk/vVPtAvWOuQG7dyLhAE0VXQg=","accountSignature":"U7NhUJwcPxxKPsQEifRzJQl3Fbor3OUyZmf5adownLwxTL49dfpAJ+UlwI0RuEupdIEC5Nt9URXKoItAz1l2Dw==","deviceSignature":"NBLwh7XihnE1Xt7Nr9slRpra5gl45wm8uq5eqr46NuZp18c+wQnp94vkaevE+XoCsU8tlulztaG2Ph04xZMwCQ=="},"signalIdentities":[{"identifier":{"name":"212721586439:4@s.whatsapp.net","deviceId":0},"identifierKey":{"type":"Buffer","data":"BZbYChzCoreocRZeX6KpP71T7QL1jrkBu3ci4QBNFV0I"}}],"platform":"android","lastAccountSyncTimestamp":1737241772,"myAppStateKeyId":"AAAAAHJ9"}