[{"senderKeyId":1812649825,"senderChainKey":{"iteration":15,"seed":"3KmXBBCjS7IM5goOtx1cAgljVFUKc8ZSMz2uMX/Qxbc="},"senderSigningKey":{"public":"BWn0hnWVBAreD0Q6knd+w+yIvAoks84fMLn6x0GkW7Rj","private":"wAh5YVv3PnPoNpHbTIfzpFK5htpb5gW4PcjFZVyibkI="},"senderMessageKeys":[{"iteration":1,"seed":"g+L+Edy7B4IOU8gEdYTG6EgjU07ovKRrQiXw9pSOB8Y="},{"iteration":3,"seed":"AC0QC/R7zXDPquCfBMffOV7lxbVTuBmA5z2O+qGsNQo="},{"iteration":5,"seed":"OYB5Bd/1ey4jJdZwpUWlheYrEhgJ7mH5kBISp/wWM7c="},{"iteration":7,"seed":"ykdCmZnWYnQKo8NXW9bJUPBt5N6pchMwFxFGkTi1YXk="},{"iteration":9,"seed":"ewVyI0yuH/E1D5HWoN9A/TAndCs6BSG39fb1hWqAwW8="},{"iteration":11,"seed":"rBW6qXGHU58edeqLtr/ss5Df2fddtdQFe4nBFlA5fVM="},{"iteration":13,"seed":"LdW5qcgQ/B+V1s2pjAFw03ZWFdMByDsJLR6pR9ejYv8="}]}]