{"_sessions":{"BeGmWL3emNyDnVOrRNpxDspcUKfVuqaK2D54HDb7sadb":{"registrationId":154825595,"currentRatchet":{"ephemeralKeyPair":{"pubKey":"Bf56PGKavNv2wj0m3IXmjEUnvjaiw++cxvimNJkN+4QO","privKey":"cJD8ZGXHRyHPEwAQOAthqnJkXwV1idsKiNpu5dKx6l8="},"lastRemoteEphemeralKey":"BXDKlAnWfZrmu757KYcua12QuFddhZm9p7Hc9C9dFE0K","previousCounter":0,"rootKey":"jyPfxnkJqwJwTKceFQ9lL63Q/I1r5PM0N/FnDALdEwQ="},"indexInfo":{"baseKey":"BeGmWL3emNyDnVOrRNpxDspcUKfVuqaK2D54HDb7sadb","baseKeyType":2,"closed":-1,"used":1737242259966,"created":1737242259966,"remoteIdentityKey":"BfEo26UeSqThyM+yjzR6EJGoOA5Hnqirh4+t6A6Sp1cA"},"_chains":{"BXDKlAnWfZrmu757KYcua12QuFddhZm9p7Hc9C9dFE0K":{"chainKey":{"counter":0,"key":"ASf53n8JFs4Nk9W4uGmGv4WyUwbvIpRmxbLamtqgpj4="},"chainType":2,"messageKeys":{}},"Bf56PGKavNv2wj0m3IXmjEUnvjaiw++cxvimNJkN+4QO":{"chainKey":{"counter":-1,"key":"JM9G94jgNkBNAqDVhqfb+Le5ksRbiY5mH9L6goVu0b4="},"chainType":1,"messageKeys":{}}}}},"version":"v1"}