{"_sessions":{"BVVx7I9jl5EXbRhR8M6d7xjAwff4pEK0zcdjaA12N9tX":{"registrationId":1282808290,"currentRatchet":{"ephemeralKeyPair":{"pubKey":"BciMlH+X/58dDe7LYRmLMU5Ytrv87kT9sU8RnD5ot8Mq","privKey":"UA0WWjmKVZObgVBUN9epn+F/aLncumCeOYaN68gUh2A="},"lastRemoteEphemeralKey":"BY2MROqHIwzLfk487F9hjWHxxC9huexr/uKuiCzq43ps","previousCounter":0,"rootKey":"wkOaAzuFiDHh+bu9r9aJX08PqhjVIOvPR5Vil8eqr1M="},"indexInfo":{"baseKey":"BVVx7I9jl5EXbRhR8M6d7xjAwff4pEK0zcdjaA12N9tX","baseKeyType":2,"closed":-1,"used":1737242125209,"created":1737242125209,"remoteIdentityKey":"BcszprqUD/+Oez4snLLJ6vYVYcHbHgmgV0pq+6TG/m8n"},"_chains":{"BY2MROqHIwzLfk487F9hjWHxxC9huexr/uKuiCzq43ps":{"chainKey":{"counter":0,"key":"r/Xmk8w8mnI6KcuTlM3dKlo9Xbw5rKP9di087c1NlrA="},"chainType":2,"messageKeys":{}},"BciMlH+X/58dDe7LYRmLMU5Ytrv87kT9sU8RnD5ot8Mq":{"chainKey":{"counter":-1,"key":"U/bVsfoP8S66smbqoCzgGg2atmoGNOkYPG0c1iy1GxA="},"chainType":1,"messageKeys":{}}}}},"version":"v1"}