{"_sessions":{"BfVe4qQfnBtEgzmpnzTmfLyyaYQH5HpugyrF+2tk1D04":{"registrationId":62,"currentRatchet":{"ephemeralKeyPair":{"pubKey":"BfoYRCbZZJ4O6vyDY2HojfcwQpeUQnC/+kBH0NoU+F0W","privKey":"uLNzq9XGcMvySVDsPqRwWkwVe41gdL7dCk2z9XkU3n4="},"lastRemoteEphemeralKey":"BfieULgxYyRAihO+fvLPMcEAgqjY7wjiu/nL1hqQBNt0","previousCounter":0,"rootKey":"phEJ2JZpbVnT1O9lP7ZN+aXG9Zjam5RijpyAVnXcEn8="},"indexInfo":{"baseKey":"BfVe4qQfnBtEgzmpnzTmfLyyaYQH5HpugyrF+2tk1D04","baseKeyType":2,"closed":-1,"used":1737241803956,"created":1737241803956,"remoteIdentityKey":"Berfh8EZZDQ1C0FrSfrSeBmKPzXzabenhN1KZmJRbrwo"},"_chains":{"BfieULgxYyRAihO+fvLPMcEAgqjY7wjiu/nL1hqQBNt0":{"chainKey":{"counter":1,"key":"0kcNQCUJHd0NU+M1DeC4aM90SCDxss+mIgzQ+MTZ2Bw="},"chainType":2,"messageKeys":{}},"BfoYRCbZZJ4O6vyDY2HojfcwQpeUQnC/+kBH0NoU+F0W":{"chainKey":{"counter":-1,"key":"i+Na5zZfoKI1KEz4KDnF+DIR1bnVPrxbqAY+CDFSB/0="},"chainType":1,"messageKeys":{}}}}},"version":"v1"}