{"_sessions":{"BYP6ZZcPbwC6ZRQRWXJu/wSzkqc/DNNrjwAIYI09SQBw":{"registrationId":50154771,"currentRatchet":{"ephemeralKeyPair":{"pubKey":"BcuyOOgajFZ0L+bY/9GBsANqUWKZMQuuUqS8dZLEXAM6","privKey":"gNIDEv3ZjIcRMQ9MEmyq+42tbWAS5sqbaxv6U9iKyHk="},"lastRemoteEphemeralKey":"BV1jBYNyJHBEP3vULQKALiFw0TqjGg/3N9Ei+45BRmgO","previousCounter":0,"rootKey":"7+t8y61/GZ3DIopjSYuw88/Eb27jOsSLDKRYlWbzpkU="},"indexInfo":{"baseKey":"BYP6ZZcPbwC6ZRQRWXJu/wSzkqc/DNNrjwAIYI09SQBw","baseKeyType":2,"closed":-1,"used":1737241955244,"created":1737241808080,"remoteIdentityKey":"BfE2ml8kHjAMP5u1h6/1Izt9Q33J+1VZMHtWtoCR/0RR"},"_chains":{"BaZZQ1lP8JM8OP9g5jIPJECnSAhmzgtm7QH4SBPRb84y":{"chainKey":{"counter":0},"chainType":2,"messageKeys":{}},"BV1jBYNyJHBEP3vULQKALiFw0TqjGg/3N9Ei+45BRmgO":{"chainKey":{"counter":0,"key":"0I83ditLLbs0YQ5KDiDfAf2lKTbg2ImKlzs4E7SB9gE="},"chainType":2,"messageKeys":{}},"BcuyOOgajFZ0L+bY/9GBsANqUWKZMQuuUqS8dZLEXAM6":{"chainKey":{"counter":-1,"key":"xcE8uNPoufpXMHijUrE3omsgRr3bSKKM6Igf+THaSu0="},"chainType":1,"messageKeys":{}}}}},"version":"v1"}