{"_sessions":{"BamX+106xd71I9VlenOevtRdd9F3LrRLjJULyiiZ22V6":{"registrationId":241677843,"currentRatchet":{"ephemeralKeyPair":{"pubKey":"BcSJHuRtecrqkm+Rwb/FcXCd71w82c7/b2UqkTFrD3x7","privKey":"uNXpMSKLwhkA1cBKSPtIfi8HwyntwPhZZjae7bLKp2I="},"lastRemoteEphemeralKey":"BXydhPNWDUFvsWtfuS3aj1BcWbEf1LlgBppZxQf1x9YK","previousCounter":0,"rootKey":"ynFb3hKgAccyzoDshK4pgH6LZNv8Np/W3OghFRL5H64="},"indexInfo":{"baseKey":"BamX+106xd71I9VlenOevtRdd9F3LrRLjJULyiiZ22V6","baseKeyType":2,"closed":-1,"used":1737242116344,"created":1737242116344,"remoteIdentityKey":"BS9REzcIVkqUpI7xcnOI7sFAbK5Yj7InmkXtYBqydOc0"},"_chains":{"BXydhPNWDUFvsWtfuS3aj1BcWbEf1LlgBppZxQf1x9YK":{"chainKey":{"counter":0,"key":"qPPLB+EK3zndrJZY+Ii6NKfTU1EHGER02eaqh2CPr9M="},"chainType":2,"messageKeys":{}},"BcSJHuRtecrqkm+Rwb/FcXCd71w82c7/b2UqkTFrD3x7":{"chainKey":{"counter":-1,"key":"GpEMpBJSGWwGaqDwKEftoABfgzM5okRK6qnXs2KZTfo="},"chainType":1,"messageKeys":{}}}}},"version":"v1"}