{"_sessions":{"BblKNTP+OjeECZRQxjLtXBMu/y/eBZYue+RdXKmaliB7":{"registrationId":1153314769,"currentRatchet":{"ephemeralKeyPair":{"pubKey":"BQXeGfwOFeqi+BiKf0iMO0h1A04fN3eCee7VaOfoo9h9","privKey":"iAKglqrRzziyQT+RTciK2M3djTuY5NCy91lpIApgx3A="},"lastRemoteEphemeralKey":"BRsw1jrTQDu4FkcoJZv/oKnnpk8KvpJioCtfXs33dTBE","previousCounter":0,"rootKey":"6H5P/09ShwjHhmlm9zRqO9WQKxmaAHQlQSDzXf1HitQ="},"indexInfo":{"baseKey":"BblKNTP+OjeECZRQxjLtXBMu/y/eBZYue+RdXKmaliB7","baseKeyType":2,"closed":-1,"used":1737241891804,"created":1737241891804,"remoteIdentityKey":"BYzhAXF6ELhg2sfYTNHPIbPi5AUYb4AWXTC+mNdqnWMt"},"_chains":{"BRsw1jrTQDu4FkcoJZv/oKnnpk8KvpJioCtfXs33dTBE":{"chainKey":{"counter":0,"key":"3vnfH910Hs/ZYVP4ANlWhkvDXCxKFw5vBo4Fd05cbgE="},"chainType":2,"messageKeys":{}},"BQXeGfwOFeqi+BiKf0iMO0h1A04fN3eCee7VaOfoo9h9":{"chainKey":{"counter":-1,"key":"aOA8PC3BLBudv/6VJL7lpYJkGyRWJR9IsIX1Cq3btgo="},"chainType":1,"messageKeys":{}}}}},"version":"v1"}