{"_sessions":{"Bc+52MBcuCDtxIpFwf+xupISXDzOyzTLc/0Vn4yo8YtE":{"registrationId":23288627,"currentRatchet":{"ephemeralKeyPair":{"pubKey":"BdOBFraynqYLooV3JkFAa2/aaO20sWaKr+ItGLslyM5X","privKey":"aPDqWcNd/QfKncbmcPcLqjJVJ8i8ksmDV7M9LpzLx2Q="},"lastRemoteEphemeralKey":"BadAtUW0SwmhWoqu+r4iO3/851gZLOCyXiQRMM+0w0Y+","previousCounter":0,"rootKey":"xGlYeYGAN34O3YbM5N08E3/JYUIFLsuvt0DU9G2WfGs="},"indexInfo":{"baseKey":"Bc+52MBcuCDtxIpFwf+xupISXDzOyzTLc/0Vn4yo8YtE","baseKeyType":2,"closed":-1,"used":1737241781836,"created":1737241781836,"remoteIdentityKey":"BewoOjV6YboQIceii3No7Wz0i2AEsgeHDSo2CtwxmK40"},"_chains":{"BadAtUW0SwmhWoqu+r4iO3/851gZLOCyXiQRMM+0w0Y+":{"chainKey":{"counter":1,"key":"rqlgeptHBzsv5H4wtjf0NWtyXg9sW2l+UPTDhsgrkdo="},"chainType":2,"messageKeys":{}},"BdOBFraynqYLooV3JkFAa2/aaO20sWaKr+ItGLslyM5X":{"chainKey":{"counter":-1,"key":"7hkia/tMUsRBar9zHZWNKKbTMzmvjDJSAIBvkbrElt4="},"chainType":1,"messageKeys":{}}}}},"version":"v1"}