{"_sessions":{"BZuCyjuSE6pHmL7XtjuaIZfLdMATkZcpy85GPNadD7Mi":{"registrationId":217328746,"currentRatchet":{"ephemeralKeyPair":{"pubKey":"BdcXTkU38Yn8NhrUg1NfGwh+TfB3x4hGWgkuE0rrkuAd","privKey":"UGX/m72gax+6eIG2mKRzzjFE+k9aEuR+g4byj6GRkms="},"lastRemoteEphemeralKey":"BcxUdu0w2nhr3g+MUi4GiISEhh9ltgtLXvJfBu6lMQd6","previousCounter":0,"rootKey":"IQ9ofIlgrFO3V/XKEzwQ6cWHew/QcDSf/kxgY/iPPr8="},"indexInfo":{"baseKey":"BZuCyjuSE6pHmL7XtjuaIZfLdMATkZcpy85GPNadD7Mi","baseKeyType":2,"closed":-1,"used":1737242028815,"created":1737242028815,"remoteIdentityKey":"BRNsYAC9cwECG0rTJj/2KFWswIaHKYjrl5is0IlDElY3"},"_chains":{"BcxUdu0w2nhr3g+MUi4GiISEhh9ltgtLXvJfBu6lMQd6":{"chainKey":{"counter":0,"key":"IbmXN+58LyMG/K5nvUBn1nZgypUbNsPxHJf+whYq3P4="},"chainType":2,"messageKeys":{}},"BdcXTkU38Yn8NhrUg1NfGwh+TfB3x4hGWgkuE0rrkuAd":{"chainKey":{"counter":-1,"key":"spmbiSn3sPq8zvW5rvONaM9phP9CkHqE9oZCrbCCKQ0="},"chainType":1,"messageKeys":{}}}}},"version":"v1"}