{"_sessions":{"BQfw0MZo15dxuaAiOHn8gfblPAyD/oLyZKOTjD8n9dMT":{"registrationId":1652455079,"currentRatchet":{"ephemeralKeyPair":{"pubKey":"BVIsVgVV9b3+7Ta/A26vTR3/REnSW9rv3I3WZuqtnL9X","privKey":"0Hes6dAbBs2Kafde52BJ2ZBpZXnRMBZtfFxRGL7sDWo="},"lastRemoteEphemeralKey":"BRoXkDCQ0ym08VfJ6gL85B0sepUOU2g1Q1S57uocdlBL","previousCounter":0,"rootKey":"47sDuT1WJpHCnpsHBGFA2wZP/q5YlkZnC0FD7PWmq8w="},"indexInfo":{"baseKey":"BQfw0MZo15dxuaAiOHn8gfblPAyD/oLyZKOTjD8n9dMT","baseKeyType":2,"closed":-1,"used":1737242100140,"created":1737242100140,"remoteIdentityKey":"BTgYXM9T6sLv70PH+w6vrukPZwYAIjO63klhHk/7hVlX"},"_chains":{"BRoXkDCQ0ym08VfJ6gL85B0sepUOU2g1Q1S57uocdlBL":{"chainKey":{"counter":0,"key":"QqvkVbS0AnBx4NdXCL9gp6+gKJ2+4X1uVcDxNqQ04Fc="},"chainType":2,"messageKeys":{}},"BVIsVgVV9b3+7Ta/A26vTR3/REnSW9rv3I3WZuqtnL9X":{"chainKey":{"counter":-1,"key":"dRv7x/Tv/byXcoS0MYM5kRolLHbFATB7u8XSr89Jcu8="},"chainType":1,"messageKeys":{}}}}},"version":"v1"}