{"_sessions":{"Ba/lR2nnEX6Lg6VKNS9yOLQfSwWVVbk7mVtNuk6V2B8R":{"registrationId":598961153,"currentRatchet":{"ephemeralKeyPair":{"pubKey":"BYJcSbnjq3BVBXqxfIMzWtL1YlXuLL1ZzQaCnA1z9Xk2","privKey":"kCXH9Wv0h3tRYmfWKKz/ammremd5bWQrP0mawBXRiFQ="},"lastRemoteEphemeralKey":"BUyH90n8PyIqvGcih0wbEZGjIe1ALL5NJAu02lzSZURJ","previousCounter":0,"rootKey":"//mg0g+T8ZLdbHf2LUYfwKu4g0/EU9ajhOtdakPdaYo="},"indexInfo":{"baseKey":"Ba/lR2nnEX6Lg6VKNS9yOLQfSwWVVbk7mVtNuk6V2B8R","baseKeyType":2,"closed":-1,"used":1737241975579,"created":1737241975579,"remoteIdentityKey":"BZPyq5jEdspdzZFj8wu2Hs4mYqrqUy3ggVMnTmMupUpA"},"_chains":{"BUyH90n8PyIqvGcih0wbEZGjIe1ALL5NJAu02lzSZURJ":{"chainKey":{"counter":0,"key":"kxdinBtxQFA0LfVmMLk1TeFwNVCVkZB9z+e77h0ddjk="},"chainType":2,"messageKeys":{}},"BYJcSbnjq3BVBXqxfIMzWtL1YlXuLL1ZzQaCnA1z9Xk2":{"chainKey":{"counter":-1,"key":"fSpGmKq6f+4KjinnTDVA4sSjk8MmAV6yO8gFLZk+emA="},"chainType":1,"messageKeys":{}}}}},"version":"v1"}