{"_sessions":{"BXpWu2rH2O/54FxCGJiIXU9HPwdcIcydAkSefCfuUrIj":{"registrationId":685963462,"currentRatchet":{"ephemeralKeyPair":{"pubKey":"BVS900NgkCy/AZYIhoZO73rZQEuX0XpTzxptZyweQCk4","privKey":"wNNaGzgPjZ0bmB3lS/yiZKiRXz2C4PjRt6fr9Wfgk2M="},"lastRemoteEphemeralKey":"BeUhsfgwWhgbg1W+CzgsU/aLiBK2Cp7B4W3ivU0+Ha84","previousCounter":0,"rootKey":"cakVRhjpU9rK1rHVw+m0Cp3cd1edYjI8Ca8P7Wioye0="},"indexInfo":{"baseKey":"BXpWu2rH2O/54FxCGJiIXU9HPwdcIcydAkSefCfuUrIj","baseKeyType":2,"closed":-1,"used":1737241783830,"created":1737241783830,"remoteIdentityKey":"BTDrNJTx+JmHq3rflPMFeONNgMDtxgjd4VUH1VLwsx15"},"_chains":{"BeUhsfgwWhgbg1W+CzgsU/aLiBK2Cp7B4W3ivU0+Ha84":{"chainKey":{"counter":1,"key":"N4+umh219a2L0S2FuUkmCnGmCvnrw8A0LFpOSgzjq7w="},"chainType":2,"messageKeys":{}},"BVS900NgkCy/AZYIhoZO73rZQEuX0XpTzxptZyweQCk4":{"chainKey":{"counter":-1,"key":"46k1897YiEuQXYcAdc0/SC5CSSy9YkgNikoL33+tD2M="},"chainType":1,"messageKeys":{}}}}},"version":"v1"}