{"_sessions":{"BdvrhMhdiZw0v5QloQKcHGfP+YODHTTucaDKncphaLEY":{"registrationId":1049788018,"currentRatchet":{"ephemeralKeyPair":{"pubKey":"Bd0govMNbxKkCzVLyw2mQSvbLQTkDMmHsAX/rWAQY+E4","privKey":"+FRa190/HngfnDCalOEq9sTkRUxiJ4PtwjduFqZA3lc="},"lastRemoteEphemeralKey":"BXoN8PeyjQSjKmlujyuODEwiIdFqQGHEPB8oIrRcD7w5","previousCounter":0,"rootKey":"nlIYWM13R0uZ9B7VNSKOYlwsNvNQFQVB50COkMqptus="},"indexInfo":{"baseKey":"BdvrhMhdiZw0v5QloQKcHGfP+YODHTTucaDKncphaLEY","baseKeyType":2,"closed":-1,"used":1737242257535,"created":1737242257535,"remoteIdentityKey":"BdeO+zXxxejWdnbNSIN7ki3u9VD7HI9S4BJeZTtrNkk1"},"_chains":{"BXoN8PeyjQSjKmlujyuODEwiIdFqQGHEPB8oIrRcD7w5":{"chainKey":{"counter":0,"key":"WFxXJxnCswtipk2oyM7n2d2g8NAR8jC5tb/M3G8yww8="},"chainType":2,"messageKeys":{}},"Bd0govMNbxKkCzVLyw2mQSvbLQTkDMmHsAX/rWAQY+E4":{"chainKey":{"counter":-1,"key":"iRaPaMI0RaHmh2ysY7nF3bxKIDgc2E/qjWjf2jsCWS8="},"chainType":1,"messageKeys":{}}}}},"version":"v1"}