{"_sessions":{"BUt1ovgOyxXgW3hI2hS1piX6tf6A0p2vfWneH1YgL4As":{"registrationId":128,"currentRatchet":{"ephemeralKeyPair":{"pubKey":"Ba+bjSZE5yIUtT/rERpZrZQTTLF4wHF1x9MOfstrN0Fn","privKey":"MNDptYpilFIeFz7i34/8vC5otEHgazdgx2FGqszad1c="},"lastRemoteEphemeralKey":"BRJdJebI/kOgGUJ2gsTb124UmTZtgc8l1aAhevQwpDo8","previousCounter":0,"rootKey":"lqgEwW5gsVlcjrt/Ke6pGMPfBccSkQzYNIAiyoiNrBM="},"indexInfo":{"baseKey":"BUt1ovgOyxXgW3hI2hS1piX6tf6A0p2vfWneH1YgL4As","baseKeyType":1,"closed":-1,"used":1737241832189,"created":1737241832189,"remoteIdentityKey":"BXOTrJExlucng1kJOZOA/2DdlBZdyuB3K6w+K9l/1sEz"},"_chains":{"Ba+bjSZE5yIUtT/rERpZrZQTTLF4wHF1x9MOfstrN0Fn":{"chainKey":{"counter":0,"key":"EaEH7rYqgdHMwsxgRNpvSRRBHTsAaIFwnvqPdjLvtgY="},"chainType":1,"messageKeys":{}}},"pendingPreKey":{"signedKeyId":1,"baseKey":"BUt1ovgOyxXgW3hI2hS1piX6tf6A0p2vfWneH1YgL4As"}}},"version":"v1"}