{"_sessions":{"BdmaSITguQnwFYAip+lH9uuPbge3PUjoxSZgeF9Dn7tN":{"registrationId":786381066,"currentRatchet":{"ephemeralKeyPair":{"pubKey":"BZsKHQ2+2tMGQC4EbfFqkn63PAGh8PHV25qY9K4xxiEK","privKey":"iKzUSda/GdRA4dd5QgR66TZFGA31o801SIfVSZQ8AE0="},"lastRemoteEphemeralKey":"BQmeYwQrhGGwRJZHumbl01+os8BPvBYeoV54EAM7XuN4","previousCounter":0,"rootKey":"czAqhyMM8nVaYiuCETa/WteudZjowM8q8IACx70/xpk="},"indexInfo":{"baseKey":"BdmaSITguQnwFYAip+lH9uuPbge3PUjoxSZgeF9Dn7tN","baseKeyType":1,"closed":-1,"used":1737241832194,"created":1737241832194,"remoteIdentityKey":"Ban1vsJSrr2WaoguJXlnkWE4RtY6ZdNsIrfLRfHGQs9y"},"_chains":{"BZsKHQ2+2tMGQC4EbfFqkn63PAGh8PHV25qY9K4xxiEK":{"chainKey":{"counter":0,"key":"tSLcJgm4E/+iTlzG2CC51ljYBVfPgKLmfdIktKy3cyo="},"chainType":1,"messageKeys":{}}},"pendingPreKey":{"signedKeyId":0,"baseKey":"BdmaSITguQnwFYAip+lH9uuPbge3PUjoxSZgeF9Dn7tN","preKeyId":1498137}}},"version":"v1"}