{"_sessions":{"Bebob37ns/DQi9vT2En9y56P28u0JImDrXwsq2hRc/AQ":{"registrationId":1622843029,"currentRatchet":{"ephemeralKeyPair":{"pubKey":"BXr45/KDpzoi+EZJXwdeApCkQo50Crxzb8oLY1pCrYQG","privKey":"cGeOHaEXg6xG5Vsnd6TdWjTwAiVaQmglsEdEi4rbAkI="},"lastRemoteEphemeralKey":"BYGl5Mt3TLc7eazvoistP4CFNJnEHwwcYIk2SiZCjSBj","previousCounter":0,"rootKey":"O/2QKpcZGj+ho6LNyxYD1fD7TpvYUSjHoaf5upcsSqM="},"indexInfo":{"baseKey":"Bebob37ns/DQi9vT2En9y56P28u0JImDrXwsq2hRc/AQ","baseKeyType":2,"closed":-1,"used":1737242143815,"created":1737242143815,"remoteIdentityKey":"BaOZQDgid5fgIowMgIcj/8RsiyffD5prN/muK8tHvOIY"},"_chains":{"BYGl5Mt3TLc7eazvoistP4CFNJnEHwwcYIk2SiZCjSBj":{"chainKey":{"counter":0,"key":"MkJgQrUUb9p8kNfxokb0eyOcQAfJzAbcWqgrjtGnOCg="},"chainType":2,"messageKeys":{}},"BXr45/KDpzoi+EZJXwdeApCkQo50Crxzb8oLY1pCrYQG":{"chainKey":{"counter":-1,"key":"Fg2mAzorxbiq/wmmj3vnHcuVvbnB6tjCLw80SFF2ofg="},"chainType":1,"messageKeys":{}}}}},"version":"v1"}