{"_sessions":{"Bc7g+n4QiSY45qZOebofnLt1rodje97j79j9g1Byb3kP":{"registrationId":65128150,"currentRatchet":{"ephemeralKeyPair":{"pubKey":"BS6BaHC1XDwK4u/XefGg8PwpKgV8bU9mWoqQJM2j1z0P","privKey":"2H65nO2KlSuHVbxhJ5X/BZRwcASUiAPbV4njqdlZimo="},"lastRemoteEphemeralKey":"BfOgAPtC+XnBM1KKkJK+X86CeIpUOfq19NtbI/9WZ7oV","previousCounter":0,"rootKey":"+1Bk5Vppehex5oFb3ai9Al6UXC3xWvEliHBrFD/lP0s="},"indexInfo":{"baseKey":"Bc7g+n4QiSY45qZOebofnLt1rodje97j79j9g1Byb3kP","baseKeyType":2,"closed":-1,"used":1737242265205,"created":1737242265205,"remoteIdentityKey":"BcjHSgC2Fyj6NBjvjeDd82Pl12KfSnvtUZrd0yfXwUwi"},"_chains":{"BfOgAPtC+XnBM1KKkJK+X86CeIpUOfq19NtbI/9WZ7oV":{"chainKey":{"counter":0,"key":"nb2NRm/9VBigNAKnMM/X4LFNHeD/nOjPxRhzVFbOjOg="},"chainType":2,"messageKeys":{}},"BS6BaHC1XDwK4u/XefGg8PwpKgV8bU9mWoqQJM2j1z0P":{"chainKey":{"counter":-1,"key":"Hih14YrsjdC0S6Hh/BPqmXmk6C2vVFgGlXuTRQMg1g4="},"chainType":1,"messageKeys":{}}}}},"version":"v1"}