{"_sessions":{"BQssF9JHmvzfdfcVB731Q2zuvbGY2Mob5A53zZj+TAFu":{"registrationId":1377406098,"currentRatchet":{"ephemeralKeyPair":{"pubKey":"BRlgKXrUL8XmtgfHOf9orYYTaAzGJPTFvv649qgsKwUp","privKey":"SHwapN4LhDsPuhFlJ/E7vVguCtwJX1/Sui82v5rObVc="},"lastRemoteEphemeralKey":"BQr8AFmWLCmdMbygMxLMJhPUWZIZrLncgwsQLst4H1JA","previousCounter":0,"rootKey":"gMbrrZJXjzlkBJVXQqJJmHPI6Q/Ex3dZv0kgS54FrH4="},"indexInfo":{"baseKey":"BQssF9JHmvzfdfcVB731Q2zuvbGY2Mob5A53zZj+TAFu","baseKeyType":2,"closed":-1,"used":1737241794880,"created":1737241794880,"remoteIdentityKey":"BQIAgag23kXpfVCWOn6g1cr5rEhZhqbHpF7OIPl9/XVa"},"_chains":{"BQr8AFmWLCmdMbygMxLMJhPUWZIZrLncgwsQLst4H1JA":{"chainKey":{"counter":0,"key":"WgQtRk/aFDKI7pewzjM1W/vXovi5uywrgR8kyqtD0eI="},"chainType":2,"messageKeys":{}},"BRlgKXrUL8XmtgfHOf9orYYTaAzGJPTFvv649qgsKwUp":{"chainKey":{"counter":0,"key":"97UuJR373SPNrnXVS493yYL+QxiRbGA/TL2Z/+wTLAE="},"chainType":1,"messageKeys":{}}}}},"version":"v1"}