{"_sessions":{"BQzKYRsZxiXTprc3SPSoCQMXN1McaNRv+wQoWMiwi8Vl":{"registrationId":914197735,"currentRatchet":{"ephemeralKeyPair":{"pubKey":"Beu//E3MER9m3w884NaZJjCc9mTBbSQjADHTm17g7J4Y","privKey":"+JOUggxYOxxlUKMdDP/UiAjx6i1y4fOSa13rE1zjDls="},"lastRemoteEphemeralKey":"BauCR80Q3d0TknjoVlwbLCyfqkUgbe8BUc/xt0tMb/gB","previousCounter":0,"rootKey":"hgwK1Wgu9bxbFNdnBLBU4NBHOZByZ0djCH5j0jwI7xg="},"indexInfo":{"baseKey":"BQzKYRsZxiXTprc3SPSoCQMXN1McaNRv+wQoWMiwi8Vl","baseKeyType":2,"closed":-1,"used":1737241803625,"created":1737241803625,"remoteIdentityKey":"BbQqPCdsRiE7/T5bFLTAEoJoSIm3NLXfIWb5iUX9V4E+"},"_chains":{"BauCR80Q3d0TknjoVlwbLCyfqkUgbe8BUc/xt0tMb/gB":{"chainKey":{"counter":1,"key":"GC+tJ7yB8PRHgtZ/9l2ux2l+mueMJ00HTpcfFVjIV7c="},"chainType":2,"messageKeys":{}},"Beu//E3MER9m3w884NaZJjCc9mTBbSQjADHTm17g7J4Y":{"chainKey":{"counter":-1,"key":"c+kArKcproKmnxHXZfgvF1q28kbqi3HuRPnNcSBca0g="},"chainType":1,"messageKeys":{}}}}},"version":"v1"}