{"_sessions":{"BaVhRYIioGCZrCdt71BctIJj3FW3nS9E90Dla1iC8VNi":{"registrationId":14080631,"currentRatchet":{"ephemeralKeyPair":{"pubKey":"Bcx/e2ZPaAP/OK/3FyERpHjnNPOH8reZIITIw9DpZkJ6","privKey":"KNA46tYp/S9hF12LQBHAGacBER0CjYgFrm5X3mDPflw="},"lastRemoteEphemeralKey":"BX9FwBJkjUtzl8yAe2paWWi0pc86Oh2OOrFyOfzYPtUT","previousCounter":0,"rootKey":"BL5x7VxerCkMW+M5t+E/sDCZ7VkFibmnVIQU1sdo5zQ="},"indexInfo":{"baseKey":"BaVhRYIioGCZrCdt71BctIJj3FW3nS9E90Dla1iC8VNi","baseKeyType":2,"closed":-1,"used":1737241777988,"created":1737241777988,"remoteIdentityKey":"BYq4rK3WkZo/06ecKtv1/9+1Myh4xjYCG/B3Te+JPF4r"},"_chains":{"BX9FwBJkjUtzl8yAe2paWWi0pc86Oh2OOrFyOfzYPtUT":{"chainKey":{"counter":1,"key":"IOgzBeDbKWcHJVSNtXt04z6S6KAaWXkeJyqNXOm/dwI="},"chainType":2,"messageKeys":{}},"Bcx/e2ZPaAP/OK/3FyERpHjnNPOH8reZIITIw9DpZkJ6":{"chainKey":{"counter":-1,"key":"/vERd6UWMHe/hkrcRhwzLZrSe78dxjwDqLmnbEGoEeo="},"chainType":1,"messageKeys":{}}}}},"version":"v1"}