{"_sessions":{"BbyHkC/cBJsBq20tGY+AUpLaTgb9aELRqQ/FaJX/7JwI":{"registrationId":651350063,"currentRatchet":{"ephemeralKeyPair":{"pubKey":"Bey3UFZPkrZoz8j2b04CYDyY+6TkTwo3s/cPYWdGyc56","privKey":"UIxN2NNsJZf4AjB/henp79aNQaQSDlE0T545x57xQHY="},"lastRemoteEphemeralKey":"BfwXzWPJymhsmNbHXsPbPNpzxdlIkeckMn3V0FNfC54L","previousCounter":0,"rootKey":"btECNFrAwvBsdwbD5AeXUNfuqK0ohXj1EfFhdlkgV74="},"indexInfo":{"baseKey":"BbyHkC/cBJsBq20tGY+AUpLaTgb9aELRqQ/FaJX/7JwI","baseKeyType":2,"closed":-1,"used":1737241780191,"created":1737241780191,"remoteIdentityKey":"BXwonOUq3oY1IOkWTmnooI6EMc+GeE0RFydo1Y/cgzRd"},"_chains":{"BfwXzWPJymhsmNbHXsPbPNpzxdlIkeckMn3V0FNfC54L":{"chainKey":{"counter":2,"key":"bVwc6rcLMH4O/0Dpy/Vb8w0A7ePRevSQ5XgNQXGt/Is="},"chainType":2,"messageKeys":{}},"Bey3UFZPkrZoz8j2b04CYDyY+6TkTwo3s/cPYWdGyc56":{"chainKey":{"counter":-1,"key":"wGv9dwiLn/QL+HAlCsB5pLHtrPNMF81H4mKWPJMh358="},"chainType":1,"messageKeys":{}}}}},"version":"v1"}