{"_sessions":{"BeppyQx6EHRFrfhRPSzkyrEOVDWojgmHogC5/Y1uGBNT":{"registrationId":901731326,"currentRatchet":{"ephemeralKeyPair":{"pubKey":"BV/zX75yDHyth+g9VghnlItWULf5WDqWls2oYgx4pcYk","privKey":"UMDeykfkTEBDNVqJ1MS6T1jxVpHR1lL+YFZFIC3U+m8="},"lastRemoteEphemeralKey":"BWJj/uAp8z6oj8Yzpd874JylXKxsENGbnwLqkrDFtWFE","previousCounter":0,"rootKey":"pgU401qLCyXZaRvOw62zuLzfTO4XWYBOG++F9V2NGkg="},"indexInfo":{"baseKey":"BeppyQx6EHRFrfhRPSzkyrEOVDWojgmHogC5/Y1uGBNT","baseKeyType":2,"closed":-1,"used":1737242167433,"created":1737242167433,"remoteIdentityKey":"BWXgYr4AqHzuxck83E/GHQCU41qyJGxz0/bhd/Mxd7YD"},"_chains":{"BWJj/uAp8z6oj8Yzpd874JylXKxsENGbnwLqkrDFtWFE":{"chainKey":{"counter":0,"key":"tx3NlxbOI3pVX75T+yPXOT9bWJyHQz7wN5v+Yr0DQR0="},"chainType":2,"messageKeys":{}},"BV/zX75yDHyth+g9VghnlItWULf5WDqWls2oYgx4pcYk":{"chainKey":{"counter":-1,"key":"7ZCPtHf6k3Do9gDTK+HAv5FOaRTLTMteaQQbQQuc/ac="},"chainType":1,"messageKeys":{}}}}},"version":"v1"}