{"_sessions":{"BfjCXyVix7DMORy8ZZKFpFJpKVlpV3Ui8uH6Fjg4zXgg":{"registrationId":1112828378,"currentRatchet":{"ephemeralKeyPair":{"pubKey":"BZ7qkH3++g9JwwNjSXrLH92oSPvVzN/9fbj2cIwZeq10","privKey":"GIOb3wOdzBWuAvePzZva/PbKU9XeAH2/qJrB3BM6i2o="},"lastRemoteEphemeralKey":"BYdxT79QSByCCyn8WhInJ33IsrR0FiU7a2aCFViv+dR5","previousCounter":0,"rootKey":"qk2khYjr5bxQ1IL1dLF1omLSbJUIfgd2nKJ0XqKEdwk="},"indexInfo":{"baseKey":"BfjCXyVix7DMORy8ZZKFpFJpKVlpV3Ui8uH6Fjg4zXgg","baseKeyType":2,"closed":-1,"used":1737241773631,"created":1737241773631,"remoteIdentityKey":"BSWN1pTYLK6YW7vwoRdU9Vx4TgSJEcVFYcpbhMeUTSAi"},"_chains":{"BYdxT79QSByCCyn8WhInJ33IsrR0FiU7a2aCFViv+dR5":{"chainKey":{"counter":2,"key":"Z0+pgKLhE+fczHdxK4B49UfIqtW/1FJXUZHzhsRQe54="},"chainType":2,"messageKeys":{}},"BZ7qkH3++g9JwwNjSXrLH92oSPvVzN/9fbj2cIwZeq10":{"chainKey":{"counter":-1,"key":"f6GsiF5T8zoAim1hB6ZOhuJmqWw0J+E21uKnAlks9/M="},"chainType":1,"messageKeys":{}}}}},"version":"v1"}