{"_sessions":{"BauO8qs8D/Ccvjcfuyeb+uLl59PQbvWFgnqtrnwjgKoV":{"registrationId":710868640,"currentRatchet":{"ephemeralKeyPair":{"pubKey":"BRH65tjqtE0ux00sGnRZZ+bruujwHr5I3R3Y7AoRVoko","privKey":"qLoDBP1l0RyEJeR20lZmYv1rb0fyb8jW6ytplPfPx1U="},"lastRemoteEphemeralKey":"BcH8KtfIW5oxaHLcxQCOArRRzvvY2FWhZMblZh0KT8B5","previousCounter":0,"rootKey":"EMhbPOxctJEdXYLywH60Mjg9VGRUIAmjyyDLVyA+P2s="},"indexInfo":{"baseKey":"BauO8qs8D/Ccvjcfuyeb+uLl59PQbvWFgnqtrnwjgKoV","baseKeyType":2,"closed":-1,"used":1737241811071,"created":1737241811071,"remoteIdentityKey":"BU+R11KQESCq9/W85W+NMrSQuJ2aqJoTW9+O8Oqk6GVk"},"_chains":{"BcH8KtfIW5oxaHLcxQCOArRRzvvY2FWhZMblZh0KT8B5":{"chainKey":{"counter":0,"key":"fjmzdQ8raesSlv6vmdwUHyyAVUV6ts8jhHN+s+S3bAQ="},"chainType":2,"messageKeys":{}},"BRH65tjqtE0ux00sGnRZZ+bruujwHr5I3R3Y7AoRVoko":{"chainKey":{"counter":-1,"key":"08ipMZYQMfbeoezXebc5+vF0PHL99NXXsGjIfT5QdIw="},"chainType":1,"messageKeys":{}}}}},"version":"v1"}