{"_sessions":{"BWCwMG/QmQVnB7/x7bJxnWuY4fMR7sxE2xXHuuU7L75A":{"registrationId":1908945508,"currentRatchet":{"ephemeralKeyPair":{"pubKey":"BYNcccxS4lQeijvYZMcg2ucfCILvR8oVZutPXTyB1E5Z","privKey":"eEDjYUTtTdU+R3z+m7Pn5bRzDhZhZ0Y7qT66g6dhOVg="},"lastRemoteEphemeralKey":"BVbHn6Em5AaQADw5HK7QUqV2i8SMyNO/bLBqs368VCMS","previousCounter":0,"rootKey":"bVEK8PS6u5AFYcOpyWjmOnEVnUbGrJjXMsI7pEKVgm4="},"indexInfo":{"baseKey":"BWCwMG/QmQVnB7/x7bJxnWuY4fMR7sxE2xXHuuU7L75A","baseKeyType":2,"closed":-1,"used":1737242195721,"created":1737241775593,"remoteIdentityKey":"BZbYChzCoreocRZeX6KpP71T7QL1jrkBu3ci4QBNFV0I"},"_chains":{"Bbls41J5q2Zg8k4p/o9ySS1qaZ8mVQZqxXIADk9rO/4U":{"chainKey":{"counter":6},"chainType":2,"messageKeys":{}},"BVbHn6Em5AaQADw5HK7QUqV2i8SMyNO/bLBqs368VCMS":{"chainKey":{"counter":1,"key":"zC0duGy5GRwgVrIGNxbTuTkqbWDBWFx3+8RnJfx9/xw="},"chainType":2,"messageKeys":{}},"BYNcccxS4lQeijvYZMcg2ucfCILvR8oVZutPXTyB1E5Z":{"chainKey":{"counter":-1,"key":"x2FXnMGUPMQJAJoKs6G4jS7qJJltAf9oKEAP/BQkmtk="},"chainType":1,"messageKeys":{}}}}},"version":"v1"}