{"version":23,"hash":{"type":"Buffer","data":"beYobaR1ZHxrJFvqqLc9u0eYfmYUa5vAukN7rU4FCu9SJxhdbqJVEFk9areN2zXHZRfgQyp/yu77OWxlOEve01dND049RCPlZbNzRF2VBx4KFZPdwJFq6xUdR7FjKkIV8QEaJWBi+grnmCmg+Zbif3qHQlr11oVaJdNhwe/F8SM="},"indexValueMap":{"F5m2YasytVQxbpwwXV6zz3TDPGBM+XF9QGVmLIkDJ0I=":{"valueMac":{"type":"Buffer","data":"ylR5txTYf+pIz9SUYsSyJzmNTgI9jSFbQJp4OyEDqac="}},"W0gH09hX6PwPQnvfkF45QE6dnK3PzGPV/uNqnq6PlgQ=":{"valueMac":{"type":"Buffer","data":"5BSET9pApVF8Mw6sq1I2DxfoF8OEdCkSNiAgp/QOksY="}},"ZKLvMuXHmjjRTG7mYxKGxs1BM+M+ZAWfoF3F73tX4iM=":{"valueMac":{"type":"Buffer","data":"iS9NSsWqvgu+G930wJ62vKFbSlwYwOdUlg67r3uojwk="}},"aDWWw74cafFEDXNaByBDoxIrr8Mn1R/x7UAhJD+cR/8=":{"valueMac":{"type":"Buffer","data":"PqsCi24yxn1ZwH6dlImqShdHJ0NItwfTrQ2E+Pqj4FU="}},"gQzg9jSnUaTSvn6L9x2i0u6ZhK2ABLGYnvDlPgYJafQ=":{"valueMac":{"type":"Buffer","data":"xAgQP8MmUrXG4QzoGlYu1KS1z0/+8TMmWqaJWRMdhog="}},"u0v8+flKSarHlwZOsCcfyUsE+VRSdJ1UVq3PghGLfwQ=":{"valueMac":{"type":"Buffer","data":"0O0Z/4uX4ch4UAJbEa1tpmAC0daU8GlU1r5mu9pTOTA="}},"1us+OmJz2NbLkr+VNN2uEw3rkdIljKETRgdI1h1al80=":{"valueMac":{"type":"Buffer","data":"KltZ5qks55i6L+uwhK9gxwbiUyh7BJ4OFSXfIqYZZOQ="}},"uNPW2g3m1aOfVLvCunZAcpnysmGIjK26zDDoZgpRxhw=":{"valueMac":{"type":"Buffer","data":"L5P/5aG8GjYw6DWcPt7wYN6g9Ax/6mRLiq2Kttz2txg="}},"XD7eLFZsF9aEGYX+zDRlwyUbwumsDx+T4RHoy85ojJo=":{"valueMac":{"type":"Buffer","data":"60etmZOvMGswbgZA21sCXpVp89TPMX/L+RdFrzSsZ/Q="}},"OK2vdoKqBh+CQ2BcmStk/+pDxYiZZTkNxQ5tW198gag=":{"valueMac":{"type":"Buffer","data":"bT59LiMHf0nr7Uj7tMIUZBhBDoUrOXuyH0VWD/XGbLQ="}},"ylfji2CFh99fIws5JV+w56C4qi+5w7XsTBEp3iqGXH0=":{"valueMac":{"type":"Buffer","data":"MTkUKdlSrzrEH0F86ytiJLlVK8tXPGbTaydZqnerRg8="}},"PYVP1tiyVYMSDfBK0j8Zjnn6IE1VdU2KOmx5tciwrv0=":{"valueMac":{"type":"Buffer","data":"+w0DjqGU3Zg2kQP3qkjhOy/rfS3/iOeBZDs860MNF7I="}},"PWd9M0ONnadB4TqXSg8mGzOjKMSHGVwd1COpC5izPHg=":{"valueMac":{"type":"Buffer","data":"toL9jw4ZcwHun6yEiZ120B3g57MstaLLkk72fPEocHg="}},"2E1yQOE1/n/8gFOWf0yCblWIlOjQdCitg13zmklor+k=":{"valueMac":{"type":"Buffer","data":"gjFiINVO6ouAzKAxEKTP1o5xctkEY9M0Fo1RnCaMLzk="}},"CSGfhbiJhHqIT+W+DG1mmdlqy6N8nXUoaIS/G3ai9ro=":{"valueMac":{"type":"Buffer","data":"6uYpFAfywlcEf7Al2Op24Lti3Yv6fuyY6ARgubodxb8="}},"MUHDzWxUinRwoIj5wWt8orndRyn1IqjYOQfJjaPS0EQ=":{"valueMac":{"type":"Buffer","data":"6hA6E4Z++SIHHKdN9DWVl+71BN6A5cSSQ0ZqSYvrGp4="}},"RCZCMg+8N3GVvZXfoBQ7ndBYexyZ00UNbCXMI4eHMM8=":{"valueMac":{"type":"Buffer","data":"XzjovSYPMqgjmQy5AkE/l4pR00MQ0zc2kAhxRa0wNN8="}},"S0wGO4WtR+Tnkjvp4Is3WITjTKTxEWWli+D010b4eWc=":{"valueMac":{"type":"Buffer","data":"8ZhL3yJh3hHQOU8aC2XtSSa2E0GDoCR+wtzbYYdgV6g="}},"bikEcqmCm8p0ILoDUR+1hVQ2vmFs+A1utoIUdDxh9T8=":{"valueMac":{"type":"Buffer","data":"FBzdp/5iUisvLnihPtTEHFPBVXFpBhHGy9YUlxHzslU="}},"jcID97s5rw/NVQwFDv5o8+zXsKZ08N1IZ+V7PN3NCmQ=":{"valueMac":{"type":"Buffer","data":"NeY6oTou+q2gVc7kpLjqGPF6e7vTgPPQdbxWub04b8s="}},"+4NvY856QQcdvHByyxW7N3gXf1hJoBmiG0KV+LN38Oo=":{"valueMac":{"type":"Buffer","data":"w1GwKm+m0NADyzNMkAURU1Vk0CnpNNdaGPCCk5fxheA="}},"Jn60NwwMqmoMsoHJ4ZZf5sxaNEGCwwU9Y/cgsp88wfI=":{"valueMac":{"type":"Buffer","data":"V4QSuLEYw0L2IQU4zn3BJebys0c1tg5zzey2wE8jISY="}},"SVHlPi9xbsmmxzcu5ezTFWs0WvpwF03iQsNkAA1Sx00=":{"valueMac":{"type":"Buffer","data":"gIURMqtEaLKANIR1CJdIywtfJR8JOH1va07Kr/+A+i0="}},"2HNETT2YUI90ziiFdYLU4VQnTaNZZoGZx16IV/avMnk=":{"valueMac":{"type":"Buffer","data":"B67BZfy3K1VZCQlS7QxmIQ41DfXgdvdvX09vdGnWgX8="}},"LvMFcI8DarEJpWJ1HtDXq/py9bqtM5t39IIdSCTM28s=":{"valueMac":{"type":"Buffer","data":"7IhTFBPgsgn4+9PzG6gth3P3kMV1ph7jdwZ9/QUVo0E="}},"56tgbpErXTQiaTkPvS8BLLStKTIFcBsqhJVrYDPqD6g=":{"valueMac":{"type":"Buffer","data":"RjzDzoAnc8xzJko/CMfVJ6yDZbQnAG5R8djjFq/tgJ0="}},"GQl4vaV1zdpdB545FCelJr9AZeC46JmpZm9ICuVZOLk=":{"valueMac":{"type":"Buffer","data":"pVW+ul3EUHBdJYhBZNsguI4FLpOmNdAyYCMl8U+zWjI="}},"G13QPi7ZcCQN2XEEXlI3Sj4Vm4uNQirOOA6k4fC+XSo=":{"valueMac":{"type":"Buffer","data":"Soi8bFTasjnrzAFhekm8g7CCJ7yfVaw01odd0Ili+3c="}},"0jtmjOVOrpmJzY/DnLm96wZ0wz5jv4YCS+Te8bU47FU=":{"valueMac":{"type":"Buffer","data":"NeXIgdNCgcq3TN/jxwD0EqUOOvQXXaC6v0Y8XlW/H6s="}},"VMWD2b6UqlS2v1aRRGvnXRYr9LgikyCyuoxsCfPBwCc=":{"valueMac":{"type":"Buffer","data":"N4jNmQh0ne78KWqFt3r1oY867NJ6dIQSJ90PgYZ1qZI="}}}}