{"version":17,"hash":{"type":"Buffer","data":"e9mGTy2nDeGqp0HDeKdOZlW+LbNIuYl9FvZ4QpsB6MnImsmuPSeotSwsrzogEkYX4E+Y2g8/lkh2JJchh4qAcDSA0aaY5SOk0f3SCtzmMI0yVV58Zvl1Z2No7KIP1CD0boC1snJhOZBdji5+i57pQeAguJ2219rDTUoyzDNL/zk="},"indexValueMap":{"ASLPA2CiukowVQBok6RkPyvTbK+qhbGV5q//uf1sBBc=":{"valueMac":{"type":"Buffer","data":"umS+J6TQx/EVRspazjPfcQqV2ciUe+MNzpbgGkX8GOo="}},"AWskC1qAKP5UQtABXcZl0A6/hdhUBHiYFVV2okMgCqA=":{"valueMac":{"type":"Buffer","data":"cP3wolrkdCy1SurnDwVDcpvlZuu3vx8m7nTr+jPWQvs="}},"Ap6Adw7lRWq9e5WSDGvASVgo1Dq+O0MAmTWhs9EYcKg=":{"valueMac":{"type":"Buffer","data":"cHQTdNhBlm3X3p/XHb/rzwyOpAmhAX/1lMt6Yo0bz4M="}},"CKspxjBIhuec/kK+fKmQWJBpjyukIkQMgzRe3cE0LgE=":{"valueMac":{"type":"Buffer","data":"zwchGtaqE698LxY+TqoOKeSZoupiaDdPklK7nd1xnwk="}},"CTmP+4HoaNqEBaaed3ZG7qptN+GB24ICdWt4BuF8fbQ=":{"valueMac":{"type":"Buffer","data":"bjBmICqFM1IrPkemUb3H21sQ5LFI5+K5qP2gaEaLS98="}},"CyflcGDYhdnpFDmasWNwILZvMYZjDsasVBtJyy6cQqw=":{"valueMac":{"type":"Buffer","data":"3rSGerpo+U5tJt0h45f0lvQTFleXl6l2KivSuJ5csGY="}},"DhkQ6z7Z5ICt+LGxS2+ogQue40IY2kj0YBgwbdZjgig=":{"valueMac":{"type":"Buffer","data":"jZkIDvx8Qq7c5YoPOOxU4AS21LjflnrEdi4bsPqgb4k="}},"EstxHs1gTiehnbEqpkm4yM63HwNjE0JPSLUlVDZ4ROk=":{"valueMac":{"type":"Buffer","data":"UY3/bbe2jnwtybWUPQteTjYI6vs48xt2e0eQN2NanYs="}},"E04APa1A7OOC9yQoMSeyC+MsQIL4A+8K2tp2laM/u1Y=":{"valueMac":{"type":"Buffer","data":"YsjKrI1VFKBKo/BZoJOuTJapNo7Doa7pyBgmPFF+WRw="}},"E7HKHEg2isyH0Fcov2WB/cjDYhmiSJOgY+wF+aEcqtA=":{"valueMac":{"type":"Buffer","data":"bGyTV6LUArXrgqE0Ykj/VCYA2Hx2PJlIYqF0RXy4QCI="}},"FBW4svyIEvBfTnKwDdguTMkVEjJnlOEwFXFjp+AR/bI=":{"valueMac":{"type":"Buffer","data":"SwU8bzfi5oPlagPxNbprJ3U0dWslEnF6PjTazDZFNvg="}},"GC7I2b6LHwYUxFcBALgeLh+ur0DUHf0iDJZ2zN1G7BU=":{"valueMac":{"type":"Buffer","data":"Nv2quDSxAhPyeKwXWT3IuBIKPrm6Y6trz40heLDicJQ="}},"GPsamqwSQqps4ZlTuZ7WISQYRmuNDDa6qsKD9cyj+3c=":{"valueMac":{"type":"Buffer","data":"0e9/68KwhKKrBJTybIdlv250wQRDgrY90n7Bj4sEGSM="}},"GvLuA2BOy4KjsYGou0f0neoqBUiZQ+x2QWMpOyZUurI=":{"valueMac":{"type":"Buffer","data":"KQO2/ScV00si1tcsEEVUMLQSuAuG0QKacWgfU60Oi+g="}},"H5Bpki1VkfOrbYvMaF5AoOqOjanFcV7IdlwDmzfZXLU=":{"valueMac":{"type":"Buffer","data":"JVT2I4m+4vSXNeVHIFEX+TAr+9GkJrcsYF8pHbdoz8A="}},"IG2vEHmfJBCwI8j94bN7aUZ2/xnLPzDBsEA8TWym5Xc=":{"valueMac":{"type":"Buffer","data":"mLTlfk/CIxZA896qLtcfqsL5BaJmSHuXqRCbU+FMGVU="}},"IOxaqqjrYphVRRQpfUHlKvhbg14ci/DR3PxwE+ygm/A=":{"valueMac":{"type":"Buffer","data":"jVpkDOP+c6C7rnDm1+aitFSg7Vl7rvHNyQvK0tAwN+c="}},"IpU0e5fStQc0s5WuKiAM1sePZ8vKqJgRZQPYuk3HP6o=":{"valueMac":{"type":"Buffer","data":"G1616UmURXhf4bRX3bXOrvj39f3Yu/Zsk9gOUSGhDoA="}},"JAhpFM12eOHpqlYPZpcrP2suPjnE69Z2bBV/Q2TUDx8=":{"valueMac":{"type":"Buffer","data":"E8ARnt6mEM5hHNpmlM16SXg7/DgdmGW1jzic0UOzMyE="}},"JWAYgVbzzAtCwWEYDKWn+Br+J8pB7ykf/vk3AWcdEa4=":{"valueMac":{"type":"Buffer","data":"07jO9Zcl+1v75gxyPO7WWeAFyeS+7NpwectjKZi5Cgk="}},"J2A8cMhupC2uPEVHoKvgYYPEjYqMie0g5qi+HLAO2QY=":{"valueMac":{"type":"Buffer","data":"UbDzeWy6DVU+34YgwA+RbDlk4/Gz1/kPvfAUJqi5mnw="}},"KJFExsYZ1wn3mrupwXnKN0UPf/q+7ybNY33Le/89aKk=":{"valueMac":{"type":"Buffer","data":"tBVgNNa4/1wRwhqStyDzF+wR+ot2edJZsQUqdvbHbH0="}},"KSmsmWMvi1S2yHKNFSGbA8n5YmjDufQJgK0DNmuD8w8=":{"valueMac":{"type":"Buffer","data":"Fqxqf5VmRbhMIv4rAy/SBPtduFlffT9MXT2iJLmd7ls="}},"KbNMinlHLDjcG6+zpDJ0AMdhuuWHsUgBsUc7hGpSyU4=":{"valueMac":{"type":"Buffer","data":"GOAKqJyS8jUlw39dbk8ayWypjc6POjRFNWfrDEf0Cq0="}},"KsA9iOreBXdpzHzMxkvxicfK0OHOAwF/psKmmgPbAOg=":{"valueMac":{"type":"Buffer","data":"s6TC5vYnKD4ijJbHvbYmwpXBvsO/kH9xxS/AUOf1nZE="}},"K35A7UGIW8fqsZf32NQuADMqxEp1JawmcsToyUyE8rw=":{"valueMac":{"type":"Buffer","data":"scXUiQOXNw6UeSmLQUUyMTPQo2J5xqrw3Czfr5f2/Go="}},"K+vx+Q8ZHnseirF7LDlmFTYs/OU87kjAowhZAmuMIj0=":{"valueMac":{"type":"Buffer","data":"55oKHOLtgztZOyA4Nak+ZFHJqYC/ghNpKGsNtUVaV6o="}},"LAJ0Pu3yqre9ytHSRpFNOsGztGSYgdwW3Td5Y/i8qkc=":{"valueMac":{"type":"Buffer","data":"L2KWZd7pQX55XHv2zmbe97KUtuKFBSoD+XfzkKkcNnc="}},"LSBXj4dFRAC7WvlHr+ieiAYpbOz74RPlPBHSu3fOwsE=":{"valueMac":{"type":"Buffer","data":"RQiHVurd++kjfAb2KfukeYNwY5jAA0QosHkvwVqYW2I="}},"MWQkuV+j2GHooDcCjuC5GYkJW2g058yDyQHqpX6MoCI=":{"valueMac":{"type":"Buffer","data":"stUFM/8Wks1eyRuCjF6tBWJadCNljqO8a+Glw1AXI5U="}},"NBD4IRGkyZsWXrOavckYJVbwM9+E1VxelRG8VjT8fAQ=":{"valueMac":{"type":"Buffer","data":"V8aavWz4jajPYOMd0Bu1Lu7sj1NxKZ9FodUa2Xn7oK8="}},"NIGaxZnvz3Dxm/7FZDhhFuNfIiuxChz8B89UJrLAOHU=":{"valueMac":{"type":"Buffer","data":"9laHMefl4wH8XOK7KzTF3GQ524B6YfImR/8kfKpP6mw="}},"Nntce6DdsIxXORFdN/gTvl6ZPfWjWGJKDZfaNPRF0WA=":{"valueMac":{"type":"Buffer","data":"YLuHGS0sf1sLZ6CR2id2eulO8od4IFwGsaf5D2zkQ4A="}},"NpVYONizGUg309afm3N14v7vnXED+AA28uBAo8EoYHw=":{"valueMac":{"type":"Buffer","data":"346w88fooqxGRpPF3+wFAMdqva2FSbQDOXlB3xlzKa8="}},"ODBQUGQZNj6ocMsb5MxKVZIVaQPcIxoFue398rUGLAU=":{"valueMac":{"type":"Buffer","data":"dJgPu3Zu04LIuMBE/NUJ3cb3YFt+3d+tfVXLZx9RAyo="}},"OkbsIGsPDA7n17EVgIt4/EF+0pGQDkLQwb52dtsV1o8=":{"valueMac":{"type":"Buffer","data":"rHA3rsXjvmESx3inJzsMR0uDQqbzZ8dxsTDuF5K7mok="}},"P+82qoXPnovWeW1UiqApeJU4h1uT13EENLgHyMCTZ2U=":{"valueMac":{"type":"Buffer","data":"e1tGNtEhmXPtDhR57deFe1WIpmagWwQKx5q2VpFYyGQ="}},"QV9PGNctt9cEEKJh9GT18YzCCod2UkkSQm12N4HnHNA=":{"valueMac":{"type":"Buffer","data":"oYDhpWPNxjHj2taHnaxLQiVyoGOIqXSNrSMZm2lA5XM="}},"QY6FPwMvVKQj4tzQh8Wvd0xw+U0va0QQ4ANdi3p/xNI=":{"valueMac":{"type":"Buffer","data":"RR+xTAPSVlKL9dHIEdREgwznJFneiFqwFVBWGqsJOHQ="}},"QjeEoT9goBsreQgGueLk8LD5u9ygGigZ6CAiIkW/bSc=":{"valueMac":{"type":"Buffer","data":"fiu/nLxIqv7bBov5rr2vX5mDg+GSWhf2jJYPC9XLNo8="}},"QsMqO/rnnIbqkYeCy2XqpW2mWkblGFr6dCtoaoFTQuw=":{"valueMac":{"type":"Buffer","data":"PIUMf+Px2yDmAaBahTjcBWJvyOaGIXPC6VCj0H/b0YE="}},"RKITaZIClv7hFr9p5g3nZVp5oj6+UvmLaNAaIvB7Dug=":{"valueMac":{"type":"Buffer","data":"c06qmHpRenpqqZmCewEMGWZS/NIpbZsaDybmkNjs7EU="}},"RSG0VLoPo0SMAecoDqCNORx1f2leRL1lPrNL6/JsB5c=":{"valueMac":{"type":"Buffer","data":"7QHPQnzI3AosJPsiHycXlofC2roLalb+V5XL75TDpDA="}},"RjhNTIe5cABnl3oXOqMELzsdlIec6c3Fo2excLIz11U=":{"valueMac":{"type":"Buffer","data":"mMqrcT2Rr3lrLvf9ju/MxLnJXixV1v31U2zKFPvX7ks="}},"Rpb8vCee3XPPHaQ8sxvq9vTSrlMqhkJMyJDkjbvchRs=":{"valueMac":{"type":"Buffer","data":"BTEVnG8BQKj7Gz5lApthew5hOt66zPzFXCZ1kF+AKRQ="}},"RsKspvMZwdAsuyqYL4KOHiNnNgBRI3ISpbc8SDKUvI0=":{"valueMac":{"type":"Buffer","data":"yfYTmVHdkvEM/KPtzNYru04B6hJDYMYKmg9hCCIlHio="}},"R4zqlCLQALmfbzPfb9WgBLb0Ltr9uhWN19+WCuVKxtg=":{"valueMac":{"type":"Buffer","data":"7GAOD/yTWS0HlefVYbuih365T3nU6qyfaxbWx3GHhI0="}},"SA8x+m8+IRivFHDE/N69vrtO69gnPZ+V1E4l5MA4jRI=":{"valueMac":{"type":"Buffer","data":"tEEyp3wuswKjB/qaIyi/j3guZGMon4qDS+83fMtBfa4="}},"SDz8pRSeuTBvQ760hUbxmZYaW6HoMagbhVxKo5hVuGU=":{"valueMac":{"type":"Buffer","data":"fDN5dtbI21nw7AcQROCS57tSBp7YE3okHq8jZpjVG7s="}},"S+Bw3dmbvn80W2GLVtP8K6/jjbTy2StEB7DMpHZnAbI=":{"valueMac":{"type":"Buffer","data":"VTN0qLls8qE+1LsSZ+768Fl2v/lRxB+z73XDmB9Ylys="}},"TDCElh639Cpcr3PAtF+/bAyfsTRv/S236xBRYJ60VzQ=":{"valueMac":{"type":"Buffer","data":"Pvd45dJCqcIG0avyQNJSITfTETwF5GMjIxc2krR+Cbw="}},"TDNxDmqTywc9rkOLy3mF6p8chN0U5zYbNxSilLXBhKU=":{"valueMac":{"type":"Buffer","data":"pyuJGezIChU/GohI+1b/acPwZG4btPTN374Fmr6xkKg="}},"TH6LBJqmwR9Ku5I9yZkXwvnEoS1Mb4qV3p8Q0rfVei8=":{"valueMac":{"type":"Buffer","data":"w3+Vks9fvdFzB+BuHpqJadiQHki1WUZ2uKnqMoZqn6U="}},"Tqcr/uRJSzioyC2bEmQiEVcj/bi+Glr1rEeoQwoL6Lk=":{"valueMac":{"type":"Buffer","data":"9XhJPgKnY4gTORcE89uVgq03/YS/x30m6YbZoztPqoU="}},"UDNHIcXMZpSkq9zG5ll9nvODJZJ6xF0a9KnHMr4kEAI=":{"valueMac":{"type":"Buffer","data":"IcHU6Leeq8AASA57cWjPCy/6RbFxjPFc3ZNlC0UZbuU="}},"UVbx2W4tGt5yTLXj016ww7Zq6jvBkhs8FlzmrGYt/5k=":{"valueMac":{"type":"Buffer","data":"woHxCM82fD8JGreToK9eksQsJqEu1cB+Dj3naYzxJ38="}},"UVkgomrgi3RGMvLrQj61v9bMC+9Y3JB6YHcEP3A5euk=":{"valueMac":{"type":"Buffer","data":"wfDJ/MfibvTkDZGHeFtYjob+7WPo3SCZbf37wsIy0hY="}},"U2ILMGASHf6IdLFf++FUP8z80dSvP3XiqEHFPkdf4Sk=":{"valueMac":{"type":"Buffer","data":"e3k7Q4JLGtg2Neo8PsSEwfwfOwW5BsQcK4ncGyXOIkI="}},"U+Lazhn6qStzJzsZjDpo3nERnNwlpeGHAjHIhP1oeYY=":{"valueMac":{"type":"Buffer","data":"isw283IPbyrdD1bdz38O80WkSlZevuDQEgaDrl6S08k="}},"VSK3rxIrh5H7XQp+OF2b5YRILWn5uWAjUUpbduF2ouE=":{"valueMac":{"type":"Buffer","data":"k8n+ahCvYrz4ShBtXpFHD5Xg0IbaauFQ72PmhyyOXNQ="}},"VWpuRlgiFS/L55Tx4gD+tKCABVyNWfnvOodcq0rTxZs=":{"valueMac":{"type":"Buffer","data":"3mkjwHSPQ086MfFC/D8ZI9O/DHRBup0M8Gk89xtcIBE="}},"Vk9K5P+7ffZKFbdf505R/Zs5Hz0g2+MOO6NZsYHznTM=":{"valueMac":{"type":"Buffer","data":"7DWJQGryXMLXWUY2cnGQtnZRFkZojVrRjGpmPJBTpPQ="}},"Vs8Nh74TMqJ8Tcw4+SW4TsdEVrmO187q/F1pks8TRIA=":{"valueMac":{"type":"Buffer","data":"sjRd9AKhVfeL17a/8AUWlScmxnzusStmcKPVy6LOCkw="}},"W2ev5tcn3fzdmjTt4k6QjZ2cyCTelJu/ShnBpGAc9gQ=":{"valueMac":{"type":"Buffer","data":"LF1QYdmJfGCeOnFwjERHrKupVf5otlYBdH1disgRj8M="}},"W7Y86U54vDlLyWNz0sSFAb6OMiOqFPA54ES312V/VKU=":{"valueMac":{"type":"Buffer","data":"PWcHBL99LHRYQaUUiN/7ONigKtQC2HPUi3/JzHdtNno="}},"XG24TdsTtV/WrtTT7Zre1E2RHtHFQxGEaiTz6b1zXuE=":{"valueMac":{"type":"Buffer","data":"iY/dZyr3L2DIPgD7IcUiAfj/QgQNOD7by6sWOtJex/8="}},"XHTNsp9W71PZYGYTfMAoPLFisoQlpYCkbxpeJe5ILkQ=":{"valueMac":{"type":"Buffer","data":"hN5u8EEpw3m6dIrSR9TV+25tQpPLus7ehucFTRTAZKE="}},"Xixy7TyV0t7/vduowSG5TZQT8GTqFwIkDZPzgnxWQVY=":{"valueMac":{"type":"Buffer","data":"gd3MtD36kca3STiu6dXpnIdW7RxeuM5ymfCKGZY3jfU="}},"XynEI6UweYNO/BsJwn+o+bPsE9squNGMOIQ4BXzlK4E=":{"valueMac":{"type":"Buffer","data":"jX75Ep5JhU/l2QMfx0Pp7Ra6GhPrEoA6pLJ71RxBJTc="}},"Xy45QAA/GYy2BMBr3SM1C4eXFAmf1XukdOM2WRnUyLg=":{"valueMac":{"type":"Buffer","data":"JDWM8G3QEbM5LcKln8sCrdJBNNe15UDhlQN4/4SYXVI="}},"Yaz8nQQPbU4tyt9B791AEWToUcFaXpFYg9g8i4bjExY=":{"valueMac":{"type":"Buffer","data":"d6mBY0CQ3l5ZaY+pnCCr0hdOuKHGDkUlO1XadOMRhO0="}},"YlmxB34xCbFw+8XwfZs1q3KTsBhzWnvdrpkA7V3N9GM=":{"valueMac":{"type":"Buffer","data":"10kQcCHTYjEJitlb+lNEi+NhuA7QVQ3/6kMuUUoNGsU="}},"ZOGrbOQVybdwE8gurx1iGUvGL+XxFGbupcuYVjG5ixA=":{"valueMac":{"type":"Buffer","data":"LM9XMj6ZY3M12F/97N/ewsZ86uTE9m3iohVgFy+htDs="}},"aKx4wnrq31BspTSfiwcxmSL1DQabtGZx/xECpPX/Djw=":{"valueMac":{"type":"Buffer","data":"CkUVz5Ow6Nex9ZxqjXCueS1G06t9fHGnp7LYpa5JplI="}},"aMxUspRvouMEbHnb/7QLvQb/qp1yzm5irzMAkOlzEcc=":{"valueMac":{"type":"Buffer","data":"LSmpz6EsN/wcZCkQfKqASh/lIgUSmqBrDRaCHmSArIk="}},"aSBx+QceD05q5qYZ7WpzVK+etF72YCp5vGfFBFouaCM=":{"valueMac":{"type":"Buffer","data":"qk1ChwBD6oyzwe3aa8LBveFvcYO6s3aBG4FAKUsT6kI="}},"bUst1cyoKt44uE6LZd9t1BlHYMBx3nVH2xshxpeL0FU=":{"valueMac":{"type":"Buffer","data":"vJXjoNrlbGiEi40yzxEcYew5rof/V502nJf4iRklpks="}},"bpltJ7cof3lKQDK1HL7KS3zb0gn29a/QKiSAxrzO3L4=":{"valueMac":{"type":"Buffer","data":"rUSXvgKRP2bxGFxEpB/BEp+PY134cTui2N8seb+GHZQ="}},"bqfdHNGBR3WLfTy9ffei/ypvB0pHXybjyzOlnxn17lA=":{"valueMac":{"type":"Buffer","data":"DgnWNRt22uTWqnW4bY7dxKXsB1gapEDTPbS+mBycBT8="}},"bvXGpoEJbXCMZKKroB3+GQmdPUrlTgaMaG/rtKUYwm4=":{"valueMac":{"type":"Buffer","data":"fE393XyybNp5RWD6bpUQP/yMLqeqODT2YmyejVJHNtw="}},"cGZSQ3Am5dKLNPzWgVdgjBZ8kiwgwuk98zIf+TluEE0=":{"valueMac":{"type":"Buffer","data":"ZvtrfXLTHk4hfPDgrk6LOYdT9gz3f5lQd85a2b3XQWo="}},"cLVHsG/Mt8+3dPsB8X4GKI450wC601uL0RnoVy7wyoY=":{"valueMac":{"type":"Buffer","data":"Jhy2DUN3LHpicZcYVKzwB0JN3oyGqf3sFb7Y/LeoFWs="}},"cNHOPDP3NRh6pe8zkG32zFdN0wEiH7CIls/oIaXgn4s=":{"valueMac":{"type":"Buffer","data":"TSOWQxN8kXhiIQj65SCX+gKbm8ZIrcDNQvGJKSzNkl0="}},"cNvKqetkIWD4SqDOxivKV1/XUhHavZu25Cm+DQbO1Hc=":{"valueMac":{"type":"Buffer","data":"dityK5pCcQoBYLMOqmecAErBULcZ9B5yCw6McTPkOKU="}},"cUVSV6vajKTgPxiPUdAVMWd0jBawVnAMZDookZEOYG8=":{"valueMac":{"type":"Buffer","data":"bEMHYJIeIMwyo8aEpZ849XCVLjvL4VwLlt8K9IiDmk4="}},"d5mHUTYooMOey7T6m8QDSOKsXNoBgQ8WuRfsAN0KoFk=":{"valueMac":{"type":"Buffer","data":"YEOftj1NogX+6yeZJKSKRpoK4kVyxoxbeeFLGS04pss="}},"eClPjFHAGldLEYQKg6Ls8Ko21kaO/+0nlxMuf9Qq5+c=":{"valueMac":{"type":"Buffer","data":"Ni/24HJRCQyfg0eIPNQCIDq3nINDKYbbBfTbiPA1308="}},"efKuaKUXkS6nwBXI4lg2AsoDhBjaJCkSAu1D6xuMUnA=":{"valueMac":{"type":"Buffer","data":"Notoq58wDZeI2ivyxLB6ibDSOMB2sZbHrbuaQMaAEck="}},"eqrozcUC4sKbIxgTDTQOtkIechluolY1r/T/9rLUjy0=":{"valueMac":{"type":"Buffer","data":"GQnOv8DWrsm3+rSQZsVdmatv9uvIWCrNVeUiFk1/YsA="}},"ewv+Xf8iUbehEhA700g779nZkMmiwFW9UaTScd0ZAFY=":{"valueMac":{"type":"Buffer","data":"ZkHb1aSHVg9zE2aojxRA1mQw12AMxaYVg0ToLi/QDpQ="}},"fGTAZlzKE1r2YbFAfhiOupKPWojtbmM8KUktcEEDH/c=":{"valueMac":{"type":"Buffer","data":"XnWHiyQjj57v81mvulSJP5pissuBanLWNVqJFNQrdkg="}},"fQcNiVU1sS2R07r0tiE2HEEt8BAPh60Y4+7Jw2SRLtI=":{"valueMac":{"type":"Buffer","data":"mDZlxedIfXeXjmRuo0M9pL1k67RTeJjcEl9+2RzPJmY="}},"fmSO+qa+ce17fFRTtW4YdHKQ+yK1N+8y5vGKv0Xb0Sw=":{"valueMac":{"type":"Buffer","data":"FTnW1vj4VFFEEzq5m5tB5Ui9ICAzdTLBR8TZOJ1PIGs="}},"fv6Uw7FvNgYjyCHgPv7T9yq2xqshVUjCsw7Wg5xaqeU=":{"valueMac":{"type":"Buffer","data":"b7Z15MAFsyiB8S3oNUJayje36H58cfEgusJznbS+x+I="}},"fxehvegiffhmddoNuEaj8IKGuflwuJ/npfwc7idC/As=":{"valueMac":{"type":"Buffer","data":"NWZXGxEdx/R3w5nTqChzF0cxh4zUrL3w8uDfcgLIgJ8="}},"gT6waFjUI1ZDV3pN+tncLjffA3gfJplsN6dQ3uI5dwY=":{"valueMac":{"type":"Buffer","data":"gZ7hBxYIGpZ5g2tmVASFu4R4EXWngpJ1D6dqcaAFeo4="}},"gffJ29OSTJPVOH0yuuysparJumGhO2YKy96a0CA/nlM=":{"valueMac":{"type":"Buffer","data":"YOlWyEEX1rVTZulzDs7gbxc2jllOWv9ANvJQ5giG0ZE="}},"ghJXVERvEwuKJPv1wPwqTDacg68Iy0mbrlkuX3VUjE8=":{"valueMac":{"type":"Buffer","data":"V1K819j+9ugn+Vb7iWah80MNm4alEa2/JJ862obDKt8="}},"gqpWatYNLa9u+aEc3rwE+Rs0gbg1E5bWCF2XjtehqEc=":{"valueMac":{"type":"Buffer","data":"NaY+iVn1nqnXSvwGc//PEvF7cvZAGjN9JfOYKTd3QdQ="}},"gypkvPFse1+foX/k42EV3Ot2sVD7xgzUCw4Gn0Fsr1I=":{"valueMac":{"type":"Buffer","data":"G5W0UT05Sjz5loh2LoWQ9pySadWL8CAiIKyhvopzrh8="}},"hO4Gz93mWVbSNiQWosr71FQ6ATw9KMDiLQ9IM+30ftU=":{"valueMac":{"type":"Buffer","data":"GcG4iWpCJOorU44yWusodVktdjswsCK7pHJod2NjdGk="}},"hTHkcpgcUv/tViylhbtoRH6YhULl7KID5jOHawRAuNY=":{"valueMac":{"type":"Buffer","data":"4OnpxR7tBHAch1QDC0x4+OcdHFvuiIRADnz51N/KLsQ="}},"hYzFnJgk9mgRTWR0IcP02i9nwcbiFzPhljAFzQfgQGw=":{"valueMac":{"type":"Buffer","data":"9Fm4cvirhTRtVRNf/9IAfiRoRYJZpnCjPTwbdG1i11o="}},"hY9lfMB4pYYfZYL7U9+AucP2kSzrz9DefUsdh6DZXJs=":{"valueMac":{"type":"Buffer","data":"9uE0MSWHjnY+MbLka73i7PldQbJlhxqIyRyXv6xigkA="}},"hesXnGPFzrq38dSim5Gpp5rVw5xVjqBu6qx70T9/6EI=":{"valueMac":{"type":"Buffer","data":"FUsJt1BYKSTUSjUfJjoodkfa4J2kjah+Yw9lXAP1c4c="}},"iIey04gHp4iJ4zUqDerI1i2jofnJjZDHBMoN5CI9uZs=":{"valueMac":{"type":"Buffer","data":"Nms+mrxqS2IR+egjVro9XYcYqsEwa8CG9boYm0dhfIo="}},"idnhny/tKeS+DXX42AB3WzxwRzqlWQFg5h4wXquhwE8=":{"valueMac":{"type":"Buffer","data":"W2iM+RntlNi7EO6NnZ7ZcUUNzn17ygaKSNbUZxDKUQM="}},"ihG3Ekg0yWR2hlv54V3mU3q+msw/DCKovlvcNDwrcws=":{"valueMac":{"type":"Buffer","data":"OksR76Mt+PVu4nK3yhZfuXVKWXSdRM3htBOTCNgZLfc="}},"i4m7eztGPrzawTlfkiOyHtswH/sT863v3ltvkTJ6ywY=":{"valueMac":{"type":"Buffer","data":"MnW/UGy5IBEClpEYWeCNyuvYqWfbcuv1eMG+lu0nGiQ="}},"jiM7JawW00/f4ol0RJDwUNpaQAHjRMHeMoWTMYKL99M=":{"valueMac":{"type":"Buffer","data":"RvUzX/krgQN+TEP5Wbxn+nnhtVH4C8yhtoB0OKVx6WM="}},"jua76jwRmVZIrZnVLDXGDpylEbOzMtChxOpn0zSSUNk=":{"valueMac":{"type":"Buffer","data":"c0OgqSkR1WIU0y+PdBm/R+l+gh7t/3mZJ9BWAQiA9VE="}},"kUt2UPS1PjrLCWv24CdnYQjiDNf/XyUR6w9aNx1YfDI=":{"valueMac":{"type":"Buffer","data":"pe5h096ElBjYqz0C/U1sKV6pgtKoCDs3uI2PNg8vuSo="}},"lLAHwWcgGo7JQTP93bCGBgHjaobA32GXmk/nq5KL8LE=":{"valueMac":{"type":"Buffer","data":"OCixhp491mOcCz+gMqwkZq87tG/IpwYY2ZRq2iHu8zU="}},"lzqpulrtb7Qwufr9wZ1b9rtFcEuu7o4nWXKqjTaxM4c=":{"valueMac":{"type":"Buffer","data":"OX019vOaJKc35jpTL76KSA2WiMbfhQ8WSNXahQE+nLs="}},"l63BcvHRm//ktJgdyJC2vBdjBxqFp8qMmvmNOT10TzQ=":{"valueMac":{"type":"Buffer","data":"xUDChyWUyqKNHcWWtaGOZGJqr/QQqFGr2o2bvpfLEOE="}},"l+KjZnOmZ3J7mmi+m9JR8GoTxdnUjAyyWbbEsabI1iI=":{"valueMac":{"type":"Buffer","data":"JfEw/eHqw50N7WdaCpPZKXhcSIKvQPmablbZ8Iu4dlo="}},"mAtu6wrhEylqra7LdaojCtA6ukhxe4q/lAigEnYFWqw=":{"valueMac":{"type":"Buffer","data":"YSJ4PsUjWloo15x5xwAEWJkTj5SkjU03P4bnQqi34RQ="}},"msjxLgwy+OPQhWh3r2jCq8qBTMrmBS47k4+aZ01MolU=":{"valueMac":{"type":"Buffer","data":"yStDXmrNOL6H4CL31jPw8VQToSzvCj46Tg3v4X169mY="}},"mtkF5CQ6wQAKXMwNfxl4mTlTjyUYK02yHY9QrQlGmao=":{"valueMac":{"type":"Buffer","data":"bz06Md31McauLJ/7+ZapZGCKItcbqAohzz+gi+Or1WM="}},"m7N0CNnFyF8PmD+h3Cvk1zW7JISaa4WcRsP5vixJVus=":{"valueMac":{"type":"Buffer","data":"d8NASmnaNDRzcuxPkK/BdhzeK52ksCcavPtaaKmAQ38="}},"nC5iuzh/smqSWt4ceTmdT1Euyr5pBDlGMGu/CcxLqRo=":{"valueMac":{"type":"Buffer","data":"0NrMMKD8glWSKeqLqjn9SisDLk8mOG8R1t6d15dbUI8="}},"ndwsUfWdEmjxmhd0HSShULf9Tkctx+zwybwGny03DfM=":{"valueMac":{"type":"Buffer","data":"TgE1RDLFZS4cHZJ07aRhoTsvBLw6VX9S3t6V9uAh1FQ="}},"ni9QKmKayVSPtfQByXln//eIHVfgIxZvRXa1DJPdgmU=":{"valueMac":{"type":"Buffer","data":"Sh+2RUX1DtPKvTiCCAPsHXht0cdIwVm3O905C2JtLgA="}},"ntlU7P+z9yOY1LjjPhL3PhJly7ReO7ov7n2LuZAkntE=":{"valueMac":{"type":"Buffer","data":"n+ViQX73v08rA8pGT/RnR53+QKCz5WRKyFUqrd9zY90="}},"owBFxk+Nsd9rlgjDQZXFbK9GXgYVX5VBJ0p1erF9yns=":{"valueMac":{"type":"Buffer","data":"twq6HKmUg235SyWhRlowI299rFBw6vJ5LgxJvhbsk6c="}},"oxomumtzJwTbdGcPiXw0E9P894GANRJaLpQeH2DGDCU=":{"valueMac":{"type":"Buffer","data":"Ag5OPApQjLtUX3rFZptFXn4hya4y1hAubK0FdnL/lGs="}},"o7b9SIUmqULEsrbvgp86YofnUa3xOaSDVtlnlJvFzUk=":{"valueMac":{"type":"Buffer","data":"RRGn2tV4ffmt0QWeMheTIcbvT64gYgnbBx5IhM/qJkE="}},"o72kDrtduXYeu/mqnWkrhQyyb8XxNzewX57O4EO4ih4=":{"valueMac":{"type":"Buffer","data":"/8ERqDMchwx6dhR7aHvkTf10eYJkuO1pAJjoRaahcEQ="}},"pBJQfVhgEYkRB5wqFrKSHkfF+9oe65pE4+oK63lRsno=":{"valueMac":{"type":"Buffer","data":"a7hxiCxHyfHN2lEsEuP69GVfHKHL0UjTJszYFgiIK5A="}},"pOgnVf7ZFR14e4psd/kL/7mbgN7h2OJ/sb/ps/VqaVQ=":{"valueMac":{"type":"Buffer","data":"O+9VO65MsmQvYb+Te4v1iBgDHfSr28TzUN+C4labWDE="}},"pQSysRqHA/oo8zrnpxF4wJiog8Wbvm0ubsHve5WG+b4=":{"valueMac":{"type":"Buffer","data":"vGgn7aUAbifEVcaDyhqO8G2gmkQrb1PTJ3XOV5YWxvU="}},"pTdSURt5XZuBC62CAlLUkXQV959bFAHTLo/5L7X5b8s=":{"valueMac":{"type":"Buffer","data":"NeGD8hzKBzCJigyhyM5Xu4EembIRrvcrFxMdUoTPQWs="}},"p7PwPaNThBhT/y7Fxad0kaqB/vD7hIgsqIl3pZ/iW4M=":{"valueMac":{"type":"Buffer","data":"X7hwzSHPGQM6hlw1iG9a07CxGvpg8eAa0OudL/spoYQ="}},"qf6aUx+AlTjfoV8SjI+bLYH/NkFGEFydR/M24vt4cgA=":{"valueMac":{"type":"Buffer","data":"kEuf9lbDU9Q7FYnXXpetr+E2Ov1mWVb6jtLjSPWKasA="}},"q3cjjiM62A53HJ991004SYxCBEfCly1TRzpACve+qNM=":{"valueMac":{"type":"Buffer","data":"cWNKaSh8JMKCfeBU4rIW/0qtDbOEhtS//OI42qmFzB4="}},"rM9HnNmmdOVApO65NjLVYebaMwKF/6nGYtalhB3ek5s=":{"valueMac":{"type":"Buffer","data":"UQ4Pd2rsOpQ6a4u+DSS7zQswuACVFwWEki5yn5WyLgI="}},"rV+qvG+FTZGM8hwsCGrFPPXe5DVWAAWkN+yLC3DVGxE=":{"valueMac":{"type":"Buffer","data":"0BakF/ZIf53EuNHCdukFPdUcihcPesz4pw1ud0Q2Djg="}},"rhSYSCd17utXNOzLnP0jkfTZKTTioO6O09lS6EWWaDA=":{"valueMac":{"type":"Buffer","data":"kx6LJCOm+lVD977QIVptDc/iA9CdbdaQm0Ug5J7ZYnI="}},"rlh+RcZtBJOx4gu9kW2U6tJdlX5gw9Ak1XcFFEorxvQ=":{"valueMac":{"type":"Buffer","data":"oczwE3ju5jRmoGyWpf9lqWraz4zNNEnDSx3vWqmfwR0="}},"r9s1Liw0U/T8mwvtA/dTO0oyEDFgeAxCME+xTx+33us=":{"valueMac":{"type":"Buffer","data":"3a1l3seSXWEfCY3Zint52aELWuKzhVxew1SSL9OYkcc="}},"sMUZorItHD3wHkoNBjQo7QwJ0CYRF+/6TgdTyuK8e8o=":{"valueMac":{"type":"Buffer","data":"uf7jMBSsCRJsN0Ih9+JK0Qqn00fRrkLtAEPKEFTqqWk="}},"sURjkNtVwo6edgOPK8rWhb/Bu9w1bg8+Lf4B5vXeUmI=":{"valueMac":{"type":"Buffer","data":"lNvONYZsYMIjC+oyEne3ebJYb2UsdCBNYgJe+ILHkjs="}},"sgEG53sNTrZFhkvMMSkUWZ/YdTfKVPjgy8wmuEdRwNA=":{"valueMac":{"type":"Buffer","data":"LlKVnxcS/oFCC+cU2q3OqsgdO6fGdqd4pBySXEzIAJc="}},"so6CFEht7aNJfD31ZTuLEQG77UaXhO57h7+MnKVwEOg=":{"valueMac":{"type":"Buffer","data":"PgPHHD8DtBdI9cTuL/4PQtymnCqlJQ/9VvjV2zHwGUk="}},"srBez++zNFOrdxjk2ShdmhRuJax5Z8wMGgWiUchRe6M=":{"valueMac":{"type":"Buffer","data":"PW3cPSXFSUDVnb83Isz7vviVvRj83GbKHT83KsuCMdw="}},"tFW7YNiu0ZkBUUpVmtajQfvVj+26S4P51Eaqfdq8v7Y=":{"valueMac":{"type":"Buffer","data":"euz+CPgDjxhoILdk7RtYBLfSLxvwTw+artp4XtQleUQ="}},"tPbWB1vaoZPEZX0gs5xrS2/QTpT74VGOofj5cPxIQ1M=":{"valueMac":{"type":"Buffer","data":"pwrzDQHWXbOPhLgJd9xrlWtmwfygAsg+GWj6jyCZKqA="}},"twleRgYNoRHqmbW5tghDcfKdTZs06mGp2WW8k493rKo=":{"valueMac":{"type":"Buffer","data":"WnehBvq/sLjDMsG5PMjy9XsOrgn1S7M6rO94hx5bTDw="}},"ujxl+HilUvY7klyuRA/2CVxM3hX5KJPcw9EGMH3Tqhg=":{"valueMac":{"type":"Buffer","data":"tXXQHPP+66e8TbGGFDrgaEjg/oIkyZt0zXcZGXbthug="}},"ussszOLuzITAFWs1CZv/lEhh1mmurJS9Bs5uBIWpc08=":{"valueMac":{"type":"Buffer","data":"H0D+Qk89EvzOhM44T+rLMonpx69wj7TbnDbubuTWYsY="}},"vHdzDb3ejDwMjrHiQCjCarExD13o8re2A4E05nbuZPA=":{"valueMac":{"type":"Buffer","data":"HKGVjO+w6M4sbrghI/eOL0VSF9ZT22mxCPPSdHdjBWc="}},"vTCZ0mOGfH+NCSNbCDwz+C+3txhVgevOnP+8w8BvOF8=":{"valueMac":{"type":"Buffer","data":"8EfhV3lVTZ1rZYtMVxaQ4latJB8TCeor3qc5JeqQA9Q="}},"vg1YhZga2w3wDGSQeRwFSZeDDDFhQY9RjezUf6WK/zo=":{"valueMac":{"type":"Buffer","data":"5olY7gfMeEVnPTYFLk5lMuarsjA61BVlCt3+2wtDHu0="}},"v6S+ADGv3XsmFOgZtscMI5zvnEzZNcAN7gMAAUrIKM8=":{"valueMac":{"type":"Buffer","data":"4fLSWfhEGwgxgHHj8aoLuIRpn1hZFmbVSAS6diAItlg="}},"wVOTTuG+cu6rGtUiXQhv2FZGy/lQPUHSUk1MfS/vxYs=":{"valueMac":{"type":"Buffer","data":"0SJtpe4r35CbrSo4R1Ugsb/TQT5JpA7V1N1GKDwvG8k="}},"wfS/+We6xFy9vCbS+X3oct/AkZWV/iJoWVtidFg6EfM=":{"valueMac":{"type":"Buffer","data":"izsweVD59prdDaaVIx5N0XvteJ1clzSMN2b5sUYPjuY="}},"xTiwT1PEhSlXjN45JwQAg55rraVh5cHssOIuY7NtMIo=":{"valueMac":{"type":"Buffer","data":"9ZRFDVfU74VvaNTEmanmM/uGAapn8e0d+q7yZ8CTPBk="}},"xrcmDiiJc8cK6f752F86qH9QO2TXfUqnJdROxA7C9RM=":{"valueMac":{"type":"Buffer","data":"+nlHj0rv4XHwrEYHGZK7X0Fz1FhGRuz/vPEICIebaIQ="}},"x4KV2iSYheMxuQMkAXiF2olol1xZfun4lgTLNXpnQLM=":{"valueMac":{"type":"Buffer","data":"jTYXAIx37Yutde6BjjxGHP6WcfVmfVHEQbo3I3Hsy3Q="}},"ykSDuze0OAY3d03K8NMFyUN6KdpzTjQw9tXb1DOaXKk=":{"valueMac":{"type":"Buffer","data":"X/afAc0dupruhL6OzJdu48tno2aFhXzzBaZxEDfS6qc="}},"ytzCOa2AJwkUV+1fDKmfh1fs4IJpno2i5Dk9g0bDSbQ=":{"valueMac":{"type":"Buffer","data":"ojtjsDjoXoS2XAopK3D5gVcjoNeAxfetvjhHltV1wJk="}},"y+yU7XgSn0jPkdKjAxjR/F4t4yWcLBhM79VMnjodYUo=":{"valueMac":{"type":"Buffer","data":"Q6bzjswzmztEp87j2WfInMPX3Ubqpuwm8eHrpIUBMiM="}},"zRzu1jfQa0dub6ma9Zdn7zEIN5o7qn3vbJ35EncUM2U=":{"valueMac":{"type":"Buffer","data":"7NMGJioxl84xUCq0jyLtaRpkj+TvvGKhwetyxPIi8KI="}},"0V4a44yRlKnivgRQawsiPQKB2NixFsKgXtyGaONZLz8=":{"valueMac":{"type":"Buffer","data":"tCS3A/O5eCEsDMJ7vrqjyW78THggaOuApJvBJLCf7dw="}},"005zkuZk3UQcF2JY5p/HuxAORsY9LMFYXy4UkF2FZ5Q=":{"valueMac":{"type":"Buffer","data":"g7gP/mpfSYOuGCR5xviEOpF9Yh7VMgj2t23hZxKmzUI="}},"03+riitoirqL8O0mwrnqgCGY8gdAsVMan6+cgDUsTkc=":{"valueMac":{"type":"Buffer","data":"i/A8m46rPXNxHXEplhQVvatuLtygLFjNZFOUcbk56Eo="}},"1IVudGhZXrVy24bneHiElN6GFUFXAG/ZPH3kSvrCuk0=":{"valueMac":{"type":"Buffer","data":"DrbCwCSOoax+mmYa+nX+QAirE/uArNljcicezfWEeyo="}},"1UykUPB1lxYHRpuC8nBMYzR2yKj15Dwea1R8WmI/vzE=":{"valueMac":{"type":"Buffer","data":"P06QomGgPG+WAxWUUgVIgdrN6dlzNNQfUDzYKWMyhkA="}},"1lShBSE84UykPE3klFjvII7n478Og6+NoBpAxzNTeL8=":{"valueMac":{"type":"Buffer","data":"tl2wwaaRtHdRit9iE+sr+cv+2R8e8pyCxHqfDme0FWk="}},"2y3bPDM2bPPrnSeNOWjd82uHSS4Cmas+Poq2MAgDeBM=":{"valueMac":{"type":"Buffer","data":"kgvZsoOwWn1Sb3fUmLyF/PdFvAOqz29gyYWbSl5ofwY="}},"3/CJTRxAtCtqizqkw92EeviLlPKThqIgfE+5Hrfj0fk=":{"valueMac":{"type":"Buffer","data":"eY4vQQvb8DhGS6MCQ/il4SdI5aNGuH1EgLIrWt3Lu5w="}},"4Bv/5Gtrklwo9uiBMOkc8fKnA3+WUVdvrSWHrlNb5sc=":{"valueMac":{"type":"Buffer","data":"OZxXrOrUG2YiUdUK+WfYp50474gPP12ft00PdK2cEtE="}},"4Oap6ZHHPZHgOPPE4YqZFCJ/Mo6A0uBy5VlHFSmyfLg=":{"valueMac":{"type":"Buffer","data":"6sjf9avbuCfkrqEOKrGQHzCZ9cJlDtwgBd6ZofCh5Tg="}},"4WtpzMPSzVOrk1h+fj/qfpwlmwCD/tCjHA2fQU0l/OY=":{"valueMac":{"type":"Buffer","data":"eSa+dmiUHvKmub7OtAuH2de0F49XUtPS6rLR7ttHs0E="}},"4v/zvVYtZrLYmXj+iyftaPURL7bahtLfsgoGGUVga1c=":{"valueMac":{"type":"Buffer","data":"vOeI1wZiQoB/304KVmlnwX6gaRm7e5i+Y0YvtsJj/vc="}},"43yAFBkOPCTMObhcJSJRUaHdpX9tq3i8NVgXOe8pmPg=":{"valueMac":{"type":"Buffer","data":"S4xyDWBqyw9k3DKwFNqAEXtFTAOlpOEPC9yELvelfBM="}},"46p0Fpoj1pEaY+w8oXH5VDLTer51QhtHilYvLpMRVQ8=":{"valueMac":{"type":"Buffer","data":"dtQXVN5mZx6w3+QQHY+borSCP5Tlv2CjfqQKiR3ejg8="}},"5AquqDjM4dWMEBtJrmV/TAjVmYh0V0y5Wj1Qif+64oE=":{"valueMac":{"type":"Buffer","data":"XzATf5LA/YyXANz1BinDmCKj6JJy64oC4brjjLVLwNU="}},"5f7Aa57UrrsiTSKruWbDbO1WBKq4snKOYn2klMCKQyk=":{"valueMac":{"type":"Buffer","data":"oC5HgaUEoIAQ3olS829hEcigPQevHcW+QEi1Fm7aSJI="}},"5o9AkNORdlqwBVSuICwEjKTjpCuF9jA0w/GkyUnGMpQ=":{"valueMac":{"type":"Buffer","data":"wwalyIzrOEpzLqSsjoE+NqXkahiVTNYbdt+hxDJzrzM="}},"5te681lZGqFx0LQiZw3GlPpPIY2YKrb0ZFPhBCa89ck=":{"valueMac":{"type":"Buffer","data":"e4GNSqZ5gGiJKPqWdglOo+/G4XebqOGA0hkpdi34wQM="}},"50yebUPljRrYdoKOHe6baN00sjyMovooSZVm4HNCj+I=":{"valueMac":{"type":"Buffer","data":"nP9VSI+6B5Uopp1uIvFfrLHSbemKnc7sdxc7y/lZTVs="}},"6IcsujldjlRSEFC2G6MiHoy6iHXKGk2+bxniT0yD+gk=":{"valueMac":{"type":"Buffer","data":"hBDl54rvmel7npGqvY5M5nre4gJaI0IlOWw1nmAlP6A="}},"6VLN4J0flqlUf5zFHT6BU8uej6gwnOqhJfdSNhLlFH0=":{"valueMac":{"type":"Buffer","data":"vwwS2T4qo0rSIBtYbC35lv9BNSUiMIm7a/BqDaGdHw8="}},"6rh86XAsrnWI3eDQKt5dmAnkVGLuUW0Sxu8CiOc5Fac=":{"valueMac":{"type":"Buffer","data":"qbtFtN6PSAgwE9EGDAvNziUlbo7LT39P/aGoOg2E5GU="}},"61VCVnSm8krAuEDqlfcRqu8vi6Pgj4Jrx87zWPd4/uE=":{"valueMac":{"type":"Buffer","data":"IuSKOX4ywoxz9t8/kftqxXrosyeTmKABXB9kPNAclaE="}},"7HObqyYIzQAFuJvG5n1jMu6oCOW4v0SGO6fwU/RPS0M=":{"valueMac":{"type":"Buffer","data":"ODIrV0p+k5Nf4cloMYhc1V054RE4cDTFNv774ggnNyo="}},"7KEdR6D/8sy5Mu/3FiyZux2VZN5wFbAnM3YYHxN4bV4=":{"valueMac":{"type":"Buffer","data":"4mdt1Gb42TMmOzhqfpfCtWWtXx5f+P/2K5KNKaZmkiA="}},"79d+dK2hz7IohJNDaI0fEBsPI0QlBcMkUM1Yu18zwPQ=":{"valueMac":{"type":"Buffer","data":"vKaDk3b+tp9CWQqoe+r7G2SS1B/P+x9PDQ3mwhNRmtQ="}},"9FGERKr6zvUIr8AA8uGpkJ1tZalHoaicXXZj+bVvkGQ=":{"valueMac":{"type":"Buffer","data":"kQvndBLM5ga4hku8+I6SSXEcCcoEBRK8rsQ2xddm8Gg="}},"9nb32Ou7MB0XxhpBl4na+ceSW2NFa5sCFVvNNZ7qXbM=":{"valueMac":{"type":"Buffer","data":"AGy9xJX05pshdADcPQVw2qa7SbU/LHl3ElwnkyHUugc="}},"+Eqd0qlmWTZboSC1ZkV2Vq8eMqZNExiRm+asZfIVwUY=":{"valueMac":{"type":"Buffer","data":"99UmLId0EyD1yAxK5VEAkgvkn3ENlrUdwpHvmdRhL5s="}},"+Rg1pxS4kevfSdK16n470TXI7LaANG87u5GVEzNVbEw=":{"valueMac":{"type":"Buffer","data":"4H0szWTn1D0Hg4DXaBdaWHLo8XjQ8j9uJgSpq4eVpss="}},"+ck77KAyjIW6w9U7YM5hXNo0pLoUWADsDTeiU4gh3lM=":{"valueMac":{"type":"Buffer","data":"QgWwhkkERx3x7ZAhU8PXUwCOQWNQWFDQlYXuwPZKXws="}},"+stZC+2esvPFLqH2buxLoUWSLfKPc1fRCaUUHc+Dtoc=":{"valueMac":{"type":"Buffer","data":"yRmVr8L4RTqpXX4TjjLl5MEt9ZyUxiQg/8qPpkneDcI="}},"+vCGeABZTjcBmIx2vrH56692CfZT81A6vioA5h9ZNwI=":{"valueMac":{"type":"Buffer","data":"RbWcbcm999p55wf5CqSwm3uYwZFhAkEp/sy6Eif6YgA="}},"/TZr1g1NB/snnM0lc5Fd9UwyWy2DmoO/rXRHd5/Icjo=":{"valueMac":{"type":"Buffer","data":"2jiMP8sQ+DJhbz6DWarHWS7GFE4OfSGy72hoK3oijC0="}},"/ab7o0AqmMKtpj5A2eJYM7Qz7ObCSumQ7vZLiXUHjfc=":{"valueMac":{"type":"Buffer","data":"/GcpBmdHb5IzdaZDO+CzWo+Sr8yKHY65GQut8ShhSks="}},"/eg60zKGyWOw++8mbM1H3RYNgGaKjeqnykrHjoE8kyQ=":{"valueMac":{"type":"Buffer","data":"7QcGXrVfLCjqHxzGNg3w5p//+JIoavu+BsEwg+FtHdg="}},"/ouFqGG/HDutIeX80t9g8D9JwvyP5qfha7YWuNes7hU=":{"valueMac":{"type":"Buffer","data":"dYe/LWs9/kEo1BJu0dzLGruvsbRZON8rqwQYJr1qB4g="}},"/pTiyPZeOguEx0luUt+OoRG9v9urluWXd0SIxrGgQ2U=":{"valueMac":{"type":"Buffer","data":"Jk2niK7MNuJ5FswJTme+V8gvZza1T7v3HRVTdtK9NN4="}},"/y2EReeN4YdRag0BJ5uag8kZTxxk+8i/qMJ99IA9Y8c=":{"valueMac":{"type":"Buffer","data":"6bGVyC8+RNmXygHTKMTRyU2YmLCe0yHdznfeuXfP3Vo="}},"/6RJ0oC8qLqDGJRgZ4mSb/DrCaxEkd4Ctyvh/mxQAzk=":{"valueMac":{"type":"Buffer","data":"8KxOgJQDP0MHQ2245WYxv5O78NS4QGzwM7z7qL9y9kI="}},"6c2IKv5KwyRaoHy0r6AHwaCN2QIkBRSCMKT626YOXog=":{"valueMac":{"type":"Buffer","data":"T/RNsTVa9z0w1OVA2VNCXGR32IGRSMF9sKSqe8ejA/c="}},"BG+l8OOXXiEdGXLYqgh0hlrDDmrdiMe1+KjIVXqxCu8=":{"valueMac":{"type":"Buffer","data":"aSiuR9dJCs3KdvygI33D5thLXG8Z7DnKj/bACZDx9A4="}},"aKMjAKWReLH537ZhYJs1Cbh4ZSfL21m5t7oeb+GspiE=":{"valueMac":{"type":"Buffer","data":"xz5U6LuW/0zIQ3LmvfTJJSJvYaPeLdGJ0j9mWni015Y="}},"0BVZK8Nw7i9e9q4+q12HzcRau5of5MSrcG0fIORF9rU=":{"valueMac":{"type":"Buffer","data":"J6IJzyQ5HnpykeHtmKKPuE/UuG3OYMDb6/pRusDaE9w="}},"cSzx/M4UwvJTsB2cCd9VsvS+JeWe9tcO3uHuN/Xb4G0=":{"valueMac":{"type":"Buffer","data":"zdxPvlsyD/upHj3h5E0nPnBI8VBL5BovRKJvFqiCU0M="}},"QFoAV5pcoW13oQKCLQsQZmEL5er3CZ05sBI7pTw801o=":{"valueMac":{"type":"Buffer","data":"X98Pwhd9KQ9YLk8omQOhgQf+VyhXm7O37mhPoSfiCSk="}},"oDgAzrtFraeziFm8V9G2cuGwJGJZ8K3BIIPoDp4b3PM=":{"valueMac":{"type":"Buffer","data":"Ku8J33yNUru+F5x+HKKEP6okwg1JOHKY/CWbAGhi4M0="}}}}