{"version":41,"hash":{"type":"Buffer","data":"Y/4CYemWslMFcSweB3AgkLPjOQBDcIr+f17p1cZhpj6pMYbqG3ssDJQu4Ps42iNXd2QKEXbbwLSyaOyUiCm8GlEilo9g5rcZUanCiMM2VDoBwo0hqUguF2QxLD/AEQ4IuAfK1AYXZQMkluLraPIJ/w41S7xV5utlYvoNDc380V4="},"indexValueMap":{"3j67CsTwmul+O+rS02KZ74vJ2/ZwnwA6LHFgGHf4a0M=":{"valueMac":{"type":"Buffer","data":"VFqcI8b679FVK/UzyYUgQYH9aolgw1cQIVRAIIErNEw="}},"WSYNpOfa+1JhblQwndYykFdX4kO6Etg4wlNW9GfD6xM=":{"valueMac":{"type":"Buffer","data":"OTTEiY9bx1Ilv3/m5ni5U9vu8VrJERO6fKU5ZQA+a5I="}},"szgbg5M14rj2KElHIwRhMUXVWMtM99A72a27SaefYdo=":{"valueMac":{"type":"Buffer","data":"4b79bDkOCpUJt6VqxSkihQCquRzn2Pvj0OvVSAqZAPU="}},"ytcKZJtLOa5gPy65tbN/PIhU28eCAnRdCeQimjONDbo=":{"valueMac":{"type":"Buffer","data":"MCxnFsKayvs5hXcWPeBLtlMJfrF1tAyNlUKAPR/ZX1k="}},"2UwaW9BpamEqvtckg+2ZpKv2xkc81tT4B91ID2Wk6XU=":{"valueMac":{"type":"Buffer","data":"wa/652f96KDETR6K/ETT2kUkcVqFqBvlPpGnxQS/EjQ="}},"8jMMSPznuumVTgatSMKii0qOPYO+gbeXML3FHCG596w=":{"valueMac":{"type":"Buffer","data":"a2gVCDCegA/Gf0e/6DMsgRJUKNfO4Cu7ze0v7k5exZc="}},"rHIwmWlqkImQ0sH06dnkl3KEfP+15yxKTh1B96l9R9E=":{"valueMac":{"type":"Buffer","data":"vLg3ebsNdB6Z3UxioDPkOzHlCyNAVfAKKG1+j9ylzjE="}},"yI/DT+feFpraalL7il2VYktZj+U/Cl19wBNlGl9N+VA=":{"valueMac":{"type":"Buffer","data":"cv/EyRr483ms5Y7+Y+DV56J1AgbR+hVPonYRCaAcVyw="}},"OjDhhjDFnZ+C/4LWcdR1rkyqLk4+7EQnY4tJOJOJGHA=":{"valueMac":{"type":"Buffer","data":"ftwhcZf9HRRQIjC5oCaLA/oi8TCE40KhMxC9aYgAY4Q="}},"ivv7dfY6Qg3BLik9djXjByIYniHNih+DI3wDphigMus=":{"valueMac":{"type":"Buffer","data":"lDvv/hjcdAF/F20E8V6eWAW3GMFxcGl/Mxhc0v67UF4="}},"bWoNuTSMeD/NMtcPxf1tf5phaC3ZUTse6e3CsIazFoQ=":{"valueMac":{"type":"Buffer","data":"ASoE9wpI9bRc51s1CjV6GuVmRbmzLZm8qMt7xTWefQE="}},"1CRIthYn8pb1aAZRTx4pdNqIW6bXLzUyx+2whJx1+xE=":{"valueMac":{"type":"Buffer","data":"QaY8Gtm+dS1kgUbx8SlID2+hhUFbY3ngLMHh2a2Awa0="}},"x6BdSYH5EHYK/bocwKkv+XmrhKF0/hqNTDF10h2qnTE=":{"valueMac":{"type":"Buffer","data":"p6kRRocBVELC4j0TJCI6fP650vf2MPMTcvP6Eubrgpk="}}}}