{"noiseKey":{"private":{"type":"Buffer","data":"gI4BVCIni1AVntQu5TWTBv/ibRc4vwNXICrQB6ysiHg="},"public":{"type":"Buffer","data":"hvYUZjJb8o3DbcfsrjwSQcWv/cPXpB07oABh7MzlHnc="}},"pairingEphemeralKeyPair":{"private":{"type":"Buffer","data":"kJYsElU8sZ+gFvY0OLnq2nc+xOFKoEbaEB3aebKEYEM="},"public":{"type":"Buffer","data":"RgNi5P0n0zLM4a6LmA5dUSfgNKrVjLsGcCRK3MxoDEM="}},"signedIdentityKey":{"private":{"type":"Buffer","data":"kODK2dDP/MlYlhUx0DCDu4R/bASt1hHowwuoRGzZHWE="},"public":{"type":"Buffer","data":"OqhVKFInqq1OFZKkAgcVOX2fl1hvAMo46OiU23VGxks="}},"signedPreKey":{"keyPair":{"private":{"type":"Buffer","data":"MNg7ASUTGEG3rgl84/u/4AZJ1ow0jT23Hpo+QDNpz0E="},"public":{"type":"Buffer","data":"3AewCN2JuZ+QztZYnPc6JDvXaa9Hqg0rGzMC3mXhMxI="}},"signature":{"type":"Buffer","data":"7GiKLjyfOVT71DkxBa9XFJErVp7WFN0gTLfekbtyCla3QmW295gkTbQCfeAK2eg2lNtm5sRs1S/AW7nlXzXwDw=="},"keyId":1},"registrationId":141,"advSecretKey":"jdY6wqt9bkqK1ZY3eLSdtizrs66CtqDg+2SyOnPTT7g=","processedHistoryMessages":[{"key":{"remoteJid":"966538437421@s.whatsapp.net","fromMe":true,"id":"2257258CD8ECF5E471A503647336600F"},"messageTimestamp":1737207970},{"key":{"remoteJid":"966538437421@s.whatsapp.net","fromMe":true,"id":"EDD6147D85B5566C09B9989530F26DAA"},"messageTimestamp":1737207970},{"key":{"remoteJid":"966538437421@s.whatsapp.net","fromMe":true,"id":"4A2C7B789F65C18FC2C0616F38DFB07A"},"messageTimestamp":1737208226}],"nextPreKeyId":31,"firstUnuploadedPreKeyId":31,"accountSyncCounter":1,"accountSettings":{"unarchiveChats":false},"deviceId":"DLT9oEecQmaaQnptVVxVcA","phoneId":"2705415f-4e5e-40fd-89c6-ac9b178c841f","identityId":{"type":"Buffer","data":"nN92tOSVmzdSHfwC3qWEOs5tOMw="},"registered":true,"backupToken":{"type":"Buffer","data":"qm0m/hpgKzVx9OgzfkjRctRJFsI="},"registration":{},"pairingCode":"ZVLGAGLE","lastPropHash":"PWk5B","routingInfo":{"type":"Buffer","data":"CAIIDQ=="},"me":{"id":"966538437421:42@s.whatsapp.net","name":"𝑺𝑰𝑵 𝑱𝑰𝑵 𝑾𝑶𝑶","jid":"966538437421@s.whatsapp.net","lid":"278434710343685:42@lid"},"account":{"details":"CIjGudEBEJPhrrwGGAEgACgA","accountSignatureKey":"EICc2p9eWa58MR4UoKOyU2u0LmZ5Wx30W8F+QWPMDmI=","accountSignature":"dHisLr3xxynaqQyiD9Cwsi5/G1m5qjUHB3nTuPqlRND5RkP+xXmR319TOO62Uj+YqAgJU+oTcbdvvPIg5qeRAw==","deviceSignature":"5n0oJsKDeyNczX0ho8064jj5/2vKo9c7bSPaWKFlXwrYIVCfZgal4QtMzUbvPWgdQSuaRQx12Gios8Edfqf4CQ=="},"signalIdentities":[{"identifier":{"name":"966538437421:42@s.whatsapp.net","deviceId":0},"identifierKey":{"type":"Buffer","data":"BRCAnNqfXlmufDEeFKCjslNrtC5meVsd9FvBfkFjzA5i"}}],"platform":"smba","lastAccountSyncTimestamp":1737207958,"myAppStateKeyId":"AAAAACWO"}