[{"senderKeyId":1309026343,"senderChainKey":{"iteration":107,"seed":"SzlBf8ce4TiHZGCyIZQBvqEGDb9EFej5uJK8WDdKMKI="},"senderSigningKey":{"public":"BRNe/KOsKIlHb81TttaH2KlfvZHFPg1nXWDavLzMOg4D"},"senderMessageKeys":[{"iteration":97,"seed":"+CQwcPoQIKNGopQZrpzyEFzDFFpEwq2+UGlHONNEBjA="},{"iteration":99,"seed":"yYvkoU87r61EFuFfjQs/Fmv+2RrAomtz0sG2CIQK2N8="},{"iteration":101,"seed":"a/AEw3s4jYcfOoqFwnZV30WcbotVd0CxmahFJE8FPtk="},{"iteration":103,"seed":"5q+tRqOKWJoVBvA0QZctLil/QKLi5lmlrbMYlGufyLc="},{"iteration":105,"seed":"Q9P9fq1fnREa8wQ3NPSKyDOPrCaphrH1/ss4bxipdfg="}]}]