{"_sessions":{"BS8fhIH132XdXQb7lpNGL2nuOB+MlqlA9RnrAvGbppE/":{"registrationId":1827351600,"currentRatchet":{"ephemeralKeyPair":{"pubKey":"Bd5cRiojKRp+47C9DP01YKO4GRw1bxx9Fs1BX/M+pcYC","privKey":"+P00Z+ITjgP1Hj72z6G2KKarz5T3QcqI/+0RVNkQ+XY="},"lastRemoteEphemeralKey":"BeltjKQYD9HAsLKC69OEoQARL4xXxhNU+nF6DurRpSU6","previousCounter":1,"rootKey":"bgkBGieE7GtCuJOL+q77LcfCLgklboC3n3OPsvzGvag="},"indexInfo":{"baseKey":"BS8fhIH132XdXQb7lpNGL2nuOB+MlqlA9RnrAvGbppE/","baseKeyType":2,"closed":-1,"used":1737208226764,"created":1737207960106,"remoteIdentityKey":"BRCAnNqfXlmufDEeFKCjslNrtC5meVsd9FvBfkFjzA5i"},"_chains":{"BZ9u00px9ZKz/fthm/WnZ0LVO7v4eF3i5w4oe0PXPBE5":{"chainKey":{"counter":7},"chainType":2,"messageKeys":{}},"BVZw3+8rp1oeCmTqnpizyUkVNom4XuMaj+r19QpTtAx1":{"chainKey":{"counter":1},"chainType":2,"messageKeys":{"0":"GpaBF+y657cwaV/zURasGQ0skJQ7L59VDaWh3mc3zso="}},"BeltjKQYD9HAsLKC69OEoQARL4xXxhNU+nF6DurRpSU6":{"chainKey":{"counter":0,"key":"waBW3wU+dPwmnFJOh4QRCwDW0ISgpAypof3gZwbaWpo="},"chainType":2,"messageKeys":{}},"Bd5cRiojKRp+47C9DP01YKO4GRw1bxx9Fs1BX/M+pcYC":{"chainKey":{"counter":-1,"key":"NSfcDyiV7CNrNX6Sh/10jE7i5Dl+i2Q7sGvV8kMT218="},"chainType":1,"messageKeys":{}}}}},"version":"v1"}