{"_sessions":{"BSts/LvU4Fx4Fp2+IdmVvNLAotPBl8b6/A7G197nwCgl":{"registrationId":1384730071,"currentRatchet":{"ephemeralKeyPair":{"pubKey":"BZB5yi5kY/r4jPjQFWXXqQCkNsdotynocKc2GTtbi0xz","privKey":"+I00LyfmRVq/yAZrzhQOo8aokCKwUdk8f16z07XTZkw="},"lastRemoteEphemeralKey":"BcWt4DzysRK5qZYYekV4EX61yvYFsrOeAGfBie7rlcUX","previousCounter":0,"rootKey":"6VfZy9zyiUag0z2aIk4cC2GlNPXJBukzzrGzPbTMH6E="},"indexInfo":{"baseKey":"BSts/LvU4Fx4Fp2+IdmVvNLAotPBl8b6/A7G197nwCgl","baseKeyType":2,"closed":-1,"used":1737208126577,"created":1737208126577,"remoteIdentityKey":"BS3wmH1yc/sVqveqRZ368S6oZt+er1v29FqVcl7Bl7hF"},"_chains":{"BcWt4DzysRK5qZYYekV4EX61yvYFsrOeAGfBie7rlcUX":{"chainKey":{"counter":0,"key":"BdH22KuIfd9z/6Cn1UgNoyBrVLPulvGjoRNoYESqKac="},"chainType":2,"messageKeys":{}},"BZB5yi5kY/r4jPjQFWXXqQCkNsdotynocKc2GTtbi0xz":{"chainKey":{"counter":-1,"key":"XUyH1wmxiQ0bFHon8V9ypLl0HOXBzjUx/CGETAkFwUc="},"chainType":1,"messageKeys":{}}}}},"version":"v1"}