{"_sessions":{"Bc3tppagQfzB+eWecJ7Autn8AA1hivQPqIMVNlIZUOVF":{"registrationId":62,"currentRatchet":{"ephemeralKeyPair":{"pubKey":"BXYQcrvBDzd8Y55brtByczqG/molD4VpbDwjn75IC44t","privKey":"wMaTIlMI47qvmmKWOExDKHiarYsJ1K81nkwXEkIZnWw="},"lastRemoteEphemeralKey":"BWYYzGjl5HzE/kDmLjc/hbRzZiHoRUWzzXjnvrb0tBIN","previousCounter":0,"rootKey":"ZPjkUfwgKWaStHPp4tc8QYBQ1xyclW5aXLZC7XHvsmw="},"indexInfo":{"baseKey":"Bc3tppagQfzB+eWecJ7Autn8AA1hivQPqIMVNlIZUOVF","baseKeyType":2,"closed":1737208000771,"used":1737208000729,"created":1737208000729,"remoteIdentityKey":"Berfh8EZZDQ1C0FrSfrSeBmKPzXzabenhN1KZmJRbrwo"},"_chains":{"BWYYzGjl5HzE/kDmLjc/hbRzZiHoRUWzzXjnvrb0tBIN":{"chainKey":{"counter":0,"key":"2f1kxx1vrA9Y5kEm33Fjpra/+ITx3H9oUzoyFxFXWAk="},"chainType":2,"messageKeys":{}},"BXYQcrvBDzd8Y55brtByczqG/molD4VpbDwjn75IC44t":{"chainKey":{"counter":-1,"key":"mQedQhWQXdX0YeTxEL6veJcyRfz8rFm5/By+85mXQPI="},"chainType":1,"messageKeys":{}}}},"BYfvnnrFzLcbrzVrUR2/ra6QMn0LRPhu9oz9QkXJ5Bk5":{"registrationId":62,"currentRatchet":{"ephemeralKeyPair":{"pubKey":"BctMiF5502sQTWmZ3iCUS1O12MphBAM9T92bv+4nlRdn","privKey":"MHqd6h+h6wAVNRdZgvyJcQhls2ijfqavue5wgq1xcGM="},"lastRemoteEphemeralKey":"BdFnoUGnGQoenYfgY9JVyNaK8zF5466lVxX/pryVnmp0","previousCounter":0,"rootKey":"cxlwYCrhSmHn2TVr7Mjr7fM+wYAxDJhZvVQxkRLnhpQ="},"indexInfo":{"baseKey":"BYfvnnrFzLcbrzVrUR2/ra6QMn0LRPhu9oz9QkXJ5Bk5","baseKeyType":2,"closed":-1,"used":1737208000776,"created":1737208000776,"remoteIdentityKey":"Berfh8EZZDQ1C0FrSfrSeBmKPzXzabenhN1KZmJRbrwo"},"_chains":{"BdFnoUGnGQoenYfgY9JVyNaK8zF5466lVxX/pryVnmp0":{"chainKey":{"counter":1,"key":"fCCFN+XgcvlVirTodnSOs+GmugUA4fl64UcuD/1yW80="},"chainType":2,"messageKeys":{}},"BctMiF5502sQTWmZ3iCUS1O12MphBAM9T92bv+4nlRdn":{"chainKey":{"counter":-1,"key":"YpHHeLglY96rDeMKNzxJno245zGC2vFa9PMxQGnp0IQ="},"chainType":1,"messageKeys":{}}}}},"version":"v1"}