{"_sessions":{"BVz5cAI+s5ywQyDr4Nq0rlJi4oRumzMMHqV6OGTUnndn":{"registrationId":175,"currentRatchet":{"ephemeralKeyPair":{"pubKey":"BZUJRF4rcJn+sfGh3uQ3y+B06umnghgYe96+c4YA6IBW","privKey":"2KX8B1WXitrbZUSHcS26Fymrg8kUGM/saPpGHLUXdkE="},"lastRemoteEphemeralKey":"BQ8pte5IToWLRfYbfsLzOuvuZn967n+3TUvX2CC17VxD","previousCounter":0,"rootKey":"WoXCkM2HIY7aKA6b9Q7NXhwlukeC6qBNggZObnzy0tU="},"indexInfo":{"baseKey":"BVz5cAI+s5ywQyDr4Nq0rlJi4oRumzMMHqV6OGTUnndn","baseKeyType":2,"closed":-1,"used":1737207983060,"created":1737207983060,"remoteIdentityKey":"BcGsmPD1sH4B6OLZ9opN3BqkaBRLxyZQBR7zVh+KeRFT"},"_chains":{"BQ8pte5IToWLRfYbfsLzOuvuZn967n+3TUvX2CC17VxD":{"chainKey":{"counter":0,"key":"hwi8wg7oeTQ1L4WmHhLMQ2BoxFIsBSDO29NKCZmx8Eo="},"chainType":2,"messageKeys":{}},"BZUJRF4rcJn+sfGh3uQ3y+B06umnghgYe96+c4YA6IBW":{"chainKey":{"counter":-1,"key":"77J68bXCZI1t8sTqXq4hK/wiSRqnB3EQpso3il0SAjE="},"chainType":1,"messageKeys":{}}}}},"version":"v1"}