{"version":5,"hash":{"type":"Buffer","data":"TGzOgz5FMr+5kb/9i6mivWzfKeg4v64yb/G2PETw7rHhijAUtM0LYM26ep/3ZMxbUT+RbolX8Dd9CZ2IGaWHyWsGa1I2aWMMUYa5+1emuB0/z1jMSAX5vTCeyvfdefVeKhZVzZ0iw1OoOTM9fPz0Mcov5Zs+vk7x0Huk4WuTlR8="},"indexValueMap":{"9sXOoNAD+XHGb3w9UK2QYN4OqYI06tW0DBr4OcPloTc=":{"valueMac":{"type":"Buffer","data":"0HHBU6AZpLDd0RujyLpfFZitps0YEH2gV1cMMHkVTXU="}},"Hcs3qn3NxSY/lIb9U/avZ7256oGQ379QKoS5CwNKgTQ=":{"valueMac":{"type":"Buffer","data":"K/BgC0TnKb+NbOkVfF7lAoWiXpkwaxWGTMjRTPpzJJY="}},"ATIbj6vSdk/ybqyfmjjqHbdzkjyyyOE2UzguAIZdVUE=":{"valueMac":{"type":"Buffer","data":"p2DuYC/9ufowtwolNE0G1XqSXVrPKAGnKQUw4Sfw99o="}},"x31a9YB/pWDpeClxzFYfPeKZ0OK2EsQWPfLLxt12/dI=":{"valueMac":{"type":"Buffer","data":"X6KLjD/HTIv8eFWdjOnVTaVcntGy9OPt5KK3dj0aMIo="}},"WuvzBFcjNLvETmK2ullNcwuvbkYIpreBZOi4fhj64SM=":{"valueMac":{"type":"Buffer","data":"FunT1dtvJE2bqHeQm1BFLVmAbvX6c0TWCFLJ+o0DYAk="}},"KPTmNrlErFyXv/JsAseWVWmMe3jcDKH1aPURryt0mns=":{"valueMac":{"type":"Buffer","data":"gkqwVDWANF1cpvJycaPApllERIm25ufEUFDqJAmPBow="}},"tHutl7ni05Rb1mv8MrRss2l8652Wdy/AxPueQ8y/u7M=":{"valueMac":{"type":"Buffer","data":"nwcxR6M6J2sZSPBQYGz7ZeQtHXrtvXtHzv+7XEtomZE="}},"bgmumjbIVaumDDTtQ6axqmcmrOALSDJw+4wd1TUU6FE=":{"valueMac":{"type":"Buffer","data":"ArEAZoLkMhbWzH6Gv7dhgdPnHaByCXYDoo/v1tPgGYg="}},"UijMeKPwHMM3u/RKt7WzhD4jv/7E9A13czKti7+rfpw=":{"valueMac":{"type":"Buffer","data":"Ha59dr0kUT0vWne0sc29H9KZX3Hyk3vW+0c5lG2BWcY="}}}}