{"version":13,"hash":{"type":"Buffer","data":"+I2p0e7vAGidvpFH/ZaZPTb9nEsKgQU5QSHJ2whf0TzkE+Hv0dd4U4+IvN1WvS4wHa2wUaqxv8mrdujK62ltpMSt4xm8PXJPaflZ6lp47tfL9Tudyiw3vkmHEyPR0g8zhJeV1+00u/5xY1oaKeLQIr4VOwHc8nPocsoV+ysiMPQ="},"indexValueMap":{"PTO55woHm1np/ErteaK3qow+BnpG5/VUu0bgEi+mzlc=":{"valueMac":{"type":"Buffer","data":"Rgovs54bRFakeTKs/LRbASKLQ0C9mW9cAyz/mx25SvA="}},"RzrWsc6/Tt5nmrWh02+5ldbolkSwDPLqp62e9Nr9AZM=":{"valueMac":{"type":"Buffer","data":"s0eAYqr0GPaWpTqPeTRFiUFznVgTpEvIybfRkepG1IA="}},"Tq7WWr7JchOEQGYSV9g1U3vF+/DdhxZyif7Ea4PNVjA=":{"valueMac":{"type":"Buffer","data":"trFD8vDSHiKgeuYoAlbDYrcukaAtkvFPLPjgdM2ogZU="}},"kIuhtj+RLgYIq+iSJAgPoPysAnoRpYgpFdtSyvW7g5w=":{"valueMac":{"type":"Buffer","data":"P6zxklVJiNlTuNoIKx3m0Mw1jIqlazCABeNpsOwlP0o="}},"em1im9W7bJm/a0SbSe8Hc9ujlJqzyGLREyBojrea+fQ=":{"valueMac":{"type":"Buffer","data":"xprkm93i6jwkfjpguQ0Ci3jHOgM8bcLk8kZKx0zlkBU="}},"wHAp+Dgc+4fs9Owbgaba/LpznfnV3mjhu6Pl4w7kfNw=":{"valueMac":{"type":"Buffer","data":"Zzp+b/FDqnS3USW+MjKRvagxltsHMmGnIZPHsJmwBIg="}},"BGyT8afntU5XHjIAESsf/80ptpCXvixVtlqwb0mnSyE=":{"valueMac":{"type":"Buffer","data":"9KeuTFaIwPAs7987uIW72Cocmbnjjr6T3kH+/LMEJuc="}},"hoPHItVr9uZ8KhJbnVPoHCg5uIOha9rbZuOCg2xIVAw=":{"valueMac":{"type":"Buffer","data":"QDJwWNy6umEa0dexiK+SAdmrcWC0324Riux6qMtqxmg="}},"IoiHfIMGqarR1k52eZhO8Gu8YOKmF36ChjEzDV6+eGo=":{"valueMac":{"type":"Buffer","data":"32dXgkytfiHj3JvW3o5egMZMRO8vntr9fBR+G6q5REU="}},"qs9hcGvvPNS0LOeurhmEugfRkGepaTYv3QSYuJFP73k=":{"valueMac":{"type":"Buffer","data":"Wx4ZF8RX2endGJcU5zlTapuq37fkImVkyCkfjzmhFiQ="}},"h1UFxbmEn0Xf5vYDnH/FqbMIMYuL6Ecc4Q8KlIXbdIk=":{"valueMac":{"type":"Buffer","data":"GSu8utcpqBDWyRyMOTQV+prA6cDIyS0VOZb+5qRyyCs="}},"KtIeN2tWmaTr0Eb3JkgnSR6euRvEMUZN6ncv+P785EY=":{"valueMac":{"type":"Buffer","data":"GJF/qQWsR7jeuntRsbRdkB0dwx908r2XvfQ2undBPBw="}}}}