{"version":8,"hash":{"type":"Buffer","data":"lWbbJG31UQ2G210/tqeY8xdv1KBjgtB4ALhUmMNikVtcaf4O9fn9P85ZCiXWljDyl7KJFOEvgeB5Fv14sxK1bwzHB+TzGac7b3BFkxTtADonZSWhmz7uK7r0GQpKiIXjTWOHKqZhMO9HR2P1L760yEB7MPtRpqhwUeRQRmWEAxI="},"indexValueMap":{"ys7mJCSDtXczb1DRkFHvftC0jyL8DTS2/nEPZ5qSlNU=":{"valueMac":{"type":"Buffer","data":"eOWOH4jwzzBKUVEy6VU4N02ha8Ho41cB5VBSfrpI/L0="}},"dUqeiDn5SagzBRWN1BcqDR9MCOF7uo6I69bot1essRw=":{"valueMac":{"type":"Buffer","data":"tyFHpqS8HzhP3LlIN4PmY/ZEIJiQus6HROxnooYcEsA="}},"uEJwzvUxzPNNfLXAkKShReXn5lBR3JMmBIEouvStk2M=":{"valueMac":{"type":"Buffer","data":"fhp+eH1ZOcPuBkI8MLRyKqwHmZaDOpZrT7vYht8FujU="}},"j0cMBuoosj3VrJYTeB9Taax9H8yLrhQPMdQSr7K6Kes=":{"valueMac":{"type":"Buffer","data":"/aFYh0CPbqD0jZTnGJOoxyM9cJ3Jq2jU7FighNfqbho="}},"aVGcfPP/3xJuR/ewmfYWYH0p166zqQXL7L8pisB1gcI=":{"valueMac":{"type":"Buffer","data":"8CUqVJZryFfR+RoENqHmAlgwKxYpOhAzLpQ4n23Cy2s="}},"n+WoAZktDJy/UZEsoXQ4RCpk6rPJnX5E+GqfLCOueho=":{"valueMac":{"type":"Buffer","data":"IpwscSEWaQlhWTWTE9AGsKGenLhLt1N4Lue8kYq5I3c="}},"hpvyYr9fYMdRg62CVPmjnEWitYXahsCm6eciOjT+QlE=":{"valueMac":{"type":"Buffer","data":"KfAcefSEPlNRSpzqTilVj0n+2NCDQWClZ/euZCJFgzM="}},"29fxV+AzD3gtXAM+kcJlPVwoUHgaib71cmgf7PtNulw=":{"valueMac":{"type":"Buffer","data":"G+0NP4SDgvs+qBLmlNJyr21LXMBNp6+fCrHJZpt9pZc="}},"bsGJ3p6iue/VYhVTANLxo43sWLAAd1ff4Fd5JssR8Tk=":{"valueMac":{"type":"Buffer","data":"9qtTrVaKeWzIevBDeMJSAQZ5w+mkBzjUmDm4Ty+03Ks="}},"5+O/Dau3AoJBaj1T0p5eoGLGTo2fkRujhmDI8FpNuCc=":{"valueMac":{"type":"Buffer","data":"SI6NSBCrnhCKTV6pUVKGR5hHNFZLCPoO9Q7XhKdIWrc="}},"d8e10p+bxPGjE7HlR7b7nWozwTBrKx9u6qGwETpHDB0=":{"valueMac":{"type":"Buffer","data":"dMBp0EPGAHxTF4OjfihgyNmMAoZ/KvA5sZUKP3U3VP0="}},"VJOBVIGuhaOa5s8EUNn5wR0DFg5tFBXKuN7wzm8hj7M=":{"valueMac":{"type":"Buffer","data":"wjrxhzHk2HV5F0HWSuyfhGr4d8JXx/IZfmxFOl1/5dQ="}},"JhtNzMEwBcM+oWLfjdx4ShuzvPhm5FLL8MK5BijzcQQ=":{"valueMac":{"type":"Buffer","data":"iSZzmRdP2FbqvXmwoI8Glaw3r15yN2olnXn8ZPHKDoA="}},"cHxFEl5+JnvHEhf4ORf8pRClpceXyQNYFJqS6gbdvRY=":{"valueMac":{"type":"Buffer","data":"1LtrysnBEvPFTw8hNdld/esLaqEIbo70s75W1A9QcMg="}},"D7scsKxZQNZITzD3GiJX/QD5y8L6nYWvSTVFDjz1NrU=":{"valueMac":{"type":"Buffer","data":"jA8EPQC6hk+s+TTShBTyQmViOdwi56aFo6FuT2emzT0="}},"8VdaNH9tibyolSF8/NtyK1+ue2zcFWnVG+q9cJv8NkY=":{"valueMac":{"type":"Buffer","data":"4xGlND+B2Y8RxxngSK7CVh3ldoge81y9hDMfGFjCo8Q="}},"LIBHkRqkXTDWHgYl/2bYT4/kU516zPKrC0tWMubrR5M=":{"valueMac":{"type":"Buffer","data":"dsikJdvHyYZ6zsPSwz3WxqD7gySGJUgt2s8WcL9GXNA="}},"F/UrCSSlsqjknR5NB0T5EItS4C/v5AaBRv+L0MUGZFU=":{"valueMac":{"type":"Buffer","data":"fO4f0QY+Eh7+ro8OugrJBDacm/zPNqEipT1rpNW66dc="}},"lPOVaBexjn9iQ0vhABOPdYXGH90iCdGWPV8U8CyI4fc=":{"valueMac":{"type":"Buffer","data":"36doxJbtshtBhPq0HWnHnPU4qlV3SHDzaNTCikOakgE="}},"bPlj8tE6FgDsI5OWD8T0OTljbb8dAAkzxCJPOlTlZjw=":{"valueMac":{"type":"Buffer","data":"0vKU91N91FDFV9R5lSkLimrsFo97Bgryi3ehTSCefdo="}},"8Xm0OnouOpQHmQUwLRJ1hfp+GhG5yrZ6I1SKQVjSuXM=":{"valueMac":{"type":"Buffer","data":"9T5c4pKGTYC28dvQv+v5zF3AC3aR/w6axrehYR0Xa0o="}},"qoq7ywz+2K12v9oZCtYCx5tVEMq91aIvnCFiknqeflY=":{"valueMac":{"type":"Buffer","data":"G66iUJE7eG0LLd3j79x3DpFWzBjF93R/7IdNQvcCqzE="}},"kV3ThVBkTpmIQqivFxPlWt/c8L36iBfkhuWKg52CZGs=":{"valueMac":{"type":"Buffer","data":"f4mYnFd2y97p+SJPLuYvtkS4OlYBcf8vHT16I//mH9E="}},"BnouZ8j/xMJYKrMpmqIa48PARZVZ3QXxGDrSNmHKa1s=":{"valueMac":{"type":"Buffer","data":"d2LkdMVnR1uXk3aj8Jw8VoHxf4+F/2FojC0H05UEnAk="}},"Iwv7ICYVbo6dKW75QiUTAEbi7AIsLsvn64co4Vy7ImI=":{"valueMac":{"type":"Buffer","data":"0btszVhWac9Cpj3Hi7NOGUZmclRmlMAKThZ+sNPe7u4="}},"bmOO3IsGuADMlnph1fICytDAldHpQCvxdoB9lLKMkqM=":{"valueMac":{"type":"Buffer","data":"XcgkbXzZVc8X+TezxNjViENFCf3Dm9Uyf7ENbodlUNU="}},"BLSx8zjdi9Yde1UNRacjzVKYMD6RVwe+SDQj+sjYPe0=":{"valueMac":{"type":"Buffer","data":"iPGc5eCau3o36MriLgyoBSI/7XQW0/1V3Etz2IGcK/c="}},"dbQybgX8Bdlmwosc9JQTWWMPcf0JKpMMV37ZnC5V5UQ=":{"valueMac":{"type":"Buffer","data":"WngmoP+gKrF9srOzdzBSVssZXyk/U6kMS+D+arc8m4M="}},"Pni5w9QhBwzmE3RUqaAmOV3IXxFTHEnX88z6pYmrA04=":{"valueMac":{"type":"Buffer","data":"ABIdFPPj+0oa5z/gnTfW+FXabESx99ew30rByB6fFSE="}},"exX5To2ZkXGT2Rp7862Mz91Zv08+R9deyEreYaQi+mU=":{"valueMac":{"type":"Buffer","data":"Ila3P0/V+5nuCOVXFoYa0iIANQvDHQ8hoNxTUYwviJ8="}},"BAl5ja9xIrafz19ESvXI1t9IYdERBFdCt+bIrUtBdXU=":{"valueMac":{"type":"Buffer","data":"SNCvPSKUCVrRGzUIaIg89qojPGXksfolRSUarwFJAjA="}},"oGag2d4dZE4ihcrwsz3e6djzcBTJ/Lu5EScTgOCLXgM=":{"valueMac":{"type":"Buffer","data":"iBArS/1UsQLu6TRU+FAhO/oZnxUHYdwIuwf+BzYTETQ="}},"0upGRY5gIX38AcPHQ6fiPYHN/R7C7X4g0StADdQfz+0=":{"valueMac":{"type":"Buffer","data":"VDAo14oT9RK3Q0Lj52SlA2/uBFiS/aeHiYVPlTckO8o="}},"0j9V5KvpK3WVzwh/Xl+04P+8A6pEuDJp5WZdwmaARNo=":{"valueMac":{"type":"Buffer","data":"H8McGsxCo10s9nIWps2i4dX52bdS4dPA1Ta57FZByA8="}},"6kSKS+72Z/Kvmr8lxXJ4XSt2kdFq9GzuMbSo/k56WpM=":{"valueMac":{"type":"Buffer","data":"wZs03ovfT++Ys4CF8/QLDRpWyvOIRG2t9acpds09Yro="}},"6TdeQb4CtTrRRETGyP0sk+FYBXRTQuWBeZDMEMQFNEA=":{"valueMac":{"type":"Buffer","data":"uQw7K9EAf2pgVnw8k6pRk/oAtVYHfd1uCKdkVVTdKnk="}},"6MlkBvYdY/H9pXuMl89lcFzsvkyF2RPdz2x6qSn2LUs=":{"valueMac":{"type":"Buffer","data":"evRH1VU50PQyR7TZrCiNS/vPfDy1h9AtW3xGHBfCpm4="}},"zzVGYwIn/D9u2wOyjrvt0wQd7fqnDNTA9nmz52SshV4=":{"valueMac":{"type":"Buffer","data":"htGP4s//xZVo0hhNwhsB6CXQkd5lFW0YP9dJQ6Gl67o="}},"qASQdMyREgPFFXzNbI1YDLM9T+U51yZlUGjJCUvUL0w=":{"valueMac":{"type":"Buffer","data":"crHzMqNdNO2x8onQLNdoFkz6q4PRnrRdmBsVqnPCfcA="}},"JlEkrFyK62+lijCSn3qUXAWwmGckJUemGgBmdGyyV/I=":{"valueMac":{"type":"Buffer","data":"1ehjc2afJRkD8bZRH7LETeAXBRZ2GKnmRJaT+JLW1Tc="}},"GPaRLxucKJSaZUcIAF2Fpp9o14kMvAfuApGmLTxsqSg=":{"valueMac":{"type":"Buffer","data":"Vw0DYOStVvljcYvJH/JiqsAbr486bYfXWdW5or4auAw="}},"I+yZejsm+MmNveF9BiJ6cG2wFBhvJOKAGH4eAYJ3VRA=":{"valueMac":{"type":"Buffer","data":"MwmQ03XnR7+kn3yL/l8ZtchfPlkta5JoqfTccPp8nMg="}},"1MgLc8i6oD3+u1X36oEXer3U04Yf3ChuBkuodFu8ED0=":{"valueMac":{"type":"Buffer","data":"1lZBFWzFQoQPduth6aB6NsFFFPbYrQqK23zJaKZHpVo="}},"xRVqMX6r1dOMtWFiy6pKE3Zevzo4VyhkS0HhUiOKh3k=":{"valueMac":{"type":"Buffer","data":"o/8ADPkpieVoidU7PMTJrLuZWbMHaagipYR9fl2Ip7E="}},"sKB73aGzdVAXkzptlfpqH6M8OVSDdA7xQ8qbTgKSEeU=":{"valueMac":{"type":"Buffer","data":"iuG2Tv1BvSy/f6pt/9Crqcuj56BqHcSUqYLXQqr9e/w="}},"vxccKZStuNfZym9gWWe+xuxTXKJzHtRIDGt17la2DVY=":{"valueMac":{"type":"Buffer","data":"vlxpYMczbZg5FLWH28fNR+JezRGjGa1vBGqZtAixmcw="}},"Ooz6kEBORbFnXBdBbprmi6H+k2lnPsAOPvAZdkNkHyY=":{"valueMac":{"type":"Buffer","data":"3qSdtnPSXahNgsMd9VlZfc1oMs+amaXi5hW4zDWJY3c="}},"95Ney2DN8MWktfCvuchrergRCRu/R1D8J8p+gUGOhO4=":{"valueMac":{"type":"Buffer","data":"d4eW1ErcOQd/tTf8544vfXYllNM6bMHsqTFvqUr09Ik="}},"1qTOKsNdqPgqQcfNHZEIP2cdWLluXYB9CkZi3t/jM5w=":{"valueMac":{"type":"Buffer","data":"NbrgSlR9mB500sUfuDJf93zwkmQh/6Kqq5ieCcFPN6Q="}},"zAJufpfO8Mj5OB4WvKmnfS27kQ6Wd15B14LLEyz35J8=":{"valueMac":{"type":"Buffer","data":"ENLDMcP7yKlpv+krrvir/HNGgTPBSongJq+QWlhb/Cs="}},"ZbV8XFgheCfxN3yMslrYbIfxWvFkplR5CZVu2DROko4=":{"valueMac":{"type":"Buffer","data":"fUxn4Qmn2Y04sN5QoUWAfKUH6xdiauQ1mQ+foYQbiLY="}},"K1EXuyQw7lMo7S2QiqggM05O8BlnmjLFkZGnmtVZ3NA=":{"valueMac":{"type":"Buffer","data":"NPBDdJGDJYKGEK61gWskEGyfbDDxguqUgVRuZf1Kc3M="}},"fa/hoJncmNxtKS6NEsN9vuzV6JvYygM1cdza5UkrUYQ=":{"valueMac":{"type":"Buffer","data":"zgnyrKT4D94snttUbN0me1lCd7nNZtCr3SzaeeSOt9Y="}},"fxoUkkdKSJudOWL6fBnvPbDHp4z7rybIyzklNGlzIoM=":{"valueMac":{"type":"Buffer","data":"7bfy/2bFo4Ko1E9F0GDNJEZAell4RQ3tyRsMZFhIYSc="}},"4CKPcWc2i6LaOZq68qXfy2xp57XevcVACrEqR47MFLU=":{"valueMac":{"type":"Buffer","data":"Prl5yv1CAWaIB6e5mRwXj/40tUtmqK385UncWhqTz/I="}},"p9hbN06P5SO+BNHXbdHVNlu2xDi42vA1gx6y2NgdtzA=":{"valueMac":{"type":"Buffer","data":"PmdvtIYOHNekIMlDIIzZa9nDk0QbZzCN4PyCJWqjiZs="}},"lCy6kcWo2iOxghS+lhAmVhVrPHfsf/lmVyVTai2wMTc=":{"valueMac":{"type":"Buffer","data":"CT7QKq00SKiu1xRXWS9gCERKF/lrBXFRcLH6pu3u1no="}},"WPd6rqzVN7BGM9Z60pig0LujZB4htS5CFez8304Hx+k=":{"valueMac":{"type":"Buffer","data":"JQ74f9M3jtOlJfOi5fOmnWVKSyYp9lDhGaPuStufWKY="}},"YKR6jEHJ9P38FGJUbptSFGxx4tCBaNJ797E1iLjd47U=":{"valueMac":{"type":"Buffer","data":"dBnvo6bo1vwqnFB+iYq4G1LXdmQSMLy9nj6hCNiNKcs="}},"EEdbmzxyYVVjruo/XRfPpvmxz0HPKZ/S1KpsDuUaEOc=":{"valueMac":{"type":"Buffer","data":"wb0Q1LoRC0d2SpED0egV5FxaHna+NDe4dFPqeBEWUhw="}},"/CnU2oajQSSrphsvypI4pkPkXOt+EQxHUvGLTW3q3m8=":{"valueMac":{"type":"Buffer","data":"sETxSIp688pnm07ePTYC/eakGuLoJTnR8kRNJyGr6Lg="}},"O2q8jPXUcfB6Y/fSJOPqLi6WU8PWjmyJKV+yq65i7jE=":{"valueMac":{"type":"Buffer","data":"rKEafRO1R7kYXeh/mYcKjiNqBLC3sq/qNilPsJFFitE="}},"rUerPJf4oUkyqgWCImjVhp/6aNStOnJLjhfl1+tKad8=":{"valueMac":{"type":"Buffer","data":"CydyKZjmmT43G4Fr3h56o/FkQ2iRtgHSceBoALM5vvU="}},"jk6t1/ZqG8mQoTEKxl0eYe5ng9wmWvfImagjBuvVbDo=":{"valueMac":{"type":"Buffer","data":"L5igJSkGZdZEzCdeUSlyiL2/qhw+WuOy+YGGEVi4KtU="}},"bceDA1YJXr0jPb3KJt/60j55lSvMnsBQAMMw0WyqL9M=":{"valueMac":{"type":"Buffer","data":"L705vp3cDY4qTc/diRGFOKzJHwnnZ7bMO56K+mTTIhU="}},"ckgeed8FAUNPyNuKVVALwJSrIwsO5dp18g7StbU2v44=":{"valueMac":{"type":"Buffer","data":"fJ6JGYX7S28APbtq+CGK9diNLZ2aS/2IiWEwgp+71Gc="}},"X5Y9gmFKW2tN6I8b9klue3YSqbPXHrkSftURAPOisaM=":{"valueMac":{"type":"Buffer","data":"KYx8WN6aBIpu+s1VGvY7p6bvvUNu01pacjZvsQN4xlw="}},"00ALCJufKfuffD5/QTI8XgZZPtqi0XI6PHjws7BbHVc=":{"valueMac":{"type":"Buffer","data":"BUfDT2C1I1KdPS2W2dClNzX8WurJKLM3qMdPfEX19gM="}},"gpM6OW0Gj4reXIRgvp0YHWiFRU4liDcS9Rx52M+BM64=":{"valueMac":{"type":"Buffer","data":"VoQy8vZ4pqLa9ImoxL5DifPhHo+8wHqwf8LoXN6jYWA="}},"lL+n0e0a+/ycoxRNTNGFAqNEyGl+nDICsuwQ5Lk2Jt8=":{"valueMac":{"type":"Buffer","data":"LIT/+SU7dRuVfRBrmw7z+idASz118DpMAAE8DdnSLX0="}},"p4I5fCmnauXbpUAsnnTdH+bkCbckswn0p/JzZH3noPA=":{"valueMac":{"type":"Buffer","data":"2Ty7bMuXBftSbDUh4DWvnaYcjipxk1jhPVYSGcAjPVE="}},"tr+mmdPVowiyZw25OJL8/mvGkG3CF818kYVlDA4Y1qQ=":{"valueMac":{"type":"Buffer","data":"lYZOuxGtF11rX0rA2Q9EThC40U/TIXXoUEr3ndmCuME="}},"7upeflR0+UmbSgHRIIwJQoL0RbIFlECsXx9nHDBhZkE=":{"valueMac":{"type":"Buffer","data":"O8my9wUBQigo+oItmCFZqid1TaQCVOU0yFLBSdp79oI="}},"+Rrh6oUzKlbZjNmnh69wI9gX2CoG6a7PaORiCpHHY1o=":{"valueMac":{"type":"Buffer","data":"2+hZ5m2ukYHM4pEI8Ozh63xtgfUfTOCXWWypYJQCjlM="}},"pU4ky8E4vsIgu1jdv3a1BEULmU87n82FI1omxgULOVo=":{"valueMac":{"type":"Buffer","data":"dJoZgPaNVYnj4lbSF2tbFRL0vf9GIv9XUltT2ehUbHE="}},"3LLnoi2m12JAQBjwdmORP3+cX0Fj/gjm1q+KQnWm/9g=":{"valueMac":{"type":"Buffer","data":"1Fh8hpRws64cOLKODJ/1/GkvFZ3JpdC2doNEQBl8hmU="}},"OxkbDbfk3dp7wCfbCmtQ+Rd82LOyQY3zsgza4preSqY=":{"valueMac":{"type":"Buffer","data":"bQVP9rcpgMYGLdU8I50i3RkbiKPL34m86eB92xWPy3I="}},"zQ2OC2jCzlxgR4s5zRlts4hK2pXVXdqXHnM/qERYL84=":{"valueMac":{"type":"Buffer","data":"4+DgFDqkyUd38ZKPkzGx1Y5fQ8NDwwmks43e5unJMw0="}},"UMQCuytDu9MXwaDEAyHFddz8oGq425lQL/oerYhuU7I=":{"valueMac":{"type":"Buffer","data":"YGNdWVsS8VPAdgIR1gzJp2CKnakOmECnntd/4CSP4aA="}},"q5Zvmok6s5+vXSRTOha/IeiJn4b0z0g8+8R60vZPpWQ=":{"valueMac":{"type":"Buffer","data":"liEwZs3VSBj2WXDRmQBOjzsirrkIscS4/ic+aeYaLt4="}},"DkC0lVWNHjIKBBBSu4s08kE1qE2Q1Oi1hSoDrgxGPj4=":{"valueMac":{"type":"Buffer","data":"vS3OzFS/D23eOF8h7w/jwv9AAGeOdAzXnLtUwvebZiE="}},"DvyYS4tWslF2wOl3vofJKIRim4qvsLI4dFWzZXrWELY=":{"valueMac":{"type":"Buffer","data":"yMEXHxViFHrFRC2XVPJlURBrey6IYYZ47VfIOJQTkuI="}},"xdCN+XJVV205oAW2YZEyE2d0utvjpIijQk3lj2pEGFo=":{"valueMac":{"type":"Buffer","data":"gf7qj2OI/U/3j9ZSi0qXY2vky3xoD/f1oP2Jr+VTrZk="}},"pUzz5ugBkVdpikw+iXZH4msjC9n+iKZQ+Jdvm8+btAY=":{"valueMac":{"type":"Buffer","data":"iRTi48sMrYOsSnfmTKTPPtXkmoP8KaBfd0fKHIK+W5s="}},"mjTzftFu8lx71L7SctGCP+xoFPWOjDsEbkOHxmwzxdo=":{"valueMac":{"type":"Buffer","data":"HDP7C6bJ3S0Pnfm+csQsH2/yti9v5asrRi7nEozZYbs="}},"wAPR3kaZDp+lTD3BCp04a/sh/hakgZ5/N2uoLZKjvi8=":{"valueMac":{"type":"Buffer","data":"HIL0y8Yc6YWNl6qjM9hXCYnI4lYf+X9qwF3RdKaK6Bk="}},"Eu9EatzrKXv72VVpmysR/JQJk/E3k99wjFntquCtYmg=":{"valueMac":{"type":"Buffer","data":"8XRlOClZNJxyJfuOuPeJ3Tf+3Ee/LwDRz0UGvsmx6MI="}},"05CrRfJFX/3ZmT4h2rxx6do7sx0bN+k0UKwZ0vCFWRs=":{"valueMac":{"type":"Buffer","data":"FnQWMGRFW78F5MVmPOBDCrbGXvchAXGPdDrhidYfPA4="}},"9/d6cpEdam+e+odbWHIXfVoR8dDghc+QxpC5jlBtg58=":{"valueMac":{"type":"Buffer","data":"wkOajcwayb6lt+Ok3EM5IuMgSFMOM1EJjMJL5W1r5YE="}},"FNwZViyLV3ovt/tKxFXS0JkEkt4c5Vmop5dJXUtYUF8=":{"valueMac":{"type":"Buffer","data":"Y24OEfJMY2suxnFpvAo+K3YgOpaB6q3DDe2/wztfzfQ="}},"k4M4EaHWYp56EOkMJ95zGuRiONNFl8Vxf+orIPKaecc=":{"valueMac":{"type":"Buffer","data":"rYdG+HlIPNT0pxVkiqN4OQyg0x3t9/uLc3X7imeT5eo="}},"2nIYVe2blIzBw0txQlGxuT/luO5hliYy9qUame7FcTY=":{"valueMac":{"type":"Buffer","data":"kpics6GjNFaLONCfOLWIpeGYq1yRFjabfoEmGF71mBI="}},"HjATvn/mOjXrwpSeILahrE9h21jOhRAn6+d/6P+R63o=":{"valueMac":{"type":"Buffer","data":"DbgnW/8o/a+sQ/A7D3eCkVtj5RgdvWNUxCcEOGtLBmc="}},"3KGJEAJFso5VsE2Bwov8hoZ0FgbaPJ5tFwICcEgXrlY=":{"valueMac":{"type":"Buffer","data":"skw7TtQfJLSgv8hXdEbgFxEmjPJFTrZsjB/eGVJ91ks="}},"A61Py1s0n7YVMCsLAAiS87TUViLucgstmx9JECztXec=":{"valueMac":{"type":"Buffer","data":"Uj9rCGKWDQRPgVdEOO96w5DF6CiwSGJ7rB23/wYq7CM="}},"ump0WXKUsfQKG742KrbCPH03XIX0UVpCuBTwZKxf6yw=":{"valueMac":{"type":"Buffer","data":"XmFwEIxhoDQqKI/e2iFCh8yM9l6/bVzPYCqlGzVFp74="}},"8wlUuuwUKl0JF7zFSiKX4SfSOcW1guqjo0CcRmhnlgc=":{"valueMac":{"type":"Buffer","data":"B4LBnBrTHd+RL5u3zjRMtYO2Iy0C6osenkTUnECr+nU="}},"DF9kLx1EKpczUQ2+MtGw+NLrKiw2liT9obNRCG3cBOg=":{"valueMac":{"type":"Buffer","data":"1gf6mKOK30NPz/GDwR8w9ojkjwrcxoN0msyUFj2nvug="}},"B3wR6HeJufFhWT3M6F4lYaG/OIc553sdI3LyPfVkvws=":{"valueMac":{"type":"Buffer","data":"zTwXkYeDZ45bKFkSgjOMVoRohdrxY1Cl+EbFcM+pN6s="}},"jKp00iP5AXmBu3Pz05D4jlxBNbsOrms+O7elC2pCITk=":{"valueMac":{"type":"Buffer","data":"lwVL2PB7cFYgLKVV2yqW+ebKjUPeY+pkWtPFanDCkDE="}},"8kS0IdyUyb+xiikHpgN+Uoo6tIWTWLrL5YfYdyv4aIM=":{"valueMac":{"type":"Buffer","data":"ATkMvAbndAYywF8xeJISp7XOxVnqHWpazcW+Y5mtc+U="}},"x4Jddisfx66msSam64/Fj/UJ634UHeZxagE4jGss+Og=":{"valueMac":{"type":"Buffer","data":"PG2lib2YmfB9X8jsEQgOraVsfVt+G7GypYN0YwqyER0="}},"a2ptnHC6mAScJ/+nngLwjtqaZ6lCiMja2i8chWEIBXQ=":{"valueMac":{"type":"Buffer","data":"E2HnZxMU/+T2yvReSrTTCmoZim675P4avT5rlqh96Z4="}},"oNltXRlw3Jw7EAQx2uOw0HaAAYbHVxj0on9laUOLl/s=":{"valueMac":{"type":"Buffer","data":"hpvnUAoq9vurk5NUFPgkP6IOTT5FtEAhMeKp6s3MwqE="}},"C5DDurjxOHuxNjqdwIk0sEDkXeCXI6rLVJ+t59mqIbk=":{"valueMac":{"type":"Buffer","data":"gZQ03h4q6+uqd3BaTCLWRJGmtwyTkMPtK8budv6X5OA="}},"0fYM0TUGO9cnP0ZvHCw8EyRn+ObJCG3Q0ZfkEVhBso0=":{"valueMac":{"type":"Buffer","data":"tc9Z6OItrgPAUZehAeGLvO+VQHCCG752O+yxhyWwi4E="}},"fmottt0ZNSNM5/QSEBiJ+plYDhXWP8lQ1N10tknmAeY=":{"valueMac":{"type":"Buffer","data":"DKvvThZtt4Aql9aWtqDM8r+SB+e6lQfNS9eLIq5PEAw="}},"Vz8+vn++f+rlxwYxbmWhwq0UCYIpWZuTYTfw+LB22ik=":{"valueMac":{"type":"Buffer","data":"1O9lWapJ2dd7xzlbWoZTSyBkG2BgjLxL2qWBqHztiRM="}},"LNwrLw6HMwer1l++pxyc0uPGSxiRxJK2oNyYX370l8E=":{"valueMac":{"type":"Buffer","data":"ztrS+eTW9/uhGrF5nMgF/rl1iNkHtPtig7b4rEh6c0U="}},"bweRXwxdC5nGeYzpWMa9tt0cOG8y1nFGKtIZNPCUHV0=":{"valueMac":{"type":"Buffer","data":"nrTBGCJKQXp3b7KyUHEtcYeZqj0+6bM3Qm6bKLD+I3w="}},"19tPP3YN5hu1BZrx6Uq06PBe6gwDAiA1Z9istQou4Kg=":{"valueMac":{"type":"Buffer","data":"nBV/e+oQmJuHla084+zyGVN2+ySlEWlUfy8vIqbPUrw="}},"79XBP8ybMsPLYB/DDoq1qx5qF8mQXF+ykWoY+bcjhfI=":{"valueMac":{"type":"Buffer","data":"tnOLCRJLNV8EgC3R6QhPE7qkSviget6+Qi6UeYoIjpA="}},"M2e7OwYiwPwRQIapjSC29hZ6KgaiWqWLNDXdjeLf4T4=":{"valueMac":{"type":"Buffer","data":"uEsXuJNYsLZt0bdqxxWK0RlNo35BnOQkJplBeWSZE1E="}},"4lQigECsGlWHVKoCld4DGeyeBHRv7Ks8vgHNSxBXWl0=":{"valueMac":{"type":"Buffer","data":"YGDQGlclo1UUxQ4qMGmJ9vo5GtK+mh53Lr5KpLCGUcM="}},"WdH+cGYpVMgheKQ2p9X+rq+xxmBp7mjcdxL7KxL6OjM=":{"valueMac":{"type":"Buffer","data":"VtQsQ4zPh+pue+3165N+S6q/z3eyt9Rj94pSaM6Dri8="}},"VY2pbLgrdIvHcmD11n/KteEReUE6wO+Fb42Fc6E3EXw=":{"valueMac":{"type":"Buffer","data":"gPwzrEJnSh3j7wampegHZ4Ubol9mKvYPURKecXUA6qI="}},"s3UJHNifV6ORIb4qU1Bu9rP7i9tFTab4ocbCQS30WQY=":{"valueMac":{"type":"Buffer","data":"qk3rGJDTXfZhisW/lt1FlLuwLCscIfSrupSIZkEXvEo="}},"7X/ZwGbXAaK1c50zUYT8iOU5Zx2l19mXzhh0la4W3wI=":{"valueMac":{"type":"Buffer","data":"367rlgB03jQMozu0C81jVfUeC1H3dbmsy8EH9V4Qgm0="}},"MlBYBfFeYm7f4T3Zfr0y4F0BDXOiMqv2p6gBupu6oDM=":{"valueMac":{"type":"Buffer","data":"46qlJqNbrE80sk+OpYOrFKmY/3IcQeg8Q0cy/f9/pug="}},"uVHcojhX46okoFDqywnhTJ4zsMkwUanIK14DikTUe6A=":{"valueMac":{"type":"Buffer","data":"BlJlgRRaoQGr6CDYcWPsrIwQDpxnQbmZWftz108Dc7Q="}},"HP1zW/3JM07f69cV9rHs27RiAXe3P+dQ6Y1XEsvtN+E=":{"valueMac":{"type":"Buffer","data":"am9Y3U7kQOZqdnrHPu3W8npo6JOtiTOShdwADb/Il1w="}},"g6p9PeZ6DoZgVG79x2mLBAr5B9/iaxmkTPUMTy3Hsn0=":{"valueMac":{"type":"Buffer","data":"1pDsrZQtsyavxhli30st4GzwHkRB9eZqURBvBF51MvA="}},"oYYg1iCGdzuILCmBRmkhQdWAY3/+iFjOdv7iBUSQGpE=":{"valueMac":{"type":"Buffer","data":"fRqCDK3PK2F+iTi3LhKNxryydU/x38jaSrFWViffxuU="}},"wLXeXWtGY1STlmg7+mPjHCqy+XMUf3eXP9GMgxcZVLw=":{"valueMac":{"type":"Buffer","data":"nxtCx2HGsBpCwm7BsVBGdGn/Ax3ekjYaP4I6rCOIi4k="}},"FROfvFCvOoM8QBpWzIPCTXTQ68MmGsv82dslkW/I8HU=":{"valueMac":{"type":"Buffer","data":"4iLUZ9Y4lMsjFabLrm4+jhtmO5UI6Bj36XBoUQVczRU="}},"U6klAgMvMMkrZtPOpKiBkLmHx9sxv2pyn+svHCOB9cE=":{"valueMac":{"type":"Buffer","data":"ClzKx4Xfh0DQgLijzE4pvwIQwspAmgmFt113cu+b7bM="}},"qIP9m9sX4z/GjOraFt1Qv+EtAI+0r1iWFVNJYO1dixI=":{"valueMac":{"type":"Buffer","data":"RBbEQ9CGFCCyTdJRS+xcwitw5IUg6X5mIdy+hgGam4M="}},"AlpNrPtuFyYvvYRngRNGEdRgc0tHynsIkaL49ijWEV8=":{"valueMac":{"type":"Buffer","data":"+Y6Zkcgcij69RMEEA6u1bK92w+nrMQn0qWY2bIE8eQo="}},"u+Lh1HVmVggJdoOxkVjt8DQpBFOl76O9NFPvep/cUDI=":{"valueMac":{"type":"Buffer","data":"hZ6AdNCmHy96d/JhmLoJU5xHHvwTbafv4IO0eEB8GWY="}},"uwHVszpLtUF6tD4GGq+QxmXhOVMjUQrBpBpRjhIDnz8=":{"valueMac":{"type":"Buffer","data":"6scQ/mXJKYenIoFue7O7CM7a33toi7l4eRsiPBehZac="}},"YJSt0rN+hm9ekXbgHhwhhwo7WEkonZ/3bINjp8kpXGU=":{"valueMac":{"type":"Buffer","data":"n/HdOoGOkUzAruVhArA9nlB9B/OushWlO5j4f18XR28="}},"diu0raKs4cSEKqVmcKF02xzIkIBD6vwVeyN9p6gGsm4=":{"valueMac":{"type":"Buffer","data":"Nhy+6cB/27muDUKg8M2zni7GhTTawu7YsaICgqWn3F8="}},"KCc6RNo5De6jlzrDpu40+eRcyEeZfYK9NHQcqd5yYWo=":{"valueMac":{"type":"Buffer","data":"61TmGav9o9EVtv7ARVsF4ESW5hZCEZwAA2w28S40wuo="}},"86gjSkc6YPe7K1vFhQ3LeQnKbzSZayh+mGbGbHvYb3k=":{"valueMac":{"type":"Buffer","data":"vlHo5vyoRKhTqS1ywLLgt8/7JNhWakwbYRUqwKXN5mw="}},"xfvOJnIEymrBn1et4xfQ2oUY1giZzMFJEdE+l2O4WKI=":{"valueMac":{"type":"Buffer","data":"40lVanL7H4u8YWbbTG6OLgfUfH+OL/+R2dTaIf3RKio="}},"e7AZ5B21Nro6upJ3o0yQkGfGAbCh8MglFMbqaXVM7dk=":{"valueMac":{"type":"Buffer","data":"3LaC4D2nLevPCmIFIO0P9Yv4shXtBz4W17ZRWZFUWMU="}},"5nnWZn1DhkZmbkO7h5pjGXfqsxWuWD5tvThofK4bhps=":{"valueMac":{"type":"Buffer","data":"k6pWvO8Rmx5WtKiqJ6zOVYIdrNi7LRHze6rb9ye0EIw="}},"qlTeBGGd7WcgwjHQLziWKEUS/MQfNsxikCgGVsnulTU=":{"valueMac":{"type":"Buffer","data":"MASw8qXjIndNQ0FyCdb7HY4O7TO9ny4rAMDzGfKAFqw="}},"/NhAIGCl5sXES20XrQPxidYe0GWOJjphmtfTS+vFVko=":{"valueMac":{"type":"Buffer","data":"F7nOI9pQtFLz74GqK8glf4DB1xsYfqVUwK5HcSmfKmM="}},"R9RUJKT4Z5BaFWCto5UELyrr5v7TIWkmh16JE+9kAZI=":{"valueMac":{"type":"Buffer","data":"TwX7q/f/OJl8zRMLw9W+kkBVkZhwT/+cfEPDvfX06Sg="}},"m7uRosilUxpVuNViNyhwo9emTt/QG6a68d4mi4NQh5E=":{"valueMac":{"type":"Buffer","data":"2ntn5dEuxGbHslcSTHfmjCHN9xbGy9vmUCydAKwLP0w="}},"MslUE7azsKPrABwvlso8tjbgfugbsUy5KchnHziAHkQ=":{"valueMac":{"type":"Buffer","data":"hjaamlGkelsANLFMSfT/BFsBAm2Q7G5mVPhqtsOSbkU="}},"cqTZdXYyh9bc/KVKutHAnjDXgaPfv6TAb2xilG5YYUs=":{"valueMac":{"type":"Buffer","data":"O9P+9Vn/DbtTieyb2Z0mNaXgaPIvJJ/vam+w2ORDgtU="}},"bNieeYqRDFPDDSlXVllH9FdIYIsrki3OyqAM0UA6hY4=":{"valueMac":{"type":"Buffer","data":"R5rGXh5PB21sjxF63yXtFKquwXXyZa6cpLIaBzvEU/4="}},"9E5cOaOzoOqfLoTwWulzgXuTwuhoT+7EOxJXyxfr4KM=":{"valueMac":{"type":"Buffer","data":"/6W0wc688tJhOl0yJsJQ+lrvK6Oqn+xoFEP3Yim28sQ="}},"MrMtU4ooy+Vcl9H+3VVIgQtdL0Uc1yXfnfBEwHulZAI=":{"valueMac":{"type":"Buffer","data":"F2EdKxApZLer0um4/uUcwcU5y3CWyInNDYgV24lGydc="}},"/ChEF4HBjNHALp+8DoU/e0W2FxqMhB9E9KjxnbXnIqk=":{"valueMac":{"type":"Buffer","data":"tqJBgAd9Cyx++Gy7S20mvkMtkMqc55BNbELs1+gOy/g="}},"2oC1WvLxfgxDwC3+cwzfMCxymb44jTidHzS3Y7WgKiM=":{"valueMac":{"type":"Buffer","data":"prHPFstC0Jn427b61xQu4WN+gOyLkTbrUDlqJ+W7poQ="}},"MieUl7NXtEPg2T+yRiyrcPj0klCE2mro9BdxY5b6++g=":{"valueMac":{"type":"Buffer","data":"fivnvsOR9yn8q31RT7tKSZ1wMN+cEHv18bqLDTtiEzc="}},"VdgTPyUfeHVt4SMWIjWF5XZGy/lDqJiEXY6FOKHHSmc=":{"valueMac":{"type":"Buffer","data":"4wADkeiOQ1NkxjOcKruJ37VqAxyuyJngwRnM8PktQrg="}},"HI7/atmSc2aEVAa+XxK8BljMwV8Mp+G/u/lW9ooBnAw=":{"valueMac":{"type":"Buffer","data":"2utCyqlP3anChtVSwFbvGMhST2EtWp1TLb9OV32/Ac8="}},"oqp+JRZ1x6beCQduKwlYzGoFhEAOQ+Ngrf4vzHD8y6g=":{"valueMac":{"type":"Buffer","data":"aRagCi7cV1mGSLVyERWoDmzd5Yb6fzVW9StxIn1KMQ4="}},"y/o/LG19jA5YeE+Vbg+GYCYa/X/hNpT3bVqfJmKP2xs=":{"valueMac":{"type":"Buffer","data":"rBAwGDrrCBFhTAev5PH4tXTbqxxAjCmoFXwpn4pAvW0="}},"55LCc98YXTUENtY2g9Eg7KdmhpZoz/IFLEp6sfSPyxA=":{"valueMac":{"type":"Buffer","data":"WpoidCLMArAx1B6giCAKLtZ9RKLykJF/jzopReNRZPw="}},"+h2GsQOVLko9XeP6l+PtsJXJy+KQP94tqFXProJ9h+k=":{"valueMac":{"type":"Buffer","data":"E3Dn/RvYlY8oJfczrq+IUIv6knxv9XGPgmcgL79ME0s="}},"XO+k6qhlurQccOcKoAdrvrZPy3+G72Hl3xbNsWRKBlI=":{"valueMac":{"type":"Buffer","data":"RI1HEQ9SDqs7xkaIQX7TFktpoi41TgHm67X8KG2R8ww="}},"SwaAEBw88GdDP+V4sspiqBTnHQeervpwTH8A/q9UbJA=":{"valueMac":{"type":"Buffer","data":"Pw8Cn0ZXmL6cxa5bsZvHe88xAueFuRaorGzDQ+OFVvw="}},"19OFPLUJp8ufmceZ03D/FAVQ391vXbY2dX9pZ38Omek=":{"valueMac":{"type":"Buffer","data":"cEj6/Bwjdbs2eOJgplThdEDaTypU/ETc6qLXoz9JI+o="}},"SpxAPdRWvjrZo9BnNHqkyD4PHwwyGPjItFSAuG/S4A4=":{"valueMac":{"type":"Buffer","data":"N4Ft2SfHNnFhcWc5Ow20eUNQXmo8kSDi4rJdFEjENH8="}},"+G9v/ZfBofbs7EP7xBuO2k/xFOVSiRbm6OcnpQ2cxUA=":{"valueMac":{"type":"Buffer","data":"g1eUT1bN25zzajGGFBqY1CiWe7/r151WJDKc+YLQElE="}},"0W/BynfWDl3xJCsR+nFi48fNVlR+9jq8YCwiMxqUEpE=":{"valueMac":{"type":"Buffer","data":"7vHX+YrXqp3/nhfT1I86UcjaxceTZYO0Xk8Yzx8y64o="}},"8pyjjRE1xgMUT6XX2AqhrdFZ4h0elFmIXPGJdKaCRPc=":{"valueMac":{"type":"Buffer","data":"h3fckBM6d5FE9fm0/+eEfj+FKdHXlssocozTMO99zrU="}},"G3WP6m6ug2K5G8y/PN9U4sKMEjks6FqP3tHRamScR1U=":{"valueMac":{"type":"Buffer","data":"MnwZZhVHO9BwsHZ8MUz8ic0MbAwkYgLd82gBWM+uApc="}},"a3/cV3rA2dhgiLd63vK6sB5Q//exI+AgyEquUDjCObU=":{"valueMac":{"type":"Buffer","data":"4X+hFm2kpqCG+nsmbKk+a2s+0UpgEzMJWXzq8FsqHa8="}},"U8VXWY8KwmOegfv2XDRq93Ecf09T0NpON1FviBH5a1U=":{"valueMac":{"type":"Buffer","data":"mIBv4hdYhDrjeVvmNMCvRJ2gWBA7nwTIKPmHMcqPDyE="}},"qgf0M9Y+fBJ1p1q1T4efa+ztNmGPip8Q2KKRokRhd8E=":{"valueMac":{"type":"Buffer","data":"njhUqcuXxVXIKHjomDYZfLNaI70GsbTki7DYZoXtgo0="}},"1uYHpAp91fLD46sL48scoRboU+oYDtiY4r3M89sukoc=":{"valueMac":{"type":"Buffer","data":"qGz6g8PSZX9JCdZviS/W6Nho3BdtopV5fMTp+LyeCK8="}},"R6HyMNJta6W/nt5Z0572LrUWH/mDh/BnEfZXu1VlUhM=":{"valueMac":{"type":"Buffer","data":"Bx1SuXtNQiyfc1/Ko8l8TfPYTIJrCADCI1JolMLhfsE="}},"Slsvka4wFX/Q3aGpfoqg3WwTqMR2XQFK9y3Pa3WIuSs=":{"valueMac":{"type":"Buffer","data":"d5I/Z5+4CkkKSKw/JYguKKJ/274o3OEU3lkEljRl2RQ="}},"GCpq5hgKIPl7xyOYnPXL0yWaD+ypI2ZWVLTvlSy1E34=":{"valueMac":{"type":"Buffer","data":"CTn0o77T8R5aApqSryr8Zqb/KO7qf0CRI93wN+6En9w="}},"DNFhMer/Fth/pI2E4S3scz512SrORTYXazqv9xiFotw=":{"valueMac":{"type":"Buffer","data":"0XZ2LjaXSmcOyibJNKb2qjiqr0HH7RYahS8/pBRo9tM="}},"O0Zyj0aJRR9z9mrDd5z12uqvmfMF+ikegpLwtwUxafs=":{"valueMac":{"type":"Buffer","data":"LycU/oU4tOvY387sy2tMPMB+5yPXOgAl3GoEyr68CuE="}},"n+HdYDgjnriaX7HmmGaGykgvTzmdmNDh2nVDN2BEzFA=":{"valueMac":{"type":"Buffer","data":"kmRBjaI/ENxg4nbCMgeTbRWxzrdmybVcmiE5bywbDWk="}},"xO3AK6vPF9m4+TGkBaUGbpYFu1TM9eoRAhwfy6kYDwE=":{"valueMac":{"type":"Buffer","data":"9yNrTfzkRgy8L8cDcGAVYs1jXdg41wwGjLg0ZrztMWA="}},"RA+fayyl+U1ThnOLq38PFZVkdWSFeYxc1r1Y0Cjhz4M=":{"valueMac":{"type":"Buffer","data":"zfDFCFs7iqgTubEITD5id02W5VV8fZtwe/Qd3A5D3+4="}},"KZz9kl3d9ScqTOM0HhI6ltQpQ3T6rAmlwhs1rDCAMbs=":{"valueMac":{"type":"Buffer","data":"MJpQc8oyM/aZhA3lmrORiAANvvXNH6BV8Jptm5N3ZXQ="}},"9wkC8ubnbphu7k18+JtYf/6QjbBJ5kYQk+8z8Xr8GSU=":{"valueMac":{"type":"Buffer","data":"fmQjnHPEQvKrVqdajBjNqAjYBhxSjY3UorP7FEbCWEU="}},"nW+R0/C0j+yl8ndJCZ60bbbFzkxb8IJwn3A6CO0eGJM=":{"valueMac":{"type":"Buffer","data":"bN/E+TvvGjEcwErEFo+92nPRP9tm/jDBD/IjZaxnhM4="}},"RXbo1wKf4QnLGerl4uZ0/XWhm12oz/5Pk2H6iOXNfnA=":{"valueMac":{"type":"Buffer","data":"0lPG+YzwhExCrDRy3Q+M1LEkvJhkJWifiJRbDlfckqE="}},"W+7lIKREmZgEy5GpkNBaN7spDG6It07ags76Y9XDe3s=":{"valueMac":{"type":"Buffer","data":"BSiEyr8wQoP1rwrf9zEpgsekJq08soonORT6F9YYWnQ="}},"Y7vBkEOdQuhRst9tI8DaaI232P6IQkWvfI/454BfQGs=":{"valueMac":{"type":"Buffer","data":"F2AtBq4WsTEWlm9/Q3VcXpnq2z5M0xS8D7bewPecu5Q="}},"flLCwraEAGnLhArP+JyneVYUKU6Sp7lBzOg4R7+xeos=":{"valueMac":{"type":"Buffer","data":"SgMYGMCM0fpvt1jsjccGqmrU2d1bASEO8K4loysli/Q="}},"DG8+7tGSw8OAIVBlEp6ilpEtIhG2HQeb9Z1KejE/vl4=":{"valueMac":{"type":"Buffer","data":"Eeywa7DyEMp+q5v6fD2Crg1Q6whHC06zTncWaBmYPYA="}},"7do0OZv8p0Je4UIQdU3LHbY8wnO+nDNXOfneA8Fwdu4=":{"valueMac":{"type":"Buffer","data":"Qe9zxOva14NFnXooN4i8CCtOpGXoc70bUMarQz9XQzs="}},"jfoLbd2ZO0xfVauO9TGH0J4g3YPvlnDv38C45gZNl1o=":{"valueMac":{"type":"Buffer","data":"TEKQiTI5BWnCRJynyaNu3D2AWPuP7vrimcY17/gtiUk="}},"dtsbjuGcR4ACVikso2HgYVaxm3m0INS3y5yOTl9A5QU=":{"valueMac":{"type":"Buffer","data":"huGL9oE96IMyefN/Myx0EspP6rflWV0cCukfX6Q0qhE="}},"c1Q8FrZrLDfQ/mlHrTB9BCULc7p2oFpV8k3U0BibmbI=":{"valueMac":{"type":"Buffer","data":"Rpzkf2fzWefrc+hnoz871IgDyPPLZyJjpdHZRjgpDX4="}},"QxeGIsQWAltVNE0gnJ0ofzGA8Fsw0lYBEw+i+fiR+jI=":{"valueMac":{"type":"Buffer","data":"of29ouaKIS6v1QHKfZ4++w2Tjm56zrmf50LVDZ4p7sM="}},"WNEIuyR2DOBebZ61SadGOIY7JMimTUJqwwTV0akN2HI=":{"valueMac":{"type":"Buffer","data":"URKDkVBm8mDrUjIisd+jW0wBqqnF/BVo8ipsif4XuKg="}},"GuXPn7P6WREM0mMmqr6ZtofgOddynKrLsEEQNARN198=":{"valueMac":{"type":"Buffer","data":"DdLWnIrDkMFXewQXcg7aBdQoVb4GaXdg/oV1TPEGWSM="}},"U3nWdCL3Cov3HgvycdQECRIV0LnIp2gkcUgaA2ragNs=":{"valueMac":{"type":"Buffer","data":"Xg5oEsgojdQD5SoTDZdAiQn5ijRbu4yaj+XVydMhLlY="}},"GwtI+XwFWWCXgKOQPKu7og8wqIZCHXekNThNqnX3YWk=":{"valueMac":{"type":"Buffer","data":"JsvVjr0ayzBYPJh38qEwZ7UhP8F8Fcd78xmlp8dORc8="}},"seKJgMpYDkzifw7Lfcb1UASdxQRI+FZ09GEbltsYmoY=":{"valueMac":{"type":"Buffer","data":"c2eV8z/iiXE3O/T7SRTBH4TCrtp3nYSk3njkYI+7rUw="}},"OHI+Dccs3Ncsbk4smNhoB4v3sCS8KORtWfRhjZE4BwE=":{"valueMac":{"type":"Buffer","data":"S25lW73ykRMJowPgKAUKusJDZ9djxLdr5qlvexC32yQ="}},"jFRa/+XRidL3Gqx6UA611Nz7u1q0PXZ8km2BwKU8Oks=":{"valueMac":{"type":"Buffer","data":"a10oNHmakS4jvCFZ/0yBesD0z3CixRnTY7fTfyoj7Xw="}},"pOe3ep9bfzqq4+u4nrTpwe6ODOaN5/+g8G/8PXuhDhE=":{"valueMac":{"type":"Buffer","data":"avpLYdGHrB3crjKfjO35YIemVy6EuxqN3+/hEubU+EI="}},"2FJ67XkpPM24fJKyc3I0+Ew3TDx7lkGrg/Qg6ze9YhE=":{"valueMac":{"type":"Buffer","data":"oPPhX6lic3a8N1e6Qqyrcp95ptfxndgCZS0WhbF0SH8="}},"N18oBeABzp6gDOWwRldAUUTJ6p8tUBVa4JJQUqqjsFM=":{"valueMac":{"type":"Buffer","data":"LBcWVEWXfLoZZ7BmVvq6VOanJsoDowSksAK89uRc4IQ="}},"WhXLFp08IgUkNFPMzjWOr4QcQP+r5fuHsfWTc5tWYGA=":{"valueMac":{"type":"Buffer","data":"+ziGhy+RERldaZ6CkOOO+A+XFREc1WI70Cfimx0oQSw="}},"vyclj7e7xoqIYHlnqYNOMa6F6OQX3+rDsOYDxK348wg=":{"valueMac":{"type":"Buffer","data":"2SWfZ/MzSkwbAotzGQ22rH0HnVf2Byt5AnHWhZ3WbxY="}},"GLfKDdHfFRFUFukzGeBEf1MunERF7lMOarl7AqWJfcU=":{"valueMac":{"type":"Buffer","data":"YYPOXBncrw2XriyDTvpPD3dg6pRwnQt7xW0M1OXQyV4="}},"rOau5dAvpwa/Ucv6jwWWa2M9X9NyWSxh3bPIA9QzYyA=":{"valueMac":{"type":"Buffer","data":"6YGIeLBpavWc7EhncVdnPGNrMe5L6395pIycIhAJ+8U="}},"sFrdvSDUASFkQfbFwxWIRaU/JRzHuwoV2JL+Vm0WGoU=":{"valueMac":{"type":"Buffer","data":"iGRiB19MartMU+yf9aKsH6UxavLW6uA2Tmdr4VspdF8="}},"GtLK7mxmyxZJk/dbUku3yWKrraorvSB2luXAJSlIcoA=":{"valueMac":{"type":"Buffer","data":"A3VisQKVCfKYDk4vPXP6J8tYtuYrS6W/J8mGJaRnJVc="}},"LM3i/BK2+gUyr6ZegiuN+NNsNuPd659jAIrR6L2Hz3g=":{"valueMac":{"type":"Buffer","data":"TBT6ZKtH9cEzqiiBFsnBvh16UCjpdcLLU/PYTTbe6aI="}}}}