{"noiseKey":{"private":{"type":"Buffer","data":"uKLumJCGesJ+pGn4ytaTLjL/5Z3mWMnCH2ilb876TkY="},"public":{"type":"Buffer","data":"EuOvBLoZoLzlfFs6//qRHQbOo3Jg/I/58CXNnTVeTjo="}},"pairingEphemeralKeyPair":{"private":{"type":"Buffer","data":"OKd/XEqb9ePbRAGArOEVzRN0p3vqEyTxwG/1bIehT1Q="},"public":{"type":"Buffer","data":"hjHK+KMZqOYzUC+b19R5inTrQEwzbqCwDJmAEpRtBGE="}},"signedIdentityKey":{"private":{"type":"Buffer","data":"uFhHfr/6nMSJRP7jk0VsLzPhpv3yaZ0eupl/9OD9W3U="},"public":{"type":"Buffer","data":"R7NaqKcWFx5tunRuIUTrE72iadE06uHUdy2NSiXoj08="}},"signedPreKey":{"keyPair":{"private":{"type":"Buffer","data":"KJB6E1dtt/QImMun9eLkpSvtNZtpEAsoGCSNxtKtUkg="},"public":{"type":"Buffer","data":"kI7sKYj6SwvFAID+oTJvuiZhddqZDiWuwGfOV+HTSg8="}},"signature":{"type":"Buffer","data":"wpUjITVo6lcFcWJb5LFqagYF9Yvos5q8wGLcJrohCHos+ZrbfvHLzR4EUI1PMwogP3cPJH7ocBU4AlOQlIrYAg=="},"keyId":1},"registrationId":81,"advSecretKey":"VLJHUlImCHIbKdbY3JqbeufgVnqVWEnrUmnhM+3AhyI=","processedHistoryMessages":[{"key":{"remoteJid":"966538437421@s.whatsapp.net","fromMe":true,"id":"E715171DFC108D3C3344C781291D8178"},"messageTimestamp":1737099435},{"key":{"remoteJid":"966538437421@s.whatsapp.net","fromMe":true,"id":"6CBCFF6343FC7781DFAD98671B20DFBE"},"messageTimestamp":1737099445},{"key":{"remoteJid":"966538437421@s.whatsapp.net","fromMe":true,"id":"F46F4C7A1D821177BC2F22FA646DC9E2"},"messageTimestamp":1737099828},{"key":{"remoteJid":"966538437421@s.whatsapp.net","fromMe":true,"id":"0E561AD26C8CD1D5804109249D645F09"},"messageTimestamp":1737099829},{"key":{"remoteJid":"966538437421@s.whatsapp.net","fromMe":true,"id":"691217853B4DAD828DE82200A5705FA0"},"messageTimestamp":1737099834},{"key":{"remoteJid":"966538437421@s.whatsapp.net","fromMe":true,"id":"D3680F13356EE9DFCD908772E2C5CFA5"},"messageTimestamp":1737099851},{"key":{"remoteJid":"966538437421@s.whatsapp.net","fromMe":true,"id":"D93E5CE028317DFEE70FBFB569C8AA7E"},"messageTimestamp":1737099873},{"key":{"remoteJid":"966538437421@s.whatsapp.net","fromMe":true,"id":"F4A7D30340C63B0A117C747260504DBA"},"messageTimestamp":1737099899},{"key":{"remoteJid":"966538437421@s.whatsapp.net","fromMe":true,"id":"BD67EDACB47286AE19A1AB96E5EE2348"},"messageTimestamp":1737099921}],"nextPreKeyId":31,"firstUnuploadedPreKeyId":31,"accountSyncCounter":1,"accountSettings":{"unarchiveChats":false},"deviceId":"9xXJtpg6QF2Ox5Apsg79uw","phoneId":"97bc3c0f-9370-4816-822a-3786f1beeede","identityId":{"type":"Buffer","data":"NTJ6wEvTQbrcmAEjuCtxZbSAOeI="},"registered":true,"backupToken":{"type":"Buffer","data":"ABUVDt2R9c9OEMq+Z64boZDEsbw="},"registration":{},"pairingCode":"9AVHXZE5","lastPropHash":"PWk5B","routingInfo":{"type":"Buffer","data":"CAIIDQ=="},"me":{"id":"966538437421:30@s.whatsapp.net","name":"𝑺𝑰𝑵 𝑱𝑰𝑵 𝑾𝑶𝑶","jid":"966538437421@s.whatsapp.net","lid":"278434710343685:30@lid"},"account":{"details":"CIHGudEBEJyRqLwGGAEgACgA","accountSignatureKey":"EICc2p9eWa58MR4UoKOyU2u0LmZ5Wx30W8F+QWPMDmI=","accountSignature":"Fuey2RQJlmoHG/4FuaihDi2o2Cww6xu/ue4KSk2IpzHnOlVomQEyUQ8lhLAlmHyC0w7LPEV/wN3y8kVT3bkFCw==","deviceSignature":"mfWrIPshayC0m+Mqz6AQUlhgv8ssgZqkrMLo1q9Ndl83MO5o9Ajuh/t5Oh/ofkTuuEgcvToxbnfc4mKG3AnRBQ=="},"signalIdentities":[{"identifier":{"name":"966538437421:30@s.whatsapp.net","deviceId":0},"identifierKey":{"type":"Buffer","data":"BRCAnNqfXlmufDEeFKCjslNrtC5meVsd9FvBfkFjzA5i"}}],"platform":"smba","lastAccountSyncTimestamp":1737099422,"myAppStateKeyId":"AAAAAH3Y"}