{"966538437421@s.whatsapp.net":true,"201147493179@s.whatsapp.net":true,"994402792227@s.whatsapp.net":true,"967774563751@s.whatsapp.net":true,"967719905410@s.whatsapp.net":true,"967775661516@s.whatsapp.net":true,"967730456899@s.whatsapp.net":true,"967730541741@s.whatsapp.net":true,"967783453347@s.whatsapp.net":true,"201003725973@s.whatsapp.net":true,"967717129563@s.whatsapp.net":true,"967783950303@s.whatsapp.net":true,"967733921751@s.whatsapp.net":true,"994409841607@s.whatsapp.net":true,"967779663691@s.whatsapp.net":true,"967781512715@s.whatsapp.net":true,"967777209097@s.whatsapp.net":true,"967780104583@s.whatsapp.net":true,"967776118166@s.whatsapp.net":true,"201010967145@s.whatsapp.net":true,"967712767746@s.whatsapp.net":true,"966580175766@s.whatsapp.net":true,"201061475880@s.whatsapp.net":true,"3584573987985@s.whatsapp.net":true,"967735815227@s.whatsapp.net":true,"967712641461@s.whatsapp.net":true,"967715176587@s.whatsapp.net":true,"967780848525@s.whatsapp.net":true,"967774069350@s.whatsapp.net":true,"966550296052@s.whatsapp.net":true,"967774231339@s.whatsapp.net":true,"967713624169@s.whatsapp.net":true,"201212551394@s.whatsapp.net":true,"967770346401@s.whatsapp.net":true,"967778314975@s.whatsapp.net":true,"967774054414@s.whatsapp.net":true,"967773461964@s.whatsapp.net":true,"967718245861@s.whatsapp.net":true,"967780106597@s.whatsapp.net":true,"967715909072@s.whatsapp.net":true,"967739241070@s.whatsapp.net":true,"201144148194@s.whatsapp.net":true,"967711307078@s.whatsapp.net":true,"249966420047@s.whatsapp.net":true,"201147352507@s.whatsapp.net":true,"967712989220@s.whatsapp.net":true,"966577423029@s.whatsapp.net":true,"967735400347@s.whatsapp.net":true,"201289748117@s.whatsapp.net":true,"967782360038@s.whatsapp.net":true,"967714062286@s.whatsapp.net":true,"967715916340@s.whatsapp.net":true,"966565008093@s.whatsapp.net":true,"967713276684@s.whatsapp.net":true,"967701443493@s.whatsapp.net":true,"967781775488@s.whatsapp.net":true,"967772922084@s.whatsapp.net":true,"967774796866@s.whatsapp.net":true,"967713265204@s.whatsapp.net":true,"967783881829@s.whatsapp.net":true,"18599796373@s.whatsapp.net":true,"18599796373:1@s.whatsapp.net":true,"967714197950@s.whatsapp.net":true,"967771454479@s.whatsapp.net":true,"201154729151@s.whatsapp.net":true,"967736963272@s.whatsapp.net":true,"967780284869@s.whatsapp.net":true,"967778684070@s.whatsapp.net":true,"201064020338@s.whatsapp.net":true,"967713359907@s.whatsapp.net":true,"967778189476@s.whatsapp.net":true,"201116977712@s.whatsapp.net":true,"967774049153@s.whatsapp.net":true,"967781422173@s.whatsapp.net":true,"967712016992@s.whatsapp.net":true,"967712363668@s.whatsapp.net":true,"967780938158@s.whatsapp.net":true,"14148130680@s.whatsapp.net":true,"966563537371@s.whatsapp.net":true,"967779762814@s.whatsapp.net":true,"201023247488@s.whatsapp.net":true,"967713437410@s.whatsapp.net":true,"966589853048@s.whatsapp.net":true,"967771484710@s.whatsapp.net":true,"967780830169@s.whatsapp.net":true,"22391478669@s.whatsapp.net":true,"967780717852@s.whatsapp.net":true,"967774885056@s.whatsapp.net":true,"212643794914@s.whatsapp.net":true,"967735310987@s.whatsapp.net":true,"967717860763@s.whatsapp.net":true,"967778239494@s.whatsapp.net":true,"967779237621@s.whatsapp.net":true,"967715597954@s.whatsapp.net":true,"967774621328@s.whatsapp.net":true,"967712336345@s.whatsapp.net":true,"967714564299@s.whatsapp.net":true,"967778014100@s.whatsapp.net":true,"967774331670@s.whatsapp.net":true,"967781228449@s.whatsapp.net":true,"966557132437@s.whatsapp.net":true,"27751598411@s.whatsapp.net":true,"967780633083@s.whatsapp.net":true,"967781405518@s.whatsapp.net":true,"967780582155@s.whatsapp.net":true,"966538504418@s.whatsapp.net":true,"967735674083@s.whatsapp.net":true,"967775433899@s.whatsapp.net":true,"967730257998@s.whatsapp.net":true,"967716839441@s.whatsapp.net":true,"967772269567@s.whatsapp.net":true,"967770415138@s.whatsapp.net":true,"967730148594@s.whatsapp.net":true,"967711126796@s.whatsapp.net":true,"201028760843@s.whatsapp.net":true,"50935832764@s.whatsapp.net":true,"967717734882@s.whatsapp.net":true,"967734037283@s.whatsapp.net":true,"967778582569@s.whatsapp.net":true,"212702901164@s.whatsapp.net":true,"967738455195@s.whatsapp.net":true,"967739858914@s.whatsapp.net":true,"967782338828@s.whatsapp.net":true,"967770635237@s.whatsapp.net":true,"967783456113@s.whatsapp.net":true,"201550477119@s.whatsapp.net":true,"306992254108@s.whatsapp.net":true,"966536569683@s.whatsapp.net":true,"967770574958@s.whatsapp.net":true,"966548203187@s.whatsapp.net":true,"967730762778@s.whatsapp.net":true,"201115488263@s.whatsapp.net":true,"201282809297@s.whatsapp.net":true,"967718449047@s.whatsapp.net":true,"966573123662@s.whatsapp.net":true,"967777347518@s.whatsapp.net":true,"967714502794@s.whatsapp.net":true,"967736644152@s.whatsapp.net":true,"967713225528@s.whatsapp.net":true,"967736546611@s.whatsapp.net":true,"967715822633@s.whatsapp.net":true,"966536948068@s.whatsapp.net":true,"967738598942@s.whatsapp.net":true,"967730607781@s.whatsapp.net":true,"967716054821@s.whatsapp.net":true,"967783752903@s.whatsapp.net":true,"967717701679@s.whatsapp.net":true,"967780197199@s.whatsapp.net":true,"9647735376608@s.whatsapp.net":true,"967776199679@s.whatsapp.net":true,"967713960389@s.whatsapp.net":true,"967735438089@s.whatsapp.net":true,"96551533363@s.whatsapp.net":true,"212773667708@s.whatsapp.net":true,"963982119952@s.whatsapp.net":true,"967734142682@s.whatsapp.net":true,"967717155671@s.whatsapp.net":true,"967735028491@s.whatsapp.net":true,"13098921353@s.whatsapp.net":true,"201017494238@s.whatsapp.net":true,"967716069048@s.whatsapp.net":true,"201145495734@s.whatsapp.net":true,"967712352896@s.whatsapp.net":true,"967738154318@s.whatsapp.net":true,"967716034164@s.whatsapp.net":true,"967711805945@s.whatsapp.net":true,"967782801830@s.whatsapp.net":true,"967733495002@s.whatsapp.net":true,"967775633096@s.whatsapp.net":true,"967713029399@s.whatsapp.net":true,"967771046294@s.whatsapp.net":true,"967712923540@s.whatsapp.net":true,"967711319700@s.whatsapp.net":true,"967775619074@s.whatsapp.net":true,"967783825957@s.whatsapp.net":true,"967711187985@s.whatsapp.net":true,"201096520113@s.whatsapp.net":true,"967739017830@s.whatsapp.net":true,"967714590391@s.whatsapp.net":true,"967711232906@s.whatsapp.net":true,"967711232906:1@s.whatsapp.net":true,"967712395643@s.whatsapp.net":true,"967730801677@s.whatsapp.net":true,"201115428366@s.whatsapp.net":true,"967730536011@s.whatsapp.net":true,"201557416916@s.whatsapp.net":true,"967783581875@s.whatsapp.net":true,"967736840090@s.whatsapp.net":true,"967782727874@s.whatsapp.net":true,"967776948221@s.whatsapp.net":true,"967776299397@s.whatsapp.net":true,"967739899206@s.whatsapp.net":true,"967778502749@s.whatsapp.net":true,"967730482715@s.whatsapp.net":true,"967783847389@s.whatsapp.net":true,"967779358187@s.whatsapp.net":true,"966573007091@s.whatsapp.net":true,"96899780977@s.whatsapp.net":true,"967770129228@s.whatsapp.net":true,"967778289589@s.whatsapp.net":true,"967716404203@s.whatsapp.net":true,"967713731133@s.whatsapp.net":true,"967781626750@s.whatsapp.net":true,"201125095172@s.whatsapp.net":true,"14122960338@s.whatsapp.net":true,"201556342984@s.whatsapp.net":true,"967736947065@s.whatsapp.net":true,"967783559127@s.whatsapp.net":true,"967774206093@s.whatsapp.net":true,"967738127510@s.whatsapp.net":true,"967734809187@s.whatsapp.net":true,"967773263815@s.whatsapp.net":true,"967734916973@s.whatsapp.net":true,"967715709472@s.whatsapp.net":true,"967778299868@s.whatsapp.net":true,"967714087485@s.whatsapp.net":true,"966574921017@s.whatsapp.net":true,"967738076980@s.whatsapp.net":true,"967714801007@s.whatsapp.net":true,"50933621331@s.whatsapp.net":true,"967712480583@s.whatsapp.net":true,"967715237981@s.whatsapp.net":true,"967783934063@s.whatsapp.net":true,"967782350542@s.whatsapp.net":true,"967771492830@s.whatsapp.net":true,"967773603940@s.whatsapp.net":true,"967780326807@s.whatsapp.net":true,"966532750818@s.whatsapp.net":true,"966531474268@s.whatsapp.net":true,"972567561068@s.whatsapp.net":true,"967716641704@s.whatsapp.net":true,"967775512152@s.whatsapp.net":true,"966568629522@s.whatsapp.net":true,"967775992096@s.whatsapp.net":true,"967776145666@s.whatsapp.net":true,"967734463854@s.whatsapp.net":true,"201129218614@s.whatsapp.net":true,"967776975990@s.whatsapp.net":true,"201144639591@s.whatsapp.net":true,"967714883767@s.whatsapp.net":true,"967730146377@s.whatsapp.net":true,"967783961544@s.whatsapp.net":true,"967715206525@s.whatsapp.net":true,"201155770463@s.whatsapp.net":true,"967774002163@s.whatsapp.net":true,"967712770681@s.whatsapp.net":true,"967738715217@s.whatsapp.net":true,"50940687526@s.whatsapp.net":true,"967712408314@s.whatsapp.net":true,"967780277628@s.whatsapp.net":true,"967773093221@s.whatsapp.net":true,"967780163124@s.whatsapp.net":true,"967782282976@s.whatsapp.net":true,"966597535185@s.whatsapp.net":true,"967777274643@s.whatsapp.net":true,"967781715662@s.whatsapp.net":true,"967782803490@s.whatsapp.net":true,"967714127068@s.whatsapp.net":true,"9647513351081@s.whatsapp.net":true,"967781748672@s.whatsapp.net":true,"967736740764@s.whatsapp.net":true,"967713729833@s.whatsapp.net":true,"967734489919@s.whatsapp.net":true,"967780934973@s.whatsapp.net":true,"967776197812@s.whatsapp.net":true,"967783789283@s.whatsapp.net":true,"967739579212@s.whatsapp.net":true,"967733105524@s.whatsapp.net":true,"967739693324@s.whatsapp.net":true,"967770973008@s.whatsapp.net":true,"249907134267@s.whatsapp.net":true,"967770845577@s.whatsapp.net":true,"967733145675@s.whatsapp.net":true,"967771682302@s.whatsapp.net":true,"967771151362@s.whatsapp.net":true,"18735080442@s.whatsapp.net":true,"201003128452@s.whatsapp.net":true,"201148839122@s.whatsapp.net":true,"967711061324@s.whatsapp.net":true,"967781351093@s.whatsapp.net":true,"967713657598@s.whatsapp.net":true,"967730838511@s.whatsapp.net":true,"967774457925@s.whatsapp.net":true,"967776530769@s.whatsapp.net":true,"201033505959@s.whatsapp.net":true,"967780217108@s.whatsapp.net":true,"967738718076@s.whatsapp.net":true,"967780138110@s.whatsapp.net":true,"967776852546@s.whatsapp.net":true,"967777743964@s.whatsapp.net":true,"967730355708@s.whatsapp.net":true,"967700719794@s.whatsapp.net":true,"967770659835@s.whatsapp.net":true,"218916638044@s.whatsapp.net":true,"967712471878@s.whatsapp.net":true,"967782850213@s.whatsapp.net":true,"967779695308@s.whatsapp.net":true,"967730799084@s.whatsapp.net":true,"967777264934@s.whatsapp.net":true,"967778317286@s.whatsapp.net":true,"967774421402@s.whatsapp.net":true,"48699523660@s.whatsapp.net":true,"967777647646@s.whatsapp.net":true,"967783014507@s.whatsapp.net":true,"967713482579@s.whatsapp.net":true,"967717150351@s.whatsapp.net":true,"967715539878@s.whatsapp.net":true,"967783940157@s.whatsapp.net":true,"967736586694@s.whatsapp.net":true,"967781410012@s.whatsapp.net":true,"967736976581@s.whatsapp.net":true,"967780307483@s.whatsapp.net":true,"967782908745@s.whatsapp.net":true,"967779049175@s.whatsapp.net":true,"50932458549@s.whatsapp.net":true,"967778174467@s.whatsapp.net":true,"967775680498@s.whatsapp.net":true,"967716953806@s.whatsapp.net":true,"967774952397@s.whatsapp.net":true,"967779685767@s.whatsapp.net":true,"967772748957@s.whatsapp.net":true,"967730313316@s.whatsapp.net":true,"967712597470@s.whatsapp.net":true,"966534665438@s.whatsapp.net":true,"967781385451@s.whatsapp.net":true,"967714803760@s.whatsapp.net":true,"967734794355@s.whatsapp.net":true,"14709481526@s.whatsapp.net":true,"967717237472@s.whatsapp.net":true,"201065265844@s.whatsapp.net":true,"967773186314@s.whatsapp.net":true,"966561454636@s.whatsapp.net":true,"967715950443@s.whatsapp.net":true,"967711817374@s.whatsapp.net":true,"967739023412@s.whatsapp.net":true,"967782117985@s.whatsapp.net":true,"967781573198@s.whatsapp.net":true,"967770797505@s.whatsapp.net":true,"962796432572@s.whatsapp.net":true,"967775190087@s.whatsapp.net":true,"967781595783@s.whatsapp.net":true,"967772217007@s.whatsapp.net":true,"967771152063@s.whatsapp.net":true,"967712616608@s.whatsapp.net":true,"201016726088@s.whatsapp.net":true,"967700696387@s.whatsapp.net":true,"967781401950@s.whatsapp.net":true,"967773197120@s.whatsapp.net":true,"967781901452@s.whatsapp.net":true,"967739354084@s.whatsapp.net":true,"967734494249@s.whatsapp.net":true,"967737432143@s.whatsapp.net":true,"967714552733@s.whatsapp.net":true,"967780264498@s.whatsapp.net":true,"967717634682@s.whatsapp.net":true,"967717245665@s.whatsapp.net":true,"201014449958@s.whatsapp.net":true,"967739868889@s.whatsapp.net":true,"967780868112@s.whatsapp.net":true,"967711578543@s.whatsapp.net":true,"967737762438@s.whatsapp.net":true,"201282513434@s.whatsapp.net":true,"967771623262@s.whatsapp.net":true,"967782544674@s.whatsapp.net":true,"48459232670@s.whatsapp.net":true,"967777314024@s.whatsapp.net":true,"967716723945@s.whatsapp.net":true,"967774742059@s.whatsapp.net":true,"967779909958@s.whatsapp.net":true,"50933580279@s.whatsapp.net":true,"967778311010@s.whatsapp.net":true,"967735190980@s.whatsapp.net":true,"966556559863@s.whatsapp.net":true,"966578008949@s.whatsapp.net":true,"967779786628@s.whatsapp.net":true,"967780435508@s.whatsapp.net":true,"218923594535@s.whatsapp.net":true,"967734869956@s.whatsapp.net":true,"967778108835@s.whatsapp.net":true,"967783819137@s.whatsapp.net":true,"967737261375@s.whatsapp.net":true,"967712976779@s.whatsapp.net":true,"994408482672@s.whatsapp.net":true,"994408482672:12@s.whatsapp.net":true,"16396970609@s.whatsapp.net":true,"967775077320@s.whatsapp.net":true,"967713992876@s.whatsapp.net":true,"966590736287@s.whatsapp.net":true,"994405612758@s.whatsapp.net":true,"994402074529@s.whatsapp.net":true,"967715383095@s.whatsapp.net":true,"967733516349@s.whatsapp.net":true,"201062207550@s.whatsapp.net":true,"967782958365@s.whatsapp.net":true,"967736997677@s.whatsapp.net":true,"967738027809@s.whatsapp.net":true,"966533487184@s.whatsapp.net":true,"967733219153@s.whatsapp.net":true,"967773358089@s.whatsapp.net":true,"967714697272@s.whatsapp.net":true,"212713561836@s.whatsapp.net":true,"967737075829@s.whatsapp.net":true,"966572631291@s.whatsapp.net":true,"967776568057@s.whatsapp.net":true,"967713238129@s.whatsapp.net":true,"967734631046@s.whatsapp.net":true,"994402394084@s.whatsapp.net":true,"967712916791@s.whatsapp.net":true,"967775783934@s.whatsapp.net":true,"967733481445@s.whatsapp.net":true,"967737847631@s.whatsapp.net":true,"967780350907@s.whatsapp.net":true,"967774604361@s.whatsapp.net":true,"967738763165@s.whatsapp.net":true,"967716193043@s.whatsapp.net":true,"967778032419@s.whatsapp.net":true,"967713978515@s.whatsapp.net":true,"966545632795@s.whatsapp.net":true,"967735420101@s.whatsapp.net":true,"967780354467@s.whatsapp.net":true,"967775482845@s.whatsapp.net":true,"967779470086@s.whatsapp.net":true,"201145038518@s.whatsapp.net":true,"967772783768@s.whatsapp.net":true,"967739364536@s.whatsapp.net":true,"967730889428@s.whatsapp.net":true,"967717762445@s.whatsapp.net":true,"967739034581@s.whatsapp.net":true,"84837137258@s.whatsapp.net":true,"265880579000@s.whatsapp.net":true,"967735749505@s.whatsapp.net":true,"967735103509@s.whatsapp.net":true,"967780996753@s.whatsapp.net":true,"962799263527@s.whatsapp.net":true,"201080323465@s.whatsapp.net":true,"967735780529@s.whatsapp.net":true,"6289688769400@s.whatsapp.net":true,"967780634916@s.whatsapp.net":true,"9647728348795@s.whatsapp.net":true,"967712360435@s.whatsapp.net":true,"967717252018@s.whatsapp.net":true,"967776894583@s.whatsapp.net":true,"967716805154@s.whatsapp.net":true,"967730724008@s.whatsapp.net":true,"967775362398@s.whatsapp.net":true,"967739202072@s.whatsapp.net":true,"967780325881@s.whatsapp.net":true,"967780406228@s.whatsapp.net":true,"967780406228:18@s.whatsapp.net":true,"967701080985@s.whatsapp.net":true,"967716404178@s.whatsapp.net":true,"967717527403@s.whatsapp.net":true,"967781652332@s.whatsapp.net":true,"967780642356@s.whatsapp.net":true,"967711534945@s.whatsapp.net":true,"967714107964@s.whatsapp.net":true,"967772143397@s.whatsapp.net":true,"967770673957@s.whatsapp.net":true,"967773541943@s.whatsapp.net":true,"967774086930@s.whatsapp.net":true,"966538437421:31@s.whatsapp.net":true}