[{"senderKeyId":1407257979,"senderChainKey":{"iteration":17,"seed":"5RkdKDlHHfkvbDlchqkXSPd641foku8t2e0akz+RG4Q="},"senderSigningKey":{"public":"BYqtrG3eVxPhIM0Z/q1OFrGXZ5SsQqV7ey1GVLHNDsJl"},"senderMessageKeys":[{"iteration":1,"seed":"uH7agbJr1FeVJtNTFKydcBweRrac8Z8095fvybVM6O4="},{"iteration":3,"seed":"z4Nk8crxdd2pe0rS1TKiaqCF6eTSrKiqTovT3VKgrEY="},{"iteration":5,"seed":"NDAcPj4y7KUVcP+uj4X1CH4OyQWFXPQFGEj7cHYZfEY="},{"iteration":7,"seed":"gm5QmeGBnj32sEsXAjh0gKJzIjTo/+ifNaVsSN87Y9g="},{"iteration":9,"seed":"Sp6igmC3zYmRaYzSZd9wcbSX79dJ7DjFWU4HfhE/Jt4="},{"iteration":11,"seed":"H7R6sdQxSJUBtqyB7WMWNOsH3ep4mo4VOwfnbI4tm58="},{"iteration":13,"seed":"Yxcsb0ywsh1xUigPeJgXnSiQ5x2GbbbqeEn6hnyr2MU="},{"iteration":15,"seed":"Mgqx03EX4qPHi9OM3NfbDc2VqcY1gI4TPqTkw7Y/s8k="}]},{"senderKeyId":1640103978,"senderChainKey":{"iteration":43,"seed":"QXhrnxVh9f4pTUxMsdPbnEAiuY9KwaKPineQbJm+Tws="},"senderSigningKey":{"public":"BfzduAbf/0wqUQ2Xfhz7nG8oaQScnDrYzbk489BKeho2"},"senderMessageKeys":[{"iteration":1,"seed":"xWDx0W0MbqDWkM69igOnoR7FR0YmVnoMWtjDpRc2O1M="},{"iteration":3,"seed":"wVBrVPKd+Lezm01aEMY+SDlcOKhaDzzuwUDZQ77JVhg="},{"iteration":5,"seed":"ro0zAGTcsY9v36V8kAkqmQ7yH7h0Sw/hWVoq7R+dxS8="},{"iteration":7,"seed":"OwkyX4npW3EayalSQnvDs3M0oGB2lVUTOh48iWkZzoA="},{"iteration":9,"seed":"xBeyUktwRvqEAz4lNvA2VJL9CoISVEST/Nw/eFnEqSQ="},{"iteration":11,"seed":"VRsUTWe174AnvDwE9Bbv3I01KlGV08S+JwxVFLbx7zE="},{"iteration":13,"seed":"iPcmX8WYmS4cdoghWB5Vps+nsAtPXMQyFwRyWPmPQ4k="},{},{},{},{},{},{},{},{},{},{},{},{},{},{}]}]