[{"senderKeyId":2111268616,"senderChainKey":{"iteration":11,"seed":"C8G+kVhSZIo8oq8ovdhXbt/PodUqqDYo0+qieJJa8Bs="},"senderSigningKey":{"public":"BTC6Vf1qq0MoTqhWspD6SmXYRUaD69gu8WlZ20pvZARq"},"senderMessageKeys":[{"iteration":1,"seed":"qE5+OOkqzzP7K/qmi5ipCBde0YsPmFlkYsORgF8Qp5A="},{"iteration":3,"seed":"Xr5aRk2ymuzKvBHFCKOEhI8mu/XqaeJ7+kE+zI84wx4="},{"iteration":5,"seed":"t0iboIezgBWe/rEJsm5IFwdWw/Ctj7OIclrR+g1oQZc="},{"iteration":7,"seed":"T2Sjb6x1xE2e3eJbE3T14xotZ6bdVp3TZ2nJfKUjGmM="},{"iteration":9,"seed":"H4hSkLZfYsCM5wYsQcFUfW11iOUjhdLjIXk1j1SqX7U="}]},{"senderKeyId":2111268616,"senderChainKey":{"iteration":1,"seed":"3P6xI3g5Dut0QKGNjMXc0OiyXbQ+Zsr8jl4DTik2lKg="},"senderSigningKey":{"public":"BTC6Vf1qq0MoTqhWspD6SmXYRUaD69gu8WlZ20pvZARq"}},{"senderKeyId":1286284610,"senderChainKey":{"iteration":5,"seed":"MKZdLUjsNw8inuC3cGUYQ16urzLx1tC7+LGyq3UZDJM="},"senderSigningKey":{"public":"BadG43yQq72jPDOTNqiwN398jwp/GuoFau6uxTSc7yc8"},"senderMessageKeys":[{"iteration":1,"seed":"R1hF+qKjoNtsGHeq8GQ7z57vUM/UxFm0sskn547ypsA="},{"iteration":3,"seed":"uDMo3Q/8q64xZu3I9Xyda21jsX03+V9QPk3REH7ikfE="}]}]