{"22234418979@s.whatsapp.net":true,"967714302450@s.whatsapp.net":true,"966538437421@s.whatsapp.net":true,"967714265747@s.whatsapp.net":true,"967773051557@s.whatsapp.net":true,"967779284740@s.whatsapp.net":true,"967773098020@s.whatsapp.net":true,"966509377557@s.whatsapp.net":true,"967779070655@s.whatsapp.net":true,"967712530362@s.whatsapp.net":true,"967730503895@s.whatsapp.net":true,"967774304184@s.whatsapp.net":true,"967737915069@s.whatsapp.net":true,"967716942046@s.whatsapp.net":true,"967736885396@s.whatsapp.net":true,"967738770978@s.whatsapp.net":true,"967772723498@s.whatsapp.net":true,"966549411835@s.whatsapp.net":true,"967780786115@s.whatsapp.net":true,"201040315956@s.whatsapp.net":true,"6283829387829@s.whatsapp.net":true,"201025495372@s.whatsapp.net":true,"967730670260@s.whatsapp.net":true,"201030410239@s.whatsapp.net":true,"967773502645@s.whatsapp.net":true,"967716809145@s.whatsapp.net":true,"967776005587@s.whatsapp.net":true,"967775903713@s.whatsapp.net":true,"967781712071@s.whatsapp.net":true,"967711639532@s.whatsapp.net":true,"967711357449@s.whatsapp.net":true,"967712726681@s.whatsapp.net":true,"201023064170@s.whatsapp.net":true,"212657801416@s.whatsapp.net":true,"201289105450@s.whatsapp.net":true,"967730252391@s.whatsapp.net":true,"967715421580@s.whatsapp.net":true,"967715240364@s.whatsapp.net":true,"967773599642@s.whatsapp.net":true,"967778018819@s.whatsapp.net":true,"967735192026@s.whatsapp.net":true,"967773201660@s.whatsapp.net":true,"967717327917@s.whatsapp.net":true,"967770742152@s.whatsapp.net":true,"967783796141@s.whatsapp.net":true,"967770313489@s.whatsapp.net":true,"967783458313@s.whatsapp.net":true,"967780174744@s.whatsapp.net":true,"967733075777@s.whatsapp.net":true,"967735933835@s.whatsapp.net":true,"967773632416@s.whatsapp.net":true,"967772573670@s.whatsapp.net":true,"967780285960@s.whatsapp.net":true,"967736947065@s.whatsapp.net":true,"22227672521@s.whatsapp.net":true,"966578817185@s.whatsapp.net":true,"50940077566@s.whatsapp.net":true,"967773235788@s.whatsapp.net":true,"967783935337@s.whatsapp.net":true,"212600158837@s.whatsapp.net":true,"967780099287@s.whatsapp.net":true,"967777166088@s.whatsapp.net":true,"967775764877@s.whatsapp.net":true,"13478729512@s.whatsapp.net":true,"963930324647@s.whatsapp.net":true,"201094341926@s.whatsapp.net":true,"967773484319@s.whatsapp.net":true,"212695642800@s.whatsapp.net":true,"967717404469@s.whatsapp.net":true,"201226985283@s.whatsapp.net":true,"967771038538@s.whatsapp.net":true,"967711904223@s.whatsapp.net":true,"967739693324@s.whatsapp.net":true,"201154566061@s.whatsapp.net":true,"967772270543@s.whatsapp.net":true,"967772561493@s.whatsapp.net":true,"967712675571@s.whatsapp.net":true,"967738605955@s.whatsapp.net":true,"967715287970@s.whatsapp.net":true,"967781483890@s.whatsapp.net":true,"967779722149@s.whatsapp.net":true,"22231232422@s.whatsapp.net":true,"967770775879@s.whatsapp.net":true,"967773340533@s.whatsapp.net":true,"967739410776@s.whatsapp.net":true,"967775943453@s.whatsapp.net":true,"966569592883@s.whatsapp.net":true,"923368315132@s.whatsapp.net":true,"967777364203@s.whatsapp.net":true,"967716528701@s.whatsapp.net":true,"967737432143@s.whatsapp.net":true,"967718153743@s.whatsapp.net":true,"201146439850@s.whatsapp.net":true,"201004785094@s.whatsapp.net":true,"967737696048@s.whatsapp.net":true,"967717509182@s.whatsapp.net":true,"966578008949@s.whatsapp.net":true,"967715455767@s.whatsapp.net":true,"967718746592@s.whatsapp.net":true,"967712380582@s.whatsapp.net":true,"201143680118@s.whatsapp.net":true,"967737002698@s.whatsapp.net":true,"22248199940@s.whatsapp.net":true,"967713737890@s.whatsapp.net":true,"962790695145@s.whatsapp.net":true,"966597759655@s.whatsapp.net":true,"967772701980@s.whatsapp.net":true,"967775035156@s.whatsapp.net":true,"967781955267@s.whatsapp.net":true,"966539984369@s.whatsapp.net":true,"967735689502@s.whatsapp.net":true,"967712930138@s.whatsapp.net":true,"967772717401@s.whatsapp.net":true,"967778007143@s.whatsapp.net":true,"967730895948@s.whatsapp.net":true,"967715771563@s.whatsapp.net":true,"249909314293@s.whatsapp.net":true,"967770803632@s.whatsapp.net":true,"967776425399@s.whatsapp.net":true,"966538437421:31@s.whatsapp.net":true,"212713917778@s.whatsapp.net":true,"393512861036@s.whatsapp.net":true,"201210674906@s.whatsapp.net":true}