[{"senderKeyId":957013498,"senderChainKey":{"iteration":25,"seed":"rYrNpuNgTmCVoThnVscH+kgxPpEsmEsv7HP9xVnzBBA="},"senderSigningKey":{"public":"BSNspfPLM9n04t5ZkY7Cej32/4O0SjPGH04yXoqxXzEZ","private":"IJ4BbIVkQHQRP1OS89VWdddcIAOsrA2RWchXhkI3p2k="},"senderMessageKeys":[{"iteration":1,"seed":"/rjmlXwjkYophHqfHrsOGwFIpR1mSwTDUXWCRpii4MY="},{"iteration":3,"seed":"CSPgwTKwce4yzi78dqxfwUnpmyQSb3JZG5UNUTs1nKs="},{"iteration":5,"seed":"EWqvsZhoAzs5S9LXJ/RZRfvacYcRP1Wb1EStWXDPhJU="},{"iteration":7,"seed":"XbnnRy2azMMTzlDvfS6orMsWeDwmTLac4PPMDAHZj+0="},{"iteration":9,"seed":"/VwB8o/yHFUaFYUxKYKfWNle5OpnFCPO9yv/7eyT4EE="},{},{},{},{},{},{},{}]}]