[{"senderKeyId":10879843,"senderChainKey":{"iteration":43,"seed":"aYZYk/EsFc6SgLiYsKYwmkVexyX37+0s0PhwixgIg6A="},"senderSigningKey":{"public":"BWOQgGpRirrl6s8OZ5HS+HbW093UYQFog6/TeeS8bJwB","private":"IJZIv8ddoAQF+2JLhodwIDnvGvg+5meH4Ys0alE0lGU="},"senderMessageKeys":[{"iteration":1,"seed":"gLH03MgmDgm/npYjn9s2zGX5rwId9tWdUuj5a695jIw="},{"iteration":3,"seed":"XL6/yrtsHRpM/kaTUQlmv/wIk0T73uqK1xqPdegTb34="},{"iteration":5,"seed":"24g/AQeZhePSOGisOMbqVVg+r6br4ZGg3SfCnAibKy8="},{"iteration":7,"seed":"Xb3hS0yg057YiDRcf6Iamevk758+5WND9p1g2zWHusQ="},{"iteration":9,"seed":"JBr2VnYNXks84scyBTpJ1E2zgNOc+bTw5fy6jB7tmpw="},{"iteration":11,"seed":"zWEqRnvQPEWF7ZQpzIdJn+tSGCpYLJbIxld+5J9yUhE="},{"iteration":13,"seed":"svxxdi0YA8pi6RQdvlpBPBJwv5ZryKHZ9dMe91zCjc0="},{"iteration":15,"seed":"lz/cl+aq1gn1L1QXWGu8BuA2uJTjkT9qH5e6+415X2Y="},{"iteration":17,"seed":"6cMOg/csVSxG7qHjzGj+xwoVrVoAjgeZy2VTI1EVqGc="},{"iteration":19,"seed":"UI4dboJSOtVJssTuFSu9uox4mQRrWo9O7eRKyKIhDWo="},{"iteration":21,"seed":"pau8THIK2NDpmivJucp4ucQUs1i2s6+wAp4q/fegk5U="},{"iteration":23,"seed":"GuYjvN0i8JZdxiZQahOazg5s6aDMiZYSOkFPGuQL8VQ="},{"iteration":25,"seed":"xO6sGXOTvTw880AQKQ2a05TMM//lM0nc89JNLSVJbuo="},{},{},{},{},{},{},{},{}]}]