[{"senderKeyId":1611785562,"senderChainKey":{"iteration":10,"seed":"8EAq3oelgPirB67WXZVlSSlCg3COEy4XfWYiluFBw1w="},"senderSigningKey":{"public":"BRq4mdhGWaivVBpTgp4WrazcUDt3bbm/6z/N78MiCJt3"},"senderMessageKeys":[]},{"senderKeyId":1606165095,"senderChainKey":{"iteration":17,"seed":"MHBDmhjMEDC8J0oMtVTRqof2MX6FGUoeNgD5GW8cLLo="},"senderSigningKey":{"public":"BTguLfriyoNLll8DbbgFxyzxjAYcVs3OySEPMBElejNL"},"senderMessageKeys":[]},{"senderKeyId":59228388,"senderChainKey":{"iteration":1,"seed":"3Ou4K7ksBBB4FmfifzyUqY0srK0wuYPsIuwdvdPrDps="},"senderSigningKey":{"public":"BdOyoVBVx44l05+iCU5wctOSzo+m0QIfhYDmhkUIZk0t"}}]