{"_sessions":{"BRHe3+irTKziO5P5aoI5nvDcEs7Gm5WgXeNiN+VNVdVW":{"registrationId":1550099758,"currentRatchet":{"ephemeralKeyPair":{"pubKey":"BU/21CE7EevcICAvC2ufkF6VipWO+uTnCbdSFY6GSX92","privKey":"OL2ytZJrUune00LAFo44+yqBclZe4EkewCwoWmOUSXk="},"lastRemoteEphemeralKey":"BZURlZlapgWCIiDghs932vj/ZwMY8W8otY0LnTDdbe1h","previousCounter":0,"rootKey":"Rswipm/YFpewmq5Q6JRJ3T9NaSOQtZUi7NlkThDtjy8="},"indexInfo":{"baseKey":"BRHe3+irTKziO5P5aoI5nvDcEs7Gm5WgXeNiN+VNVdVW","baseKeyType":1,"closed":-1,"used":1737106446205,"created":1737104171318,"remoteIdentityKey":"BRlZEi3ZIfwUUvcX27s32R7zQpveVN+fj2C1UJ9bBSUo"},"_chains":{"BZURlZlapgWCIiDghs932vj/ZwMY8W8otY0LnTDdbe1h":{"chainKey":{"counter":0,"key":"7FoaDido4MCXmlKh8jb7rAKZvIfroCAn8KSWHXgENac="},"chainType":2,"messageKeys":{}},"BU/21CE7EevcICAvC2ufkF6VipWO+uTnCbdSFY6GSX92":{"chainKey":{"counter":-1,"key":"BSHRssXpSs/Nn7Yq2cd3VNSLmjqr3eYOF+re97l0meA="},"chainType":1,"messageKeys":{}}}}},"version":"v1"}