{"_sessions":{"BUhrURg+KCfJBlVH2zjG40MrjcgJxC+wCtGi9i7A+YM6":{"registrationId":619394070,"currentRatchet":{"ephemeralKeyPair":{"pubKey":"BfOp0ELHuByA/JqxTOPKFrEvJ0inF/jMVCsCjTmlbVFf","privKey":"oBq4oXdiRU2O65aPqdKhW9r4S34OZpgFrOZyplz3t1g="},"lastRemoteEphemeralKey":"BSr8G5FpBwID2jCOGpdIz0xnlPnuWQXWbOW/pCGwG61v","previousCounter":0,"rootKey":"xEwGzEhijJtyphjSasd4YH9T8pRHpz6h9AD2IEM566M="},"indexInfo":{"baseKey":"BUhrURg+KCfJBlVH2zjG40MrjcgJxC+wCtGi9i7A+YM6","baseKeyType":1,"closed":-1,"used":1737102400905,"created":1737102400905,"remoteIdentityKey":"BeA+ZvH4++f4Uy31q0/r2cWrY4eUyI/10/gqTUP3i7xI"},"_chains":{"BfOp0ELHuByA/JqxTOPKFrEvJ0inF/jMVCsCjTmlbVFf":{"chainKey":{"counter":0,"key":"RtL6kogCHWWn9B9FjwQsCu/Ai5qJdGDjYmK3oTT0+Sg="},"chainType":1,"messageKeys":{}}},"pendingPreKey":{"signedKeyId":0,"baseKey":"BUhrURg+KCfJBlVH2zjG40MrjcgJxC+wCtGi9i7A+YM6"}}},"version":"v1"}