{"_sessions":{"BRfP7z18R5o2Dzuyc9warXW1cLn1ABE9uonCj2vn1iY/":{"registrationId":307542532,"currentRatchet":{"ephemeralKeyPair":{"pubKey":"BZ/C/kniexoufJ5Nd2dq1Mab9kzZWeDuIqlojHTtAI9H","privKey":"iDn/nqr8T5vFsQZLWKay64f4T5z6aUTv/xpWZxzJJXg="},"lastRemoteEphemeralKey":"BZljLaW3szD00uQI85qefbpqKjQ6nfVtbuqB9XpJCzx1","previousCounter":0,"rootKey":"7EAJKE8JRkrRt9Va0XvJH54JO1VT5cLvIm7Oc8ux0Bw="},"indexInfo":{"baseKey":"BRfP7z18R5o2Dzuyc9warXW1cLn1ABE9uonCj2vn1iY/","baseKeyType":1,"closed":-1,"used":1737102400618,"created":1737102400618,"remoteIdentityKey":"BaTGQXVSvknOCvo0TltQ0vt/ku7zG6u410pj7KpIFx8R"},"_chains":{"BZ/C/kniexoufJ5Nd2dq1Mab9kzZWeDuIqlojHTtAI9H":{"chainKey":{"counter":0,"key":"DK4LEgYu3Hu/4YdrqClCEGqtph0zhMNBK0F3lAXqfMk="},"chainType":1,"messageKeys":{}}},"pendingPreKey":{"signedKeyId":1,"baseKey":"BRfP7z18R5o2Dzuyc9warXW1cLn1ABE9uonCj2vn1iY/","preKeyId":11160953}}},"version":"v1"}