{"_sessions":{"BSSpb79XJBUKTLRGyrvA8MfV2mHAJJcXiejaycGAmQNB":{"registrationId":17745245,"currentRatchet":{"ephemeralKeyPair":{"pubKey":"Bfxq1GBd7Y+UFOzXPMr6bynLZWIl1Isx1FsmETIEUdsj","privKey":"4EYRWYx9IT5fjSDrtxvF2G12zaa5W2jKBD76ZNQJxGs="},"lastRemoteEphemeralKey":"BW7K9Ts3CCPnMr4be7Ww5z7ChkAkNXhVhxu1sfInQhQ7","previousCounter":0,"rootKey":"QCgqcsePP6GiIkWVb6j/DN0ik28XsIxN4r7U1q226C8="},"indexInfo":{"baseKey":"BSSpb79XJBUKTLRGyrvA8MfV2mHAJJcXiejaycGAmQNB","baseKeyType":1,"closed":-1,"used":1737102399595,"created":1737102399595,"remoteIdentityKey":"BRMMyI/FqRK2CSYH/+yDVIkogPAmOSpcWOjvDo9YzidE"},"_chains":{"Bfxq1GBd7Y+UFOzXPMr6bynLZWIl1Isx1FsmETIEUdsj":{"chainKey":{"counter":0,"key":"LlnGRJpdp2ciUfRE49SONmrfohDedQ6KddMI6M+NXAM="},"chainType":1,"messageKeys":{}}},"pendingPreKey":{"signedKeyId":0,"baseKey":"BSSpb79XJBUKTLRGyrvA8MfV2mHAJJcXiejaycGAmQNB","preKeyId":535961}}},"version":"v1"}