{"_sessions":{"Bc7oqXvkfcXwro/G14E0kp0YjWZPQyaN8reKyHv00Kxc":{"registrationId":1507084828,"currentRatchet":{"ephemeralKeyPair":{"pubKey":"BUDiQlYF8TFuhJsmykmBxXtY1bcYCbOa3DYgs0Q3AadH","privKey":"APwj6sfGMOsb5X57prL3qyC+qsgYgMyK6RtyInTL+3o="},"lastRemoteEphemeralKey":"BRGtyXLgNfZZLPZUucwq3qIIMi0EI9lVL6MUuhQZe/ND","previousCounter":0,"rootKey":"R/2/nsI5YNUk2LzQZqJGjDU32XEhyvYJivEvC/ZuHzo="},"indexInfo":{"baseKey":"Bc7oqXvkfcXwro/G14E0kp0YjWZPQyaN8reKyHv00Kxc","baseKeyType":1,"closed":-1,"used":1737102400222,"created":1737102400222,"remoteIdentityKey":"Ba82JSONizrh73LJSnHFq7g59kuX76kvoPBgPwck4Bk+"},"_chains":{"BUDiQlYF8TFuhJsmykmBxXtY1bcYCbOa3DYgs0Q3AadH":{"chainKey":{"counter":0,"key":"jBk4Y0QOIeHo7QZttdXEpiS09APP73wQGJOKo03vDxw="},"chainType":1,"messageKeys":{}}},"pendingPreKey":{"signedKeyId":1,"baseKey":"Bc7oqXvkfcXwro/G14E0kp0YjWZPQyaN8reKyHv00Kxc","preKeyId":10466837}}},"version":"v1"}