{"_sessions":{"BfB+gnaW0ezu8SAsp+19X0t2eKfHJpfl9Gtb2083Vv4N":{"registrationId":1851858626,"currentRatchet":{"ephemeralKeyPair":{"pubKey":"BZvaXgdACWNV1RnwejTNuyd7LGMsOLaRAD5M5wlVLvdt","privKey":"wM7TIcU7QRXdR8CkvMhrdcrtR5cFAWUXAasagMzu8VE="},"lastRemoteEphemeralKey":"BXtT64j+2aYClhq54HnopF0NducHjm+X9z+mz09DxZJf","previousCounter":0,"rootKey":"JQdDf/DcA1aY7Dh0HXOlX9Mfwlm8NaeblqPmrbO8gBA="},"indexInfo":{"baseKey":"BfB+gnaW0ezu8SAsp+19X0t2eKfHJpfl9Gtb2083Vv4N","baseKeyType":1,"closed":-1,"used":1737104171161,"created":1737104171161,"remoteIdentityKey":"BUyHZWgwK2UuhEYzvC9H8rlfiZRz7sDef7QRG3NGAc0t"},"_chains":{"BZvaXgdACWNV1RnwejTNuyd7LGMsOLaRAD5M5wlVLvdt":{"chainKey":{"counter":0,"key":"RaCB+YtwPIvC+ZknLa1DqdcNYNgj0sTIdVNb2Kd4T7E="},"chainType":1,"messageKeys":{}}},"pendingPreKey":{"signedKeyId":10,"baseKey":"BfB+gnaW0ezu8SAsp+19X0t2eKfHJpfl9Gtb2083Vv4N"}}},"version":"v1"}