{"_sessions":{"BW24yX4D09Vbgf9RmkxmZiKLWwqXr0ERJUjsfzCN1187":{"registrationId":1667198971,"currentRatchet":{"ephemeralKeyPair":{"pubKey":"BQWBh7Hqo//KeI+oxZYySqOF1wDF89ZFFnJw+FMU36hM","privKey":"QHv/YkqAiTO6v3PR1yseBVAb1d1fwN1C/VsO4Q9hW28="},"lastRemoteEphemeralKey":"BUn7GzqD7je4oXeBpbbODJJTUiYI1t4b5EBfjt07llEu","previousCounter":0,"rootKey":"2sUDRrXnTokvF15Ew3LTmfLW4llQM4klHCDfw5C4oZ0="},"indexInfo":{"baseKey":"BW24yX4D09Vbgf9RmkxmZiKLWwqXr0ERJUjsfzCN1187","baseKeyType":1,"closed":-1,"used":1737102401593,"created":1737102401593,"remoteIdentityKey":"BUeR2DSmtF3+eFs1/4VHvOVK8AswugYGNHq1nRZfiDFK"},"_chains":{"BQWBh7Hqo//KeI+oxZYySqOF1wDF89ZFFnJw+FMU36hM":{"chainKey":{"counter":0,"key":"wCEsAbVilvg+SgYs5pJhIxFg2rhFPvoZPQ1AjoftUcU="},"chainType":1,"messageKeys":{}}},"pendingPreKey":{"signedKeyId":1,"baseKey":"BW24yX4D09Vbgf9RmkxmZiKLWwqXr0ERJUjsfzCN1187"}}},"version":"v1"}