{"_sessions":{"Bcck+4lfSxkPWvwbZkO2ntSe1LPoXiSQSyY8o3C0+ht6":{"registrationId":927062684,"currentRatchet":{"ephemeralKeyPair":{"pubKey":"BYYCsESWsPNae1DHHjvX5ILDnUKBf7txe4CoMGFg/8Z6","privKey":"CJ21qa+pFo2CUj0xm6RP+eBqIkCsoPF3W3FIDtF4i0E="},"lastRemoteEphemeralKey":"BV7g+VMB6jzJWWLbc8dY3BDCAooa28vkBHnuqwoI6EJc","previousCounter":0,"rootKey":"gkJVhzzeoP4D0sD0W+HkvenwF0YCrGviqBL+qoX18qo="},"indexInfo":{"baseKey":"Bcck+4lfSxkPWvwbZkO2ntSe1LPoXiSQSyY8o3C0+ht6","baseKeyType":1,"closed":-1,"used":1737102400485,"created":1737102400485,"remoteIdentityKey":"BSrJVRgYUSOSduV8JWJgdvA9IhZJDkcLT/rSqcFjpit5"},"_chains":{"BYYCsESWsPNae1DHHjvX5ILDnUKBf7txe4CoMGFg/8Z6":{"chainKey":{"counter":0,"key":"nENtXDkVWucLfLm/6UviI4bqekgpOpqvRic+W0e6V88="},"chainType":1,"messageKeys":{}}},"pendingPreKey":{"signedKeyId":16,"baseKey":"Bcck+4lfSxkPWvwbZkO2ntSe1LPoXiSQSyY8o3C0+ht6","preKeyId":344729}}},"version":"v1"}