{"_sessions":{"BcOHd1gP3sAP+dJU7GzdqhR/yNukswTQ+OZE2dvzHvMy":{"registrationId":281960143,"currentRatchet":{"ephemeralKeyPair":{"pubKey":"BeW0U8ecW8SCnQ/ULrEzT+rzsyGA8MNWj+3PtgMbp8Yt","privKey":"OOy8lhbc9D59NBNoLJ6N5R2JnYiiD6cz2jGDWyUp2Wk="},"lastRemoteEphemeralKey":"BZYirPbx7HatW7KJnQQjOypqmP5QcZz7KdQYRqxvtcY5","previousCounter":0,"rootKey":"kDwnL1LAdn+iqYJeBXf4lWe/a9YNpqFGqzh6pEsC5QY="},"indexInfo":{"baseKey":"BcOHd1gP3sAP+dJU7GzdqhR/yNukswTQ+OZE2dvzHvMy","baseKeyType":1,"closed":-1,"used":1737102401514,"created":1737102401514,"remoteIdentityKey":"BboztmvzPW3A8OskgOMNl/YC4oxnfa1aB8v3ijap0LtT"},"_chains":{"BeW0U8ecW8SCnQ/ULrEzT+rzsyGA8MNWj+3PtgMbp8Yt":{"chainKey":{"counter":0,"key":"v1aUjX36iksZqHo4enQFqKPNOUEciJsHR8uxFd1p/qw="},"chainType":1,"messageKeys":{}}},"pendingPreKey":{"signedKeyId":0,"baseKey":"BcOHd1gP3sAP+dJU7GzdqhR/yNukswTQ+OZE2dvzHvMy","preKeyId":11192265}}},"version":"v1"}