{"_sessions":{"BfVQDCFtnJLiEHc+UypE0Vxnd+KtlhqoZF9UDYCsbNJE":{"registrationId":907065909,"currentRatchet":{"ephemeralKeyPair":{"pubKey":"BTnya7ObhxJ352+PDbOmzZhV+20ZLI4Mh1dynWmYQSZp","privKey":"eFSzyuuR6/6p8BYuMiTschv4beZqEv5nuLsNX+7PElA="},"lastRemoteEphemeralKey":"BaunbNT0ZLgBb7Z/vHK/8n0IGOYJQ9CIai9uuL7aCshW","previousCounter":0,"rootKey":"O2uNlJKH5q+1LsqGtv6lMqIOk4dP+KgWCvR24hhDTaM="},"indexInfo":{"baseKey":"BfVQDCFtnJLiEHc+UypE0Vxnd+KtlhqoZF9UDYCsbNJE","baseKeyType":1,"closed":-1,"used":1737104171553,"created":1737104171553,"remoteIdentityKey":"Ba3Y+JYche8f8Z4f+OQgTrwJYMLaTx4rucyTZAx2jx8O"},"_chains":{"BTnya7ObhxJ352+PDbOmzZhV+20ZLI4Mh1dynWmYQSZp":{"chainKey":{"counter":0,"key":"S0sk7Lqq4UPzVgxMfr5yb/eTDdVsGNGO7inTbjIEyNU="},"chainType":1,"messageKeys":{}}},"pendingPreKey":{"signedKeyId":1,"baseKey":"BfVQDCFtnJLiEHc+UypE0Vxnd+KtlhqoZF9UDYCsbNJE","preKeyId":3338959}}},"version":"v1"}