{"_sessions":{"BTjONAC3vLAxYmSKwVh4pMfHdv5csJnbsJ4wxUgDIMZH":{"registrationId":707053683,"currentRatchet":{"ephemeralKeyPair":{"pubKey":"BQOhukVgNlXKm66ZPD0uzWQ0wNTQyvvK02qQ0AvwhAZ+","privKey":"cOl0qI8s/d8r5/CKyzCw18X9obvOlDMBlL+PFzLCg2Q="},"lastRemoteEphemeralKey":"BW87+mAkB8q6+Rf2rhh5djQGEn4jtn2pOMHISCoo8ply","previousCounter":0,"rootKey":"zXj4E+5XUGstYMXQMYcmywgTZh4b5HAfes4B1YcDHjA="},"indexInfo":{"baseKey":"BTjONAC3vLAxYmSKwVh4pMfHdv5csJnbsJ4wxUgDIMZH","baseKeyType":1,"closed":-1,"used":1737102401383,"created":1737102401383,"remoteIdentityKey":"BUQo/Qr3S2Zuq3F79sTROoGNem+JqLrgIhmMQhrbMc58"},"_chains":{"BQOhukVgNlXKm66ZPD0uzWQ0wNTQyvvK02qQ0AvwhAZ+":{"chainKey":{"counter":0,"key":"zFBnrtcZJdQ/5bkziavTJicjhnJAgIYAuTaYBLtXJeM="},"chainType":1,"messageKeys":{}}},"pendingPreKey":{"signedKeyId":9,"baseKey":"BTjONAC3vLAxYmSKwVh4pMfHdv5csJnbsJ4wxUgDIMZH"}}},"version":"v1"}