{"_sessions":{"BYotmrend0qmlbACXB8JnbmNJedWqruaw727NQZlSPF+":{"registrationId":1427156113,"currentRatchet":{"ephemeralKeyPair":{"pubKey":"BVFdeVX9r/FuoDNISv4arTXy721zKXAaG+ViurLdmqx1","privKey":"8J4EGFmyVAu4WGuXR7/LhOE+MHtyn5NAdQX/aEwy53A="},"lastRemoteEphemeralKey":"BWENqZREpQDiz+ms9p+WSb7KQx3G8jj/9n8e+1oj6w1S","previousCounter":0,"rootKey":"vZ35SG0CvKurKPI3ylupNS+YMTvH6xr+qTBaegyFaVI="},"indexInfo":{"baseKey":"BYotmrend0qmlbACXB8JnbmNJedWqruaw727NQZlSPF+","baseKeyType":1,"closed":-1,"used":1737102400056,"created":1737102400056,"remoteIdentityKey":"Be+p4uXwRrucR5CYOZrPmbCgkheqNvs9ELmGw4El7/9t"},"_chains":{"BVFdeVX9r/FuoDNISv4arTXy721zKXAaG+ViurLdmqx1":{"chainKey":{"counter":0,"key":"+Xx7dDGu1NZeDwHh595unjD1IO8HOXnB5VNjUGbyIvo="},"chainType":1,"messageKeys":{}}},"pendingPreKey":{"signedKeyId":0,"baseKey":"BYotmrend0qmlbACXB8JnbmNJedWqruaw727NQZlSPF+","preKeyId":626243}}},"version":"v1"}