{"_sessions":{"BTSIiq+u7slQZ5tWhri4dxpD89J7LmBldcUgV2O1/v9U":{"registrationId":449727477,"currentRatchet":{"ephemeralKeyPair":{"pubKey":"BVzGoJ0EdVPQfYx7maWlmaNvP30PcDDORvypBVq8OH8P","privKey":"MBf4TO9Ec3Ts7LVSCbfU1AFrzUYGGoXU4fGo29i6Rno="},"lastRemoteEphemeralKey":"BSAsOw7Zg0zYEJDDRiozSCO3x1BQzuc+0LKQNXODPhJo","previousCounter":0,"rootKey":"TeeCM/+fLBFMLxVz1M0exd2rYEMO4VFNz50zFGYooW0="},"indexInfo":{"baseKey":"BTSIiq+u7slQZ5tWhri4dxpD89J7LmBldcUgV2O1/v9U","baseKeyType":1,"closed":-1,"used":1737102401545,"created":1737102401545,"remoteIdentityKey":"BQoYZ3TZJ8AImA+nwH+w5PTIwCGJnys7/0Pji0Ibr41E"},"_chains":{"BVzGoJ0EdVPQfYx7maWlmaNvP30PcDDORvypBVq8OH8P":{"chainKey":{"counter":0,"key":"1qtsmy7SWSEl10pYdPiR2YC5KpGzyVQy+H9VYbBQpig="},"chainType":1,"messageKeys":{}}},"pendingPreKey":{"signedKeyId":4,"baseKey":"BTSIiq+u7slQZ5tWhri4dxpD89J7LmBldcUgV2O1/v9U","preKeyId":2310405}}},"version":"v1"}