{"_sessions":{"BVgkLoKvNIumf44u7L9+Er3z1CZlIVBJAEhwDbKtAiRg":{"registrationId":821399955,"currentRatchet":{"ephemeralKeyPair":{"pubKey":"BYqU0wkAZzEvU8JbXWiiRtP50BMOoSOjNuyKrFP3XQIl","privKey":"wLEyZYvNnmAoFyxHRsDWFl7sbHOn45KGMP+YJVt/jWU="},"lastRemoteEphemeralKey":"BRCtDJ8RvVKwi3TSG3xU9bM64hx0ZC2A/eN6tY6HDop8","previousCounter":0,"rootKey":"fed3yKchoP9cDKT5/yElZ34AI9c7XJZTa4Et2d7pkhE="},"indexInfo":{"baseKey":"BVgkLoKvNIumf44u7L9+Er3z1CZlIVBJAEhwDbKtAiRg","baseKeyType":1,"closed":-1,"used":1737102401309,"created":1737102401309,"remoteIdentityKey":"BelDsVj+9i/JCcsppRr3o649nz/uw7bkSRbPA9SvhXU+"},"_chains":{"BYqU0wkAZzEvU8JbXWiiRtP50BMOoSOjNuyKrFP3XQIl":{"chainKey":{"counter":0,"key":"XUjddCzlEvbPZI3rHDb8ibIZjDCUi8Y1+PK1xLic1WQ="},"chainType":1,"messageKeys":{}}},"pendingPreKey":{"signedKeyId":1,"baseKey":"BVgkLoKvNIumf44u7L9+Er3z1CZlIVBJAEhwDbKtAiRg"}}},"version":"v1"}