{"_sessions":{"BcBpznxe+fElYDKO6h4c/+3EjDwT96WXnsl5JkN3t0Vk":{"registrationId":1729294501,"currentRatchet":{"ephemeralKeyPair":{"pubKey":"BQ3E0rnQVA48UKjiJ0AU/60s7ByX0SS/xM2Jajk4Fp1h","privKey":"SJ46uNgtcQCdv9l/ViJ1WNhopiEFrpS1oVJP61tdJl8="},"lastRemoteEphemeralKey":"BWY4F8MUKBZNOVLm92GUQ6Ui9ugIU/+Wo+SqRnyASyIW","previousCounter":0,"rootKey":"UVx9Qm1+okxcynsxBvV57drVNLJwsEr6lJHmsc/Qb44="},"indexInfo":{"baseKey":"BcBpznxe+fElYDKO6h4c/+3EjDwT96WXnsl5JkN3t0Vk","baseKeyType":1,"closed":-1,"used":1737102400800,"created":1737102400800,"remoteIdentityKey":"BSg/0+HP2HV5LNhYGBCtFy6lSJzO8csH1i7nGtOX0wRq"},"_chains":{"BQ3E0rnQVA48UKjiJ0AU/60s7ByX0SS/xM2Jajk4Fp1h":{"chainKey":{"counter":0,"key":"epD3N00Ro7YY1qHVyT+1be9W17Eu9Fo1E+DNzulaOAA="},"chainType":1,"messageKeys":{}}},"pendingPreKey":{"signedKeyId":4,"baseKey":"BcBpznxe+fElYDKO6h4c/+3EjDwT96WXnsl5JkN3t0Vk","preKeyId":4762082}}},"version":"v1"}