{"_sessions":{"BbhHdkfV9YNj6oBMcr01qwdhdxAv7ciJ15lawYAXfN90":{"registrationId":1988484880,"currentRatchet":{"ephemeralKeyPair":{"pubKey":"BQOvxYbK4i+qkDGV+f2a5/jY790cqDfIdwIdxS+o67EL","privKey":"4CJtCF7zcWPS36JpCdqiLXM6JS46oa5jz5N5bBY4LVw="},"lastRemoteEphemeralKey":"BQaZa61nAcHo4qc8Nptl4XWCpYHnqHQSCzZ6BNjFdVo9","previousCounter":0,"rootKey":"mBVH8gnxqkHE2hf6242T4IMtVExfuCvg+LA0ryanG00="},"indexInfo":{"baseKey":"BbhHdkfV9YNj6oBMcr01qwdhdxAv7ciJ15lawYAXfN90","baseKeyType":1,"closed":-1,"used":1737102399101,"created":1737102399101,"remoteIdentityKey":"BQ2tSYxmBqDAq1sgsTKs0k9xUqDdnFjH/+ze5gEYDHo6"},"_chains":{"BQOvxYbK4i+qkDGV+f2a5/jY790cqDfIdwIdxS+o67EL":{"chainKey":{"counter":0,"key":"hhgTLz+Bvee/q0iO7g2YOpsz62Th9bj6H2xsW1udFNU="},"chainType":1,"messageKeys":{}}},"pendingPreKey":{"signedKeyId":1,"baseKey":"BbhHdkfV9YNj6oBMcr01qwdhdxAv7ciJ15lawYAXfN90"}}},"version":"v1"}