{"_sessions":{"BfXQ4zZW7TUdE5Pd0z4XzV6sZDRobUF7LXupB42BaeQT":{"registrationId":532725534,"currentRatchet":{"ephemeralKeyPair":{"pubKey":"BZBHXmP8TjzSUtmVH5ZQPHfp7e0NSYFqCFVBruv03XUx","privKey":"sOnz5eB1L2LSFzY88Qm7snjubYF5zRj1MmjRjnUCFFU="},"lastRemoteEphemeralKey":"BX12mLYZUvvQHhd3H2kDty4xYneAeDy/wAIvkmpFFPJ5","previousCounter":0,"rootKey":"qHaRFpBi1LgO2u8oLPUeGroTmZFclsIddm+5aCahezo="},"indexInfo":{"baseKey":"BfXQ4zZW7TUdE5Pd0z4XzV6sZDRobUF7LXupB42BaeQT","baseKeyType":2,"closed":-1,"used":1737106797898,"created":1737106797897,"remoteIdentityKey":"BbzghEFbTFom4CyRa9wY7CekUiVYafT2AD0Jsm0vD19j"},"_chains":{"BX12mLYZUvvQHhd3H2kDty4xYneAeDy/wAIvkmpFFPJ5":{"chainKey":{"counter":0,"key":"TF5qnQO6O0genFQGrCSrMM5/ph1loHmexT0KWf1PZRI="},"chainType":2,"messageKeys":{}},"BZBHXmP8TjzSUtmVH5ZQPHfp7e0NSYFqCFVBruv03XUx":{"chainKey":{"counter":-1,"key":"Tx3AbDnDA4/VbXVtaMrc7ZVnKGSKTd2wScRo8HNBrPs="},"chainType":1,"messageKeys":{}}}}},"version":"v1"}