{"_sessions":{"BWc71JkHGTSblQG7/ZJ206oKLZujdDYbj7XthVg0F3Y8":{"registrationId":538908810,"currentRatchet":{"ephemeralKeyPair":{"pubKey":"BXHUSqMW2FD4E41J6mMI5Ci3PguUJiy+KsOdi9caZXkc","privKey":"yNlECYR7buQiLy3bg9wfLRkHa48p6PoZxiWRGx3Go3Y="},"lastRemoteEphemeralKey":"BY/IQ6vODLttiHeRjral3r/V8gTpvF/Oi1T64WlZxoMs","previousCounter":0,"rootKey":"gCHQEnSKVprKksxigLPS94VME9pllFlIx3aD0JMoxBs="},"indexInfo":{"baseKey":"BWc71JkHGTSblQG7/ZJ206oKLZujdDYbj7XthVg0F3Y8","baseKeyType":1,"closed":-1,"used":1737102399774,"created":1737102399774,"remoteIdentityKey":"BWsqm3Aod9gF1aF88jQbpFkmnmGkbz4QiOVuMDmB3mJ6"},"_chains":{"BXHUSqMW2FD4E41J6mMI5Ci3PguUJiy+KsOdi9caZXkc":{"chainKey":{"counter":0,"key":"EGESrUSCIv87FhYtViqxePboIdqvllf9EHN3SlWQ/fw="},"chainType":1,"messageKeys":{}}},"pendingPreKey":{"signedKeyId":1,"baseKey":"BWc71JkHGTSblQG7/ZJ206oKLZujdDYbj7XthVg0F3Y8","preKeyId":12916613}}},"version":"v1"}