{"_sessions":{"Bbk6ziPQDi7QjZrhdRPpEck9J2A4N12ekkShnbklt080":{"registrationId":1688798304,"currentRatchet":{"ephemeralKeyPair":{"pubKey":"BaKXrI2yOZUq7EMYf/Nv9eHwcgVLTXL9rALyLpDiNxFI","privKey":"iHwp5ic9ZeFnOV1wfYBMLSCp1sVB4YIuNYO/o+dcrlg="},"lastRemoteEphemeralKey":"BSwpky7ddw9gi1/vIVatAoH2+P5eteb7oUv+Ud634JI/","previousCounter":0,"rootKey":"g45bLNUjA0iWWDfV+vHMAWgWu4mwpmQHqMZXIU5zOT0="},"indexInfo":{"baseKey":"Bbk6ziPQDi7QjZrhdRPpEck9J2A4N12ekkShnbklt080","baseKeyType":1,"closed":-1,"used":1737102401187,"created":1737102401187,"remoteIdentityKey":"BXumozcTLLeslM6ZALn3TqmAhvFzXl2e0AQEkdTCg3AR"},"_chains":{"BaKXrI2yOZUq7EMYf/Nv9eHwcgVLTXL9rALyLpDiNxFI":{"chainKey":{"counter":0,"key":"seL4N+A/SOOr/4DSYU7OvTMM/J1WCLzcr18KNukHQ/M="},"chainType":1,"messageKeys":{}}},"pendingPreKey":{"signedKeyId":10,"baseKey":"Bbk6ziPQDi7QjZrhdRPpEck9J2A4N12ekkShnbklt080","preKeyId":16142671}}},"version":"v1"}