{"_sessions":{"BQ5TQO+DfNgjewYB6fOtpS5BJlqEdA6suQ+1GSN7DWQJ":{"registrationId":1564328265,"currentRatchet":{"ephemeralKeyPair":{"pubKey":"BXtXiqZh1kZTiy9RtMDpJDUjh7QNYgsblsqkRh5Yyxo9","privKey":"iOh7H8Kt0Yo/j0YX2f/SmkNyKN9Lp0Zvh2E1xzV+oHk="},"lastRemoteEphemeralKey":"BctpycdXzwtoseToMutbqDNqJ98fumOcIBs/E53MxRJb","previousCounter":0,"rootKey":"yNnI/FDpmq1IbL5b9KUlZ1P4ZJXZKH66auL1cpVpvso="},"indexInfo":{"baseKey":"BQ5TQO+DfNgjewYB6fOtpS5BJlqEdA6suQ+1GSN7DWQJ","baseKeyType":1,"closed":-1,"used":1737102399479,"created":1737102399479,"remoteIdentityKey":"BdOpkR7TP+0Y6PiTB3DdrMZUxZAhkdOw8lAIcJOh+zNS"},"_chains":{"BXtXiqZh1kZTiy9RtMDpJDUjh7QNYgsblsqkRh5Yyxo9":{"chainKey":{"counter":0,"key":"GPXd2jVmCGylkw66Se9kejOm8SQ1GD7BF3on5CEuiCk="},"chainType":1,"messageKeys":{}}},"pendingPreKey":{"signedKeyId":4,"baseKey":"BQ5TQO+DfNgjewYB6fOtpS5BJlqEdA6suQ+1GSN7DWQJ","preKeyId":6837492}}},"version":"v1"}