{"_sessions":{"BSWljhG3DWoKoe0TJnVRnvK1xmoTmld4hL+OR3FWgGJq":{"registrationId":1475868612,"currentRatchet":{"ephemeralKeyPair":{"pubKey":"BeWui3ByALjLuSUiGutG9SqoT4QHg+8lJv+Pn1s5JAg7","privKey":"eH/Ytf9FFOKcValXCgErNmNWtkSp+DULjt0DKlWk7VU="},"lastRemoteEphemeralKey":"BYz27KzK/fCusxgf1qKECFuuGHqQZFwcvk7X43YHI61A","previousCounter":0,"rootKey":"UZzWrQVOWxd8Sf8BlwaR5+LEXZ1E+9I4zv5VdKqjGqw="},"indexInfo":{"baseKey":"BSWljhG3DWoKoe0TJnVRnvK1xmoTmld4hL+OR3FWgGJq","baseKeyType":1,"closed":-1,"used":1737102399165,"created":1737102399165,"remoteIdentityKey":"BbKi0aE+l0dmO0lf750Mq58xOiFJnhcCIOyqC4CZS6U9"},"_chains":{"BeWui3ByALjLuSUiGutG9SqoT4QHg+8lJv+Pn1s5JAg7":{"chainKey":{"counter":0,"key":"OfEAFfrsCa1NA182Mw29i545Q7ElyiyybSfm9M02k4Q="},"chainType":1,"messageKeys":{}}},"pendingPreKey":{"signedKeyId":1,"baseKey":"BSWljhG3DWoKoe0TJnVRnvK1xmoTmld4hL+OR3FWgGJq"}}},"version":"v1"}