{"_sessions":{"BU+YVGjka9qBvxjTm0bOPAz2ojMrcFM9MzM7G6DK5ZE9":{"registrationId":886582575,"currentRatchet":{"ephemeralKeyPair":{"pubKey":"BVxk82LZ/M2PkrLIYtOEbNBFpDHXyHppr9I7AcJe1yQZ","privKey":"wO4/hlszIcVmpfEwNCjeD+HwWTC2rkqRCuKBUsWCKmo="},"lastRemoteEphemeralKey":"BfhexD1KYkxzVhwZRvK/681IsuqCibd4ajHGuQBih6JM","previousCounter":0,"rootKey":"nqYPV0TzZry4p/ShmkNsmSS6Hhjr0BpKCwRFAiB5I4g="},"indexInfo":{"baseKey":"BU+YVGjka9qBvxjTm0bOPAz2ojMrcFM9MzM7G6DK5ZE9","baseKeyType":1,"closed":-1,"used":1737102399466,"created":1737102399466,"remoteIdentityKey":"BWnse13xFRWIdshbBcXFPKkBmMaxRr+toPgbuF1tPLNO"},"_chains":{"BVxk82LZ/M2PkrLIYtOEbNBFpDHXyHppr9I7AcJe1yQZ":{"chainKey":{"counter":0,"key":"jvJwPdO4jLQuHc/+fBONa1mTQfwXqLzA2c6BCpMunG0="},"chainType":1,"messageKeys":{}}},"pendingPreKey":{"signedKeyId":0,"baseKey":"BU+YVGjka9qBvxjTm0bOPAz2ojMrcFM9MzM7G6DK5ZE9","preKeyId":6689442}}},"version":"v1"}