{"_sessions":{"Bb/Vt2kPU9Or7keHfk6YiLSipyFHpl7OsdD2hWQ4+D0N":{"registrationId":1572491536,"currentRatchet":{"ephemeralKeyPair":{"pubKey":"BQzWzSQTLCX6F3YtCUBrzgY0eHuBP0DWgVPt1yqbc/Ua","privKey":"eFdFJxTu7wXMWoF9WPDZRzZ1+c3O/c8s0wbxtpvo3WM="},"lastRemoteEphemeralKey":"BSASgRf97AvaBIr0fFuymJhsjJqSy84+Jd3/GclCl+Z7","previousCounter":0,"rootKey":"vqgLBhtEOwekqXMe5UT0bcMrQBDjezP0aZiuKGQamtg="},"indexInfo":{"baseKey":"Bb/Vt2kPU9Or7keHfk6YiLSipyFHpl7OsdD2hWQ4+D0N","baseKeyType":1,"closed":-1,"used":1737102400600,"created":1737102400600,"remoteIdentityKey":"BTNwEfdSQqb7gGAcnjNw/wAurujgPdlGqgP54fLBkeFh"},"_chains":{"BQzWzSQTLCX6F3YtCUBrzgY0eHuBP0DWgVPt1yqbc/Ua":{"chainKey":{"counter":0,"key":"J2fq/wzh6WJsBQsCx6idFsPR8oKiQbgJ/rlh6VaizIs="},"chainType":1,"messageKeys":{}}},"pendingPreKey":{"signedKeyId":2,"baseKey":"Bb/Vt2kPU9Or7keHfk6YiLSipyFHpl7OsdD2hWQ4+D0N"}}},"version":"v1"}