{"_sessions":{"BRV39RqaH1/7BFzEo3X5jwKRcC5I+lyWCz8PrGzXfSgl":{"registrationId":1100583958,"currentRatchet":{"ephemeralKeyPair":{"pubKey":"BdeFByGvb/rj8DZxderDqnaVL7g3G8n0A+1hR/PyumsF","privKey":"AFVujaeN6QlJMtDeJyoKKp14fQUJziHmTObv/EWR/Eg="},"lastRemoteEphemeralKey":"BUf23jvzYIFT3hsyfhIB/d78qweDXLVW/oRFnZL/Zxds","previousCounter":0,"rootKey":"s6VeH8wov/vio2gSKojPHfN70JtP9N3cL6BT2b0tKTg="},"indexInfo":{"baseKey":"BRV39RqaH1/7BFzEo3X5jwKRcC5I+lyWCz8PrGzXfSgl","baseKeyType":1,"closed":-1,"used":1737102400669,"created":1737102400669,"remoteIdentityKey":"BeL93j18aUw/ySUDVff5G6ugyJJeNt+HPWykUS+AJ+oz"},"_chains":{"BdeFByGvb/rj8DZxderDqnaVL7g3G8n0A+1hR/PyumsF":{"chainKey":{"counter":0,"key":"kcajeNGA6H6cHExXi1sZlbZTXSQfat6cbLjs6ng4UUc="},"chainType":1,"messageKeys":{}}},"pendingPreKey":{"signedKeyId":0,"baseKey":"BRV39RqaH1/7BFzEo3X5jwKRcC5I+lyWCz8PrGzXfSgl"}}},"version":"v1"}