{"_sessions":{"BTwd4rJnkdfMy6yfZhhX3WKDzsBDSxArBw+HrLW+yPpT":{"registrationId":271587291,"currentRatchet":{"ephemeralKeyPair":{"pubKey":"BWSU0XtRBX1FDfJQZm6Tey9E1N+1JwX5sRTkJH1s4pIT","privKey":"mLUfkO8UUCCyXI4RD/8+HhC8JUm4OQNgElspEjW+Cnc="},"lastRemoteEphemeralKey":"Bf+x0Tj8Zy7CKB9vbPNh9fMwj3ud3QYLJAJ6p5EpmaIf","previousCounter":0,"rootKey":"1tDuUqLJSjjJiSBJIuln7Rue2mr1mjZ8PVL63/8Amu8="},"indexInfo":{"baseKey":"BTwd4rJnkdfMy6yfZhhX3WKDzsBDSxArBw+HrLW+yPpT","baseKeyType":1,"closed":-1,"used":1737102400383,"created":1737102400383,"remoteIdentityKey":"BT/2O/WUgwSnfcwiJH9MMFfPqVjWpifhwjNLdQGA7xV3"},"_chains":{"BWSU0XtRBX1FDfJQZm6Tey9E1N+1JwX5sRTkJH1s4pIT":{"chainKey":{"counter":0,"key":"bSLuHKk327zcD2+TKJNVzo2UdsPQJAaoI17HfNphDko="},"chainType":1,"messageKeys":{}}},"pendingPreKey":{"signedKeyId":1,"baseKey":"BTwd4rJnkdfMy6yfZhhX3WKDzsBDSxArBw+HrLW+yPpT","preKeyId":11797466}}},"version":"v1"}