{"_sessions":{"BZbUhaFzF1I2gUgZOlMZa5BlXWzkbMEB4njJj7iT820Y":{"registrationId":1336138601,"currentRatchet":{"ephemeralKeyPair":{"pubKey":"BbjqKHUfMvIg7gfTnx9DGkob8B7r9XUrYaxKmRTjR+8z","privKey":"aEN+r4WqZ5Rp3/EuMlfOQHN/g7cfve/1o8Lf0j0L0Fc="},"lastRemoteEphemeralKey":"BeIirype0esyFtgsrTLM6hHSjBLXiZI71AJFS1Sz5jBu","previousCounter":0,"rootKey":"Qp0h/7/rbr8MnWY3gNCij1d4uGsoxHZezPGADP4imC8="},"indexInfo":{"baseKey":"BZbUhaFzF1I2gUgZOlMZa5BlXWzkbMEB4njJj7iT820Y","baseKeyType":1,"closed":-1,"used":1737102400899,"created":1737102400899,"remoteIdentityKey":"BfYAdhmhWFJhFCWBx3xtGUZpUCB1LoqOmjgMiopszl0E"},"_chains":{"BbjqKHUfMvIg7gfTnx9DGkob8B7r9XUrYaxKmRTjR+8z":{"chainKey":{"counter":0,"key":"JVUTWC7Hj7EQJFGUcfJXaBlDHhiJ0o1pBP1AAqmJQN4="},"chainType":1,"messageKeys":{}}},"pendingPreKey":{"signedKeyId":7,"baseKey":"BZbUhaFzF1I2gUgZOlMZa5BlXWzkbMEB4njJj7iT820Y","preKeyId":10841074}}},"version":"v1"}