{"_sessions":{"BdYJli0b5FqMjcA79+D0P+p5AkbUUT0AwLotEGDTuo8h":{"registrationId":2059393381,"currentRatchet":{"ephemeralKeyPair":{"pubKey":"BdUZosS9CC98nvpJlXHU71K3OpuywzC+m1/vi1Nl2GhE","privKey":"UI1XAnQ15Yc/j+6XiLgbOoWmEAC0zAdGWNG9OmxgN1s="},"lastRemoteEphemeralKey":"Bb8uvnNE/1U8k7Z34n6L/mHb6bCfRx4Jr5/+KJ0/RXQV","previousCounter":0,"rootKey":"fxribfIyseBY0LVgyBPiV7tZML9xYhAz+eFJaAqdLN4="},"indexInfo":{"baseKey":"BdYJli0b5FqMjcA79+D0P+p5AkbUUT0AwLotEGDTuo8h","baseKeyType":1,"closed":-1,"used":1737102401244,"created":1737102401244,"remoteIdentityKey":"BZWS8vTPGXwAvgCcEnnpR5Ty5H6GzIjOoO0hyaXJOIR4"},"_chains":{"BdUZosS9CC98nvpJlXHU71K3OpuywzC+m1/vi1Nl2GhE":{"chainKey":{"counter":0,"key":"iNJZHT98Xx3e+/f5jXW1Z7s9RNJ/GriTVoeGjVs7On8="},"chainType":1,"messageKeys":{}}},"pendingPreKey":{"signedKeyId":4,"baseKey":"BdYJli0b5FqMjcA79+D0P+p5AkbUUT0AwLotEGDTuo8h","preKeyId":16341928}}},"version":"v1"}