{"_sessions":{"BZQYrswOEQJ9psizf681aGcGakg+ITPbhtB/L68Rou8w":{"registrationId":1627891021,"currentRatchet":{"ephemeralKeyPair":{"pubKey":"Bf4edWWpslZRfnGH59l8Q8heaagwTlG6dq84Va+vguFd","privKey":"KAuZl/dK58pOsOyn8gTHhZ4POu+zYXZoL5/F1FMaDEg="},"lastRemoteEphemeralKey":"BerTuMsCyebEtz6CCjc2Id30VpHxnB+lNvMxb5+dqrY+","previousCounter":0,"rootKey":"mU+ali4pLMRyOjUz5YaC1jv3HVLRlDgBBvjuWCo6oqs="},"indexInfo":{"baseKey":"BZQYrswOEQJ9psizf681aGcGakg+ITPbhtB/L68Rou8w","baseKeyType":1,"closed":-1,"used":1737102400874,"created":1737102400874,"remoteIdentityKey":"BQlzXBPD06YoONaPL0uBAsuBiSWCdizR/hbYZf1c9Noz"},"_chains":{"Bf4edWWpslZRfnGH59l8Q8heaagwTlG6dq84Va+vguFd":{"chainKey":{"counter":0,"key":"KqZYVEhdCPp4PjfJgQZjp7SLUdnI8wZMBepYoczW6fs="},"chainType":1,"messageKeys":{}}},"pendingPreKey":{"signedKeyId":0,"baseKey":"BZQYrswOEQJ9psizf681aGcGakg+ITPbhtB/L68Rou8w"}}},"version":"v1"}