{"_sessions":{"BTXq8KXYVZCAxV/Vg9+NA1PRp0JHuVNrRvZKN2vxaIc5":{"registrationId":899097563,"currentRatchet":{"ephemeralKeyPair":{"pubKey":"BdfCiN/Aj8jvjphndy/mbb/w62XBhGXdyZLSILOIkv5H","privKey":"4OuuD9/jYyam6lEb3HLNQWgNiH8DJBYBx8wjFuUol18="},"lastRemoteEphemeralKey":"BfEQVkTgT0SzWiV1CHKUFHTZaIV+T233jdJtobjxB9oI","previousCounter":0,"rootKey":"FtvohY//fE1Sdh5+6HOWSpA0VKXWPbaq6nEEWLB4EBs="},"indexInfo":{"baseKey":"BTXq8KXYVZCAxV/Vg9+NA1PRp0JHuVNrRvZKN2vxaIc5","baseKeyType":1,"closed":-1,"used":1737104171272,"created":1737104171272,"remoteIdentityKey":"BY8GPpb9m9YrVxu8Hhi1jKMKq2VNdwHk/FsjfwxFGJ53"},"_chains":{"BdfCiN/Aj8jvjphndy/mbb/w62XBhGXdyZLSILOIkv5H":{"chainKey":{"counter":0,"key":"4Ta0b+xyjxCjfDneVwqWMCFFYy83m7zZDHFxMWLKxmw="},"chainType":1,"messageKeys":{}}},"pendingPreKey":{"signedKeyId":12,"baseKey":"BTXq8KXYVZCAxV/Vg9+NA1PRp0JHuVNrRvZKN2vxaIc5","preKeyId":3021990}}},"version":"v1"}