{"_sessions":{"BerHPowo5qKmV4Db9avUbcyGCRoPTQTAldRVcm5cytkj":{"registrationId":376066902,"currentRatchet":{"ephemeralKeyPair":{"pubKey":"BfaMq7BoLJTz7iIeqKQeZSGgnVdGvKYHKfAYm5iVWSRC","privKey":"IM1WjA4f8kpa9qNlBvtL7RLDQph+YlVA6Gjn51raXWI="},"lastRemoteEphemeralKey":"BfPYxhlKiwZ60iC0GY5TEt9vGpgHs94Rn2xhKmMEnWIO","previousCounter":0,"rootKey":"yT/Zb0y0lNatDmFo9LVsnZQMgGFaX/sBMCmZTe3WPzU="},"indexInfo":{"baseKey":"BerHPowo5qKmV4Db9avUbcyGCRoPTQTAldRVcm5cytkj","baseKeyType":1,"closed":-1,"used":1737102401425,"created":1737102401425,"remoteIdentityKey":"BdFubEkPv7VXZVVj3LlGcR5Q6IKzqWllaUObIPO0qG9l"},"_chains":{"BfaMq7BoLJTz7iIeqKQeZSGgnVdGvKYHKfAYm5iVWSRC":{"chainKey":{"counter":0,"key":"bCKRtprvjiBaaoCDlhxGDpFNEYmGgm9q0ddi8OcJWL4="},"chainType":1,"messageKeys":{}}},"pendingPreKey":{"signedKeyId":0,"baseKey":"BerHPowo5qKmV4Db9avUbcyGCRoPTQTAldRVcm5cytkj"}}},"version":"v1"}