{"_sessions":{"BYyBbRj7ESbqWtmGHjc5lgm5Km2CulWuthUaovgENbRv":{"registrationId":749636664,"currentRatchet":{"ephemeralKeyPair":{"pubKey":"BT3qrVSH1YCioaT5yLFfjnulNiYMLb+fZtL0zb5GsLo7","privKey":"0Leh99DSwhO3ek2TXP1u6q0MzUWpvVhED/0TWBY56UE="},"lastRemoteEphemeralKey":"BXlOAS37oQgDY9j5n+G+AlcyVf0Zn8hi7Unbr/tOJTkU","previousCounter":0,"rootKey":"zYoLbgF1j0oTFMlKTNDhHUz2nlDqCQbYzwcUkCYY1Xg="},"indexInfo":{"baseKey":"BYyBbRj7ESbqWtmGHjc5lgm5Km2CulWuthUaovgENbRv","baseKeyType":1,"closed":-1,"used":1737102401390,"created":1737102401390,"remoteIdentityKey":"BZK0sA/WrSnKMk6pAT0+YMwV4loTL63nerqWYekVEfc0"},"_chains":{"BT3qrVSH1YCioaT5yLFfjnulNiYMLb+fZtL0zb5GsLo7":{"chainKey":{"counter":0,"key":"eAwUX3xOIwgR3IgzHPSeeaE7AgaqCDvMWZs4Ed1r+Ms="},"chainType":1,"messageKeys":{}}},"pendingPreKey":{"signedKeyId":6,"baseKey":"BYyBbRj7ESbqWtmGHjc5lgm5Km2CulWuthUaovgENbRv","preKeyId":10559032}}},"version":"v1"}