{"_sessions":{"BfQcrYv+XbvgPUtHvuwedMTr1QU6pvicldaa7Cq9exNL":{"registrationId":112782574,"currentRatchet":{"ephemeralKeyPair":{"pubKey":"BT9YJoJRfHEeM2qmrcTOYrLvq3SZooUyCGbf6fmuS8UZ","privKey":"IMcy+W8KNzYkkmRuBSWSh22WHsx8kiaGICOQsIKvq04="},"lastRemoteEphemeralKey":"BWqERri9x/48GAXH1llqjeLW2oqiyvCmjZXwWufxTWYf","previousCounter":0,"rootKey":"UqrEwwwpsJQaitzNwP6LPuGssyGIAMAJKZG0a8aqIIM="},"indexInfo":{"baseKey":"BfQcrYv+XbvgPUtHvuwedMTr1QU6pvicldaa7Cq9exNL","baseKeyType":1,"closed":-1,"used":1737102400988,"created":1737102400988,"remoteIdentityKey":"BS7KYzRpiLjIIS5sG6AFNAWRuc272eYbz/pQoWAeot92"},"_chains":{"BT9YJoJRfHEeM2qmrcTOYrLvq3SZooUyCGbf6fmuS8UZ":{"chainKey":{"counter":0,"key":"z/eGMBlxgZvUWtDmxitCcXH1yqvpFqgl8NPReVTjOlU="},"chainType":1,"messageKeys":{}}},"pendingPreKey":{"signedKeyId":4,"baseKey":"BfQcrYv+XbvgPUtHvuwedMTr1QU6pvicldaa7Cq9exNL"}}},"version":"v1"}