{"_sessions":{"BT5Nkcw+rBPSjsg/SuPlMFMdBP5x6BrDhciuC+8/pmR7":{"registrationId":213225478,"currentRatchet":{"ephemeralKeyPair":{"pubKey":"BTw1etOCll3bJxlC02tKDP1SehvJJ6Z+Dj2AyTSSGrtb","privKey":"GEJ7I25wKXsLtSWleFHf6ARK7t/Hh270Uy5eWmlmo1k="},"lastRemoteEphemeralKey":"BVXu0yF/pXYrRvSZawq75iTRTftHkEQKNKc8DEnqBylZ","previousCounter":0,"rootKey":"fHZTcHQdikSZAs464u2Vb6ckCv4pDSa/mU+g5LGYR5E="},"indexInfo":{"baseKey":"BT5Nkcw+rBPSjsg/SuPlMFMdBP5x6BrDhciuC+8/pmR7","baseKeyType":1,"closed":-1,"used":1737102400569,"created":1737102400569,"remoteIdentityKey":"BR8JriFSUK2xtNpuBe8dUWkQnnfje8ogPVz+ugQa8xoo"},"_chains":{"BTw1etOCll3bJxlC02tKDP1SehvJJ6Z+Dj2AyTSSGrtb":{"chainKey":{"counter":0,"key":"VLxjDb4n0s79ACLGBn4Slo04p/rrY6n9GP577xsTzPU="},"chainType":1,"messageKeys":{}}},"pendingPreKey":{"signedKeyId":1,"baseKey":"BT5Nkcw+rBPSjsg/SuPlMFMdBP5x6BrDhciuC+8/pmR7","preKeyId":13732865}}},"version":"v1"}