{"_sessions":{"BXnChVFQRfwb2jDTYz+FnFOCKbVdSDkp83a3va3S6tJj":{"registrationId":262625863,"currentRatchet":{"ephemeralKeyPair":{"pubKey":"BTQ+SNsSohi2g4iYOMZcz+u9oMp3KR95sZ4Ns0RIEE0+","privKey":"GMm6tzwUCKbkZ84IOKst/mnC7oPqI/ToSSuFoVZ+rlE="},"lastRemoteEphemeralKey":"BfxsycN1TXw55hpQuDCnErqaj/hrORpIjJWvBeS79qZd","previousCounter":0,"rootKey":"VrogcFGzLn/fFIlQ4AbwH5ea1/6C+sAQ92w52cgP3KU="},"indexInfo":{"baseKey":"BXnChVFQRfwb2jDTYz+FnFOCKbVdSDkp83a3va3S6tJj","baseKeyType":1,"closed":-1,"used":1737102401144,"created":1737102401144,"remoteIdentityKey":"Bf040agH0Qy3JpsPwMNilJRch5tKr2WcMcLDyPOXxaZ5"},"_chains":{"BTQ+SNsSohi2g4iYOMZcz+u9oMp3KR95sZ4Ns0RIEE0+":{"chainKey":{"counter":0,"key":"oUgw9ET4UO9mlZadD5UqK011fdolhvtoa6oI4ICug6E="},"chainType":1,"messageKeys":{}}},"pendingPreKey":{"signedKeyId":0,"baseKey":"BXnChVFQRfwb2jDTYz+FnFOCKbVdSDkp83a3va3S6tJj"}}},"version":"v1"}