{"_sessions":{"Bb1jdxSyZrtxgy37GVzeE3Wk5G2dxKdVnij2WBBSNXx6":{"registrationId":290676771,"currentRatchet":{"ephemeralKeyPair":{"pubKey":"BWIfCSXIrIypv9QJyU64FmDbpNd0uh9ABDGJpeY1JLhZ","privKey":"MNw5WKjdDj1LtwBa+B378Y4cJn6ZtiwNs9tsFDl67FU="},"lastRemoteEphemeralKey":"BZ1heqPVBy2soBVQZqCcuK2ysC1SrP95dXHWGAU16jlM","previousCounter":0,"rootKey":"dfYEyQbG4D3grbCfygr4Ne4ejPh8hU2dNlrmFcZ/auM="},"indexInfo":{"baseKey":"Bb1jdxSyZrtxgy37GVzeE3Wk5G2dxKdVnij2WBBSNXx6","baseKeyType":1,"closed":-1,"used":1737102400971,"created":1737102400971,"remoteIdentityKey":"Bd2UZ4EE/lYZtEHjoy/R6xWqUu1sQyRKZdVaA3mhFw4B"},"_chains":{"BWIfCSXIrIypv9QJyU64FmDbpNd0uh9ABDGJpeY1JLhZ":{"chainKey":{"counter":0,"key":"auxhjQp+WWOdiZ4tB6S9Bk6JGYWpy286B6NULtqPTLE="},"chainType":1,"messageKeys":{}}},"pendingPreKey":{"signedKeyId":11,"baseKey":"Bb1jdxSyZrtxgy37GVzeE3Wk5G2dxKdVnij2WBBSNXx6"}}},"version":"v1"}