{"_sessions":{"BZ9wxU+tIIRdIdGXxrqOQE69a9VhfFs5GexUr1D/qkUw":{"registrationId":1637067527,"currentRatchet":{"ephemeralKeyPair":{"pubKey":"BXnkXxOIn0qjbjvrYSAdQpGThAcbqn3k1coaMcWYT3JP","privKey":"MKtSH1mqgdxomMNjkoaAfL+CGQYf0GPe7igLVByhbmE="},"lastRemoteEphemeralKey":"BeE9T/+jdeJgEr/xRFtDSxDc/rJhciWdS85feQIzOaMj","previousCounter":0,"rootKey":"iFyS3R1Ta0EV7M9ihdgVX2KfdR3+LtzyOOWy9wT/9+w="},"indexInfo":{"baseKey":"BZ9wxU+tIIRdIdGXxrqOQE69a9VhfFs5GexUr1D/qkUw","baseKeyType":1,"closed":-1,"used":1737104171096,"created":1737104171096,"remoteIdentityKey":"BZCx3DFSmr+X7zF6zm0RNVTOYD2oYcuB7AVnMKy0F88g"},"_chains":{"BXnkXxOIn0qjbjvrYSAdQpGThAcbqn3k1coaMcWYT3JP":{"chainKey":{"counter":0,"key":"letFVPl9ai0V+fZzZf8EDVPpmyWYUvXepDjbdzk7kig="},"chainType":1,"messageKeys":{}}},"pendingPreKey":{"signedKeyId":0,"baseKey":"BZ9wxU+tIIRdIdGXxrqOQE69a9VhfFs5GexUr1D/qkUw","preKeyId":3729352}}},"version":"v1"}