{"_sessions":{"BZWJH4HCdGjFfmXmBA1ZG2Qg9C6rpzhfUNXWKNRmtNgr":{"registrationId":1592221038,"currentRatchet":{"ephemeralKeyPair":{"pubKey":"BRA9yqvy9rorHnKm70VBWBZNs2lzSNF+VqYVX9cF8IAI","privKey":"iN51SiKzK4+h7wRQz9CSrWB4qUSLipv8PrhVIT6TgGk="},"lastRemoteEphemeralKey":"BfTPAptMcpP7Ph9wYfJtS7Hu4JMVPk1T1SkJqgTdgvQQ","previousCounter":0,"rootKey":"+yvB/1lVHaZ0ccj4aZgVSWeZJKKROkxjk35WrMJd83o="},"indexInfo":{"baseKey":"BZWJH4HCdGjFfmXmBA1ZG2Qg9C6rpzhfUNXWKNRmtNgr","baseKeyType":1,"closed":-1,"used":1737102400593,"created":1737102400593,"remoteIdentityKey":"Be63t4pxImjgwKcaMIKyDZollYf0XvDPWy4eaB+3q+hU"},"_chains":{"BRA9yqvy9rorHnKm70VBWBZNs2lzSNF+VqYVX9cF8IAI":{"chainKey":{"counter":0,"key":"9mAkBdoTfU3+sB9TOB5UjN+1s2Tgplw7FrbawW/8X4o="},"chainType":1,"messageKeys":{}}},"pendingPreKey":{"signedKeyId":1,"baseKey":"BZWJH4HCdGjFfmXmBA1ZG2Qg9C6rpzhfUNXWKNRmtNgr"}}},"version":"v1"}