{"_sessions":{"BSuM3fULy5c6Kezy7x6c3+kgxn2P48BDsvnOCKi68TxN":{"registrationId":1004578460,"currentRatchet":{"ephemeralKeyPair":{"pubKey":"BSSnWsB0mWtWlCD7+CeV+X4t9tFUIYQhmdhQOH1yAH4d","privKey":"cL+FyKFY0WSx81ViJXcAFFd6sIuIcwwQk2IR+oKWCkM="},"lastRemoteEphemeralKey":"BfuzN+bDjjw/TbLHO0TCA+rzPU/nvWbZ0rItvdmH0FEU","previousCounter":0,"rootKey":"hJpkC82VoFQKnIzEmgY+6DEhJ6uIZg8U0IJHAdgGTXM="},"indexInfo":{"baseKey":"BSuM3fULy5c6Kezy7x6c3+kgxn2P48BDsvnOCKi68TxN","baseKeyType":1,"closed":-1,"used":1737104171594,"created":1737104171594,"remoteIdentityKey":"BXygKqZa2h7Fxtyb7FupACDaKHnsUv1GlcJ5ZW6Riikg"},"_chains":{"BSSnWsB0mWtWlCD7+CeV+X4t9tFUIYQhmdhQOH1yAH4d":{"chainKey":{"counter":0,"key":"FJ7bhp/Jb/cj30W1dAlFW5ak3p87kIThe5oDKq1fXH8="},"chainType":1,"messageKeys":{}}},"pendingPreKey":{"signedKeyId":7,"baseKey":"BSuM3fULy5c6Kezy7x6c3+kgxn2P48BDsvnOCKi68TxN","preKeyId":5510737}}},"version":"v1"}