{"_sessions":{"BZ+I/XjmXWGT0HPEBRkaclwSvYwkPi25V7RPMKNMNLou":{"registrationId":1948896506,"currentRatchet":{"ephemeralKeyPair":{"pubKey":"BaAoxES0jx1D69XfFWEjRz3xsdjCAbZd8NqR7BCTQoAG","privKey":"sOng2XMJhKcWC4pVG0OC1XXkugWdie6CV3i/IoD/uEw="},"lastRemoteEphemeralKey":"BYMAhMqPN1H629dfxE8+HmZ5xNt8+MmPpbEKEmqFTZ5p","previousCounter":0,"rootKey":"BS7uFvKpF253gbVI6YkZ0xs2J7Rz+b7u/jTWdelDvRA="},"indexInfo":{"baseKey":"BZ+I/XjmXWGT0HPEBRkaclwSvYwkPi25V7RPMKNMNLou","baseKeyType":1,"closed":-1,"used":1737102400278,"created":1737102400278,"remoteIdentityKey":"BRZ6pIhhWVncsOtuyMMoMJ78E0NOIouEkFOoCaA1FWQ/"},"_chains":{"BaAoxES0jx1D69XfFWEjRz3xsdjCAbZd8NqR7BCTQoAG":{"chainKey":{"counter":0,"key":"Zp9f4tqc6Anj8zUsDPMKsbfzdHCTBK1xoxBlPYof/iw="},"chainType":1,"messageKeys":{}}},"pendingPreKey":{"signedKeyId":9,"baseKey":"BZ+I/XjmXWGT0HPEBRkaclwSvYwkPi25V7RPMKNMNLou","preKeyId":9837784}}},"version":"v1"}