{"_sessions":{"BXJarLMTEaAcsjC6H40bF8EATW55mbk+X20Bajdlxi4e":{"registrationId":1308765874,"currentRatchet":{"ephemeralKeyPair":{"pubKey":"BV5E+ZXqtpegNASa47frafhQMc9rVXwtRrzI/9Tum5AS","privKey":"0G147oWlk4AhCnc96rrg1c0/FFtgdPJEvAVOm2a/30U="},"lastRemoteEphemeralKey":"BQihzxkpXdigmWoxPF7Hmv5edpiIwic+pkcW+O4lA2BW","previousCounter":0,"rootKey":"6A+eAM/fZD9XyQIS5o9Y9OyJjJiLNbTSeLpjFwbAVcI="},"indexInfo":{"baseKey":"BXJarLMTEaAcsjC6H40bF8EATW55mbk+X20Bajdlxi4e","baseKeyType":1,"closed":-1,"used":1737104171385,"created":1737104171385,"remoteIdentityKey":"BbACEd5q2bA5ZnwODdLE7MLaTKMIScSdABvRt17rl5IL"},"_chains":{"BV5E+ZXqtpegNASa47frafhQMc9rVXwtRrzI/9Tum5AS":{"chainKey":{"counter":0,"key":"1QwsTPjm0hn3XzYnQWwZ3Tx3/8L51WLD9ofptnnygzI="},"chainType":1,"messageKeys":{}}},"pendingPreKey":{"signedKeyId":2,"baseKey":"BXJarLMTEaAcsjC6H40bF8EATW55mbk+X20Bajdlxi4e","preKeyId":15982969}}},"version":"v1"}