{"_sessions":{"BRdJIfENWG9qcclpd0QDX06YuWqFKzliLObxWsQ4JW0M":{"registrationId":1719310609,"currentRatchet":{"ephemeralKeyPair":{"pubKey":"Be4fA8HYTiXWiXzV4ioMcjulUKcmPoSezuBjSHgHhJov","privKey":"YIKy25Wc1jDFzv4CzUKOKBwgYGYaFkNMD9c13e3MAVk="},"lastRemoteEphemeralKey":"BUgc2e8kxEBYo0y2KYnoftpyszzq7485WmFtkQcCRlsX","previousCounter":0,"rootKey":"9Y8L8fIjoew5/YEFm3zVePNjxeSh7ccLQ7ILR/NwO8Y="},"indexInfo":{"baseKey":"BRdJIfENWG9qcclpd0QDX06YuWqFKzliLObxWsQ4JW0M","baseKeyType":1,"closed":-1,"used":1737102400788,"created":1737102400788,"remoteIdentityKey":"BceFKJI3M6+12zTAzK2l4KCR31MnL7FCs0CmvX6DnUMX"},"_chains":{"Be4fA8HYTiXWiXzV4ioMcjulUKcmPoSezuBjSHgHhJov":{"chainKey":{"counter":0,"key":"C2C9GnkVXm+fCbG++eqDN9b/bIcV2AS3l5LRgmSts3c="},"chainType":1,"messageKeys":{}}},"pendingPreKey":{"signedKeyId":7,"baseKey":"BRdJIfENWG9qcclpd0QDX06YuWqFKzliLObxWsQ4JW0M","preKeyId":5372296}}},"version":"v1"}