{"_sessions":{"BWFFsN88A0Rv6j9rd3fwfltkBLPhdsk3JGVTeFvOwUVB":{"registrationId":1029165136,"currentRatchet":{"ephemeralKeyPair":{"pubKey":"Bd7gpPeFEzy7RZyk+qfkDWrUs89VKZpU7nw7sBiVmRJ4","privKey":"OFRPQSHlWh6cJY1v9Vyho2pI/S3fdEihr8BxahABZFI="},"lastRemoteEphemeralKey":"BQcTL4kG5iMh0ycEgR5GmNgIlBQKIVW1EiHKa5tenXNK","previousCounter":0,"rootKey":"lrE0PJ297IIMU13643qhNXS5NEWLj5PlgW/kEO65kH8="},"indexInfo":{"baseKey":"BWFFsN88A0Rv6j9rd3fwfltkBLPhdsk3JGVTeFvOwUVB","baseKeyType":1,"closed":-1,"used":1737102401013,"created":1737102401013,"remoteIdentityKey":"BR968F12eHQ/GlLvFcmpC+jY9Gl1ETw1imR5HbwE+SFN"},"_chains":{"Bd7gpPeFEzy7RZyk+qfkDWrUs89VKZpU7nw7sBiVmRJ4":{"chainKey":{"counter":0,"key":"2WxPC616JdR3C+iebWUz/RCFF8M7i2cSzofofTWhfpY="},"chainType":1,"messageKeys":{}}},"pendingPreKey":{"signedKeyId":0,"baseKey":"BWFFsN88A0Rv6j9rd3fwfltkBLPhdsk3JGVTeFvOwUVB"}}},"version":"v1"}