{"_sessions":{"BWIrZLYWl3Ztf5BYXvDuaoeAhBOoAuzoI8gXP6FQAHQ/":{"registrationId":251384355,"currentRatchet":{"ephemeralKeyPair":{"pubKey":"BT7ZYd0BX+6NlvhXgXirU0Y8ZUfJC1syZK+bdF3HSy4h","privKey":"aBaKeAoDqRtEO/2E6NuWd/DVfjnRpikt5RStGm8MTGQ="},"lastRemoteEphemeralKey":"BVp3H/7xAaZ6lCNRa9n7pYVpH83oeMM66gyd9u78//Fc","previousCounter":0,"rootKey":"dydRlleK64NpTfqOWXnPw62gol4PglOeqAhONXVLgYQ="},"indexInfo":{"baseKey":"BWIrZLYWl3Ztf5BYXvDuaoeAhBOoAuzoI8gXP6FQAHQ/","baseKeyType":1,"closed":-1,"used":1737102400204,"created":1737102400204,"remoteIdentityKey":"BQmp4cyI5MbOdVdLgW3hgT7KVI5DeVUDoZ1d5p11jngs"},"_chains":{"BT7ZYd0BX+6NlvhXgXirU0Y8ZUfJC1syZK+bdF3HSy4h":{"chainKey":{"counter":0,"key":"Ik/6dMC4PqL6AzEBH/BCESUx1cWuKGJw4CUQLDfkvuQ="},"chainType":1,"messageKeys":{}}},"pendingPreKey":{"signedKeyId":3,"baseKey":"BWIrZLYWl3Ztf5BYXvDuaoeAhBOoAuzoI8gXP6FQAHQ/"}}},"version":"v1"}