{"_sessions":{"BZN/VWphstoD/3rCJwwD6NeETurg1U9Q73tMIjKGX04k":{"registrationId":736995812,"currentRatchet":{"ephemeralKeyPair":{"pubKey":"BUUA2JlwJ1rpZhxJgMxnRCBQlQ1CVHWVqENNlw0/qU0y","privKey":"eD+6BYiO49BkZhYIYTUm+vddA/cBD+v1RoKm/xNB0kY="},"lastRemoteEphemeralKey":"BSCkC6zX2oi2z0KbgG0ULvF+e952bTFvBZXbkhLui5kJ","previousCounter":0,"rootKey":"IgUWBxooDY9H0NUIyX0tXVhfCfc+KqQ0qBS3vrKFmZM="},"indexInfo":{"baseKey":"BZN/VWphstoD/3rCJwwD6NeETurg1U9Q73tMIjKGX04k","baseKeyType":1,"closed":-1,"used":1737104171299,"created":1737104171299,"remoteIdentityKey":"BSzXttj1qlzmOC65tuFMcYUpgDhcgJO8P5dfplBr2n0A"},"_chains":{"BUUA2JlwJ1rpZhxJgMxnRCBQlQ1CVHWVqENNlw0/qU0y":{"chainKey":{"counter":0,"key":"p8WBSr/kJ3DykTmPBf9BIm9BxJKwycBY2tjh15Q1x6g="},"chainType":1,"messageKeys":{}}},"pendingPreKey":{"signedKeyId":1,"baseKey":"BZN/VWphstoD/3rCJwwD6NeETurg1U9Q73tMIjKGX04k","preKeyId":1602895}}},"version":"v1"}