{"_sessions":{"BZo0fQ8qGfqqz5qCkWZB+Wig1I2InF5QBn1tFy7eXlYP":{"registrationId":1592547029,"currentRatchet":{"ephemeralKeyPair":{"pubKey":"BZW55Ku8EW45MyVd2X4DFbypehfjgvShtpu/DUDcxIBi","privKey":"yE3BpJBrKEhnFfir4flAPOSGNLrP35hC4opaOiDufXs="},"lastRemoteEphemeralKey":"BWJiymGuS5tQTP7M1P8z1CyGAIdlQaD+fOh/zTZnCLgf","previousCounter":0,"rootKey":"ueV122JAmsQFfIpQMbjM9RywmR7cwPV00wZyGQR0pHY="},"indexInfo":{"baseKey":"BZo0fQ8qGfqqz5qCkWZB+Wig1I2InF5QBn1tFy7eXlYP","baseKeyType":1,"closed":-1,"used":1737102401258,"created":1737102401258,"remoteIdentityKey":"BZxfwgnXhUwhlxhuokUSK/eYfqnVySNWaYS2IWqU5e9y"},"_chains":{"BZW55Ku8EW45MyVd2X4DFbypehfjgvShtpu/DUDcxIBi":{"chainKey":{"counter":0,"key":"SSHMaVxLtCPRo4SqZGFra12/psHx4H0GDw2zkdY3Uno="},"chainType":1,"messageKeys":{}}},"pendingPreKey":{"signedKeyId":7,"baseKey":"BZo0fQ8qGfqqz5qCkWZB+Wig1I2InF5QBn1tFy7eXlYP"}}},"version":"v1"}