{"_sessions":{"Bf41/FJk+0q3/FC0WkOp3UkyF4g/1PAXsxyiy2Ad8VVy":{"registrationId":1147605543,"currentRatchet":{"ephemeralKeyPair":{"pubKey":"BU2tebTFM//wdfehzMcV7eE9HAHYVIUovBndhfmIPAAJ","privKey":"ENg8xXLas8nsj3Y65PW6Rpd1gJTs1FodSBXc2qor7Vg="},"lastRemoteEphemeralKey":"BQNIhDBsZT0qYr3axvMS5+DiUK/2TPXAW2tSBG+Gbbdo","previousCounter":0,"rootKey":"uHua184PmJxVSKAQKTrUVJ6wTS4M75KoxRs9IMU0sqk="},"indexInfo":{"baseKey":"Bf41/FJk+0q3/FC0WkOp3UkyF4g/1PAXsxyiy2Ad8VVy","baseKeyType":1,"closed":-1,"used":1737106391349,"created":1737106391349,"remoteIdentityKey":"BScdLvwLZ2gsu+4FbVrs/qJNdg+Hr//3h1b+dP+M2Zoj"},"_chains":{"BU2tebTFM//wdfehzMcV7eE9HAHYVIUovBndhfmIPAAJ":{"chainKey":{"counter":0,"key":"MHMVOLuqPJunvW5hBXF9cm6y7uYagSkySnqV0QOvTE0="},"chainType":1,"messageKeys":{}}},"pendingPreKey":{"signedKeyId":0,"baseKey":"Bf41/FJk+0q3/FC0WkOp3UkyF4g/1PAXsxyiy2Ad8VVy","preKeyId":7446768}}},"version":"v1"}