{"_sessions":{"BSvtOMeFawGe6QB7QTsIER4UqVzncBPW4N8sWt4Fb7oK":{"registrationId":1088326560,"currentRatchet":{"ephemeralKeyPair":{"pubKey":"BT53dUxQBytbUvWhUWC8AUwkQwy8Pe2u4u+8lXM177UD","privKey":"YDi+m4uwe6cUknOr4xlBAvMr4SZq9y0C405FjFreX3A="},"lastRemoteEphemeralKey":"BQeoDY10LVC0Y0DTHbIeOPp1Q6A+Km1ZHgfqogegvPpk","previousCounter":0,"rootKey":"5dtO4B0CFBvvpVwYyfTkkPtL29El/QqJa2uSCMxPKNY="},"indexInfo":{"baseKey":"BSvtOMeFawGe6QB7QTsIER4UqVzncBPW4N8sWt4Fb7oK","baseKeyType":1,"closed":-1,"used":1737102399472,"created":1737102399472,"remoteIdentityKey":"BdwjC8Iyg+hBaSN2Xagz22Dd54K/EAPmVK7HcaUCn8th"},"_chains":{"BT53dUxQBytbUvWhUWC8AUwkQwy8Pe2u4u+8lXM177UD":{"chainKey":{"counter":0,"key":"nqoJj92yI/UXnchBnCSjChkipRo1WN+hJ+UIvRYDCFo="},"chainType":1,"messageKeys":{}}},"pendingPreKey":{"signedKeyId":0,"baseKey":"BSvtOMeFawGe6QB7QTsIER4UqVzncBPW4N8sWt4Fb7oK"}}},"version":"v1"}