{"_sessions":{"BQ2EhOq+PomHWteE6b2PQiVZqBX5WxMJubfl+ziPNSBC":{"registrationId":1286599939,"currentRatchet":{"ephemeralKeyPair":{"pubKey":"BcU5xYxyWQU6avmWV5O92CMb6SlO+Xc9RyOeSW0b7fVQ","privKey":"sIUIcGLsW7FPFPBuKf0bd8IB0U9ssPH/eIhoQuii6GE="},"lastRemoteEphemeralKey":"BWxLoyo3i0iSuKa3nYzQ3Q3B8gNCFTRIIb327qAVV+J8","previousCounter":0,"rootKey":"ywFuzE0Zw2v6VhZBXaUvE9N/iY9/TIO9ITvOze98cc8="},"indexInfo":{"baseKey":"BQ2EhOq+PomHWteE6b2PQiVZqBX5WxMJubfl+ziPNSBC","baseKeyType":1,"closed":-1,"used":1737102399353,"created":1737102399353,"remoteIdentityKey":"BWnm6EFbi/wM50TBHPlEz4k2sE9zo5O4PClaGEfOQz8V"},"_chains":{"BcU5xYxyWQU6avmWV5O92CMb6SlO+Xc9RyOeSW0b7fVQ":{"chainKey":{"counter":0,"key":"aqG/SLp2hJJHqM+VwLgWOOCpjC7PTGv74qCmDw4++8A="},"chainType":1,"messageKeys":{}}},"pendingPreKey":{"signedKeyId":1,"baseKey":"BQ2EhOq+PomHWteE6b2PQiVZqBX5WxMJubfl+ziPNSBC","preKeyId":10571947}}},"version":"v1"}