{"_sessions":{"BatbD2TifbxmrHLvYkizez42rDO0Fxcd02dc1/kW2ZIv":{"registrationId":851408293,"currentRatchet":{"ephemeralKeyPair":{"pubKey":"BZRbQvprBrNLgYjWySmY94zP8akyercOwY58UbD3974v","privKey":"IBNIAw6JghTSi+X/3PnVNcsSlZoPt62NCAWgrOunT00="},"lastRemoteEphemeralKey":"BZ4J1R9aSJuky6f6T+MpirQKsOePOgop8qgSQ01RNOoW","previousCounter":0,"rootKey":"adp2psmBZi39nw+vOVPv5DWJt+aDhrHuKAygXYuXPgA="},"indexInfo":{"baseKey":"BatbD2TifbxmrHLvYkizez42rDO0Fxcd02dc1/kW2ZIv","baseKeyType":1,"closed":-1,"used":1737102400889,"created":1737102400889,"remoteIdentityKey":"BVmlJmW2WnczwraXAi/2oe6vJjdhDwX0OfxRQ0xkP4s0"},"_chains":{"BZRbQvprBrNLgYjWySmY94zP8akyercOwY58UbD3974v":{"chainKey":{"counter":0,"key":"BIB5EFagDMHv3oKhRJ7ROBcgfukDQmAunNPS7o2AE0E="},"chainType":1,"messageKeys":{}}},"pendingPreKey":{"signedKeyId":1,"baseKey":"BatbD2TifbxmrHLvYkizez42rDO0Fxcd02dc1/kW2ZIv"}}},"version":"v1"}