{"_sessions":{"BfVPJ5Oj2S0CAtIDVNk/SV4m28g2rANybCR6xlaKguY1":{"registrationId":505503747,"currentRatchet":{"ephemeralKeyPair":{"pubKey":"BU0lg57ba2viOBuFxtSb7EVVgbnw1kUmPyAq0unWKfpq","privKey":"uI34ahmYZBKB8x7SRvcZVCnG70sMg0x0N2M0s5UxuGc="},"lastRemoteEphemeralKey":"Be3ZYQvQwvXssJr5SMZJZM5VgmmYWaLctgL1tvkIb1cY","previousCounter":0,"rootKey":"GUqwJC2tKtrnLbbHikO5nj7U6EwkYnQMF64aoMcgUmc="},"indexInfo":{"baseKey":"BfVPJ5Oj2S0CAtIDVNk/SV4m28g2rANybCR6xlaKguY1","baseKeyType":1,"closed":-1,"used":1737102400542,"created":1737102400542,"remoteIdentityKey":"Bcq/iATvUyakqYMlGqrpRX4OM5oFOUkMuJrGzolN+ax/"},"_chains":{"BU0lg57ba2viOBuFxtSb7EVVgbnw1kUmPyAq0unWKfpq":{"chainKey":{"counter":0,"key":"h9hffNqYPITjkUxU/cxfvCaHeSjJba6woe+8sFcG0Ug="},"chainType":1,"messageKeys":{}}},"pendingPreKey":{"signedKeyId":0,"baseKey":"BfVPJ5Oj2S0CAtIDVNk/SV4m28g2rANybCR6xlaKguY1"}}},"version":"v1"}