{"_sessions":{"BehxfxMvN0oNmIJ7pkAG3bkdKyPuIu9bKJ68kvcpd3Vf":{"registrationId":102186970,"currentRatchet":{"ephemeralKeyPair":{"pubKey":"BYB3v+4FJeRs2nsXzjOl+iTziEuz7InH+Arsq8tKrYwr","privKey":"SIf3iP+6fCVd/GG3w+SJzJbzzUAmrDWVARQLHTg/m00="},"lastRemoteEphemeralKey":"BY516SLsNwNMGFgl03FreorozKWGJvnoKl6qv2801edK","previousCounter":0,"rootKey":"GPCd9unWa4Y9CA0qA7+fZB1Z98cv4hJpi6rukNYsS4E="},"indexInfo":{"baseKey":"BehxfxMvN0oNmIJ7pkAG3bkdKyPuIu9bKJ68kvcpd3Vf","baseKeyType":1,"closed":-1,"used":1737104171195,"created":1737104171195,"remoteIdentityKey":"Bd57wajW9R+ipx6buXsFFqLFSn2tSJ5r1UEVi2EQUvls"},"_chains":{"BYB3v+4FJeRs2nsXzjOl+iTziEuz7InH+Arsq8tKrYwr":{"chainKey":{"counter":0,"key":"kOR4Bos+z0XTHWbOh6ScJk4piz3zsfLTYNc/zDXF+/8="},"chainType":1,"messageKeys":{}}},"pendingPreKey":{"signedKeyId":2,"baseKey":"BehxfxMvN0oNmIJ7pkAG3bkdKyPuIu9bKJ68kvcpd3Vf","preKeyId":563650}}},"version":"v1"}