{"_sessions":{"BbEBJ/2XOWxzsoyxoeE4hm4zgSRKmn3DC0b1LVZE3qI4":{"registrationId":95713589,"currentRatchet":{"ephemeralKeyPair":{"pubKey":"BeIi7pqfho2mWTXwtE3BYT+5BnWCLMti47gmKdpNLkU0","privKey":"0GMC7kgY1ou4dLfN9kHxeg39lQLmwIAZsfNoON0HeEI="},"lastRemoteEphemeralKey":"BXvErlP5boPsTT6rEgCPZr5kQJ7ryTmJEsJJWioCz/0D","previousCounter":0,"rootKey":"LweXCSw/GG1/hMZCRjEnnYJd6VGAmD1xjB3KRftJoOo="},"indexInfo":{"baseKey":"BbEBJ/2XOWxzsoyxoeE4hm4zgSRKmn3DC0b1LVZE3qI4","baseKeyType":1,"closed":-1,"used":1737102401502,"created":1737102401502,"remoteIdentityKey":"BboLTBHAwKoWAxJK17G5eLWWGtg1utmB37WrnSEypoow"},"_chains":{"BeIi7pqfho2mWTXwtE3BYT+5BnWCLMti47gmKdpNLkU0":{"chainKey":{"counter":0,"key":"EAX6z4gv8Bv8qH6sD2NIdYAHM98H9pv/Vd3HcEv839A="},"chainType":1,"messageKeys":{}}},"pendingPreKey":{"signedKeyId":1,"baseKey":"BbEBJ/2XOWxzsoyxoeE4hm4zgSRKmn3DC0b1LVZE3qI4","preKeyId":5272146}}},"version":"v1"}