{"_sessions":{"BTK5/zTfSrHqfXz+/sxot8+MALCG3KpRfkknL5dmiyYZ":{"registrationId":1194725279,"currentRatchet":{"ephemeralKeyPair":{"pubKey":"Bd1dcq8+Qrks+ye1gssYpdBBLoQ4WlTd+OfCnrspdPgj","privKey":"KAXUrI9m06gv7ZCx4j4hR8lVO7MWaGAOKkPFOwHzEFw="},"lastRemoteEphemeralKey":"BU0vdMmB7FoG0Fpyn1OtnnB/j3tuJ3bh4geXVmeMZu5Q","previousCounter":0,"rootKey":"Bxn24a/Z7AS0JVoMUZfLZCe2ek9G9GXCqLaflKtGEfI="},"indexInfo":{"baseKey":"BTK5/zTfSrHqfXz+/sxot8+MALCG3KpRfkknL5dmiyYZ","baseKeyType":1,"closed":-1,"used":1737102399692,"created":1737102399692,"remoteIdentityKey":"BaS9gXnx2ukIKEvFgsjakuTu9Ome5vD8/NtZiZ74F4ga"},"_chains":{"Bd1dcq8+Qrks+ye1gssYpdBBLoQ4WlTd+OfCnrspdPgj":{"chainKey":{"counter":0,"key":"cDgM8BCOSTxV8vImAyvTdIQxozN3nQSIg0OTQh0SHoU="},"chainType":1,"messageKeys":{}}},"pendingPreKey":{"signedKeyId":11,"baseKey":"BTK5/zTfSrHqfXz+/sxot8+MALCG3KpRfkknL5dmiyYZ"}}},"version":"v1"}