{"_sessions":{"BQ0hD6snkpXKQHtki+qSgs53X+YodhYai+Q+lVfSNAky":{"registrationId":1389524927,"currentRatchet":{"ephemeralKeyPair":{"pubKey":"BZyxFrtKOSZYkmd/6trTUQgpQhdPhaVtoaOMl1OxQM1S","privKey":"aEFWw5S/W7RDcIE1bEm1zcsoWIe/2Dafe3l5GmihPFk="},"lastRemoteEphemeralKey":"BWW+lrIKwQqNIx383lbKuIWFNQATK4JAWK49LfHbO9M8","previousCounter":0,"rootKey":"Bt+4l0WAKA/NFNg8G8WU821kz30TUCiY8sbq1Jibres="},"indexInfo":{"baseKey":"BQ0hD6snkpXKQHtki+qSgs53X+YodhYai+Q+lVfSNAky","baseKeyType":1,"closed":-1,"used":1737102399601,"created":1737102399601,"remoteIdentityKey":"BY46M+Z6oNiC64EhA+WGedlVHdK/CrgxjSNfJZjNO78G"},"_chains":{"BZyxFrtKOSZYkmd/6trTUQgpQhdPhaVtoaOMl1OxQM1S":{"chainKey":{"counter":0,"key":"p42nkENgkY3uCKwW6AoqalyPgjZrVlzv3mWLnqMBBi0="},"chainType":1,"messageKeys":{}}},"pendingPreKey":{"signedKeyId":9,"baseKey":"BQ0hD6snkpXKQHtki+qSgs53X+YodhYai+Q+lVfSNAky","preKeyId":12448408}}},"version":"v1"}