{"_sessions":{"Bbh14XZ5U7bCkDtFXFGNDZm4vtiGqcE7OJpiQ30dTP8y":{"registrationId":219548613,"currentRatchet":{"ephemeralKeyPair":{"pubKey":"Beox7VujIDXYcrpHscvYspoIxEGrFeaaoUB5/26cPF57","privKey":"WBgj3PlXT22Reo8v7ZLUJGlWsP4xR4s2D5mH5FMtSEw="},"lastRemoteEphemeralKey":"BabUtz4WvlCxjmDAqBVXLcxZ6ybz6i+Q9hhOogtL13du","previousCounter":0,"rootKey":"Y/rywQGfr+TGmUSDVrXjge5eNu12RmcNTxjnzdpJKMs="},"indexInfo":{"baseKey":"Bbh14XZ5U7bCkDtFXFGNDZm4vtiGqcE7OJpiQ30dTP8y","baseKeyType":1,"closed":-1,"used":1737102399491,"created":1737102399491,"remoteIdentityKey":"BbjopVwFlpBjfu9U/W+bG0Xc9ZnkGbS2dxfOqTzRaOA4"},"_chains":{"Beox7VujIDXYcrpHscvYspoIxEGrFeaaoUB5/26cPF57":{"chainKey":{"counter":0,"key":"SZ9LxKWKf3JJrJj15dpN2PDYxuxnW/9jARkrSQH46ZI="},"chainType":1,"messageKeys":{}}},"pendingPreKey":{"signedKeyId":3,"baseKey":"Bbh14XZ5U7bCkDtFXFGNDZm4vtiGqcE7OJpiQ30dTP8y","preKeyId":11427569}}},"version":"v1"}