{"_sessions":{"BTgU5V9BoMwd2oMrVYAP/9x2ETvFQnbAOHYtU86Hzesr":{"registrationId":1148225394,"currentRatchet":{"ephemeralKeyPair":{"pubKey":"BXevlCybyyxMCIhEWy7xepPgO1UeWe7eqHyxs9tgsWY6","privKey":"IGzt26sYIMVjLt5xFfZKPsxBuhxrX5sCW9MsC2JX0Hc="},"lastRemoteEphemeralKey":"BYYaXlDnjCFU65lLRo2t/xElgqsS+zXHHosUBYL/wXVa","previousCounter":0,"rootKey":"HTJJosY9ZtdqskA3g64a2l3eRdfSK+WBNNMg0lgya5w="},"indexInfo":{"baseKey":"BTgU5V9BoMwd2oMrVYAP/9x2ETvFQnbAOHYtU86Hzesr","baseKeyType":1,"closed":-1,"used":1737102400859,"created":1737102400859,"remoteIdentityKey":"BdOjUDOEd4DITKCIOV2fgaiQjdNX2dQvcZefGIs3eiVJ"},"_chains":{"BXevlCybyyxMCIhEWy7xepPgO1UeWe7eqHyxs9tgsWY6":{"chainKey":{"counter":0,"key":"n6Nznwl/jIpmhcB7rM/RsZmQ30JXfY9ztH/E08HWht8="},"chainType":1,"messageKeys":{}}},"pendingPreKey":{"signedKeyId":2,"baseKey":"BTgU5V9BoMwd2oMrVYAP/9x2ETvFQnbAOHYtU86Hzesr"}}},"version":"v1"}