{"_sessions":{"BTmjsFDEmXgfplvoQQm6ZAUOlNPaKvWEpQhNFWeAYglK":{"registrationId":1734146320,"currentRatchet":{"ephemeralKeyPair":{"pubKey":"BeO0P2dI8x5Y1FB3F2nCU2QOKyn01kCRaqlmQjwW768J","privKey":"MJ8MxE7U/PwqUeVx37lpVPBhHGot26ic1pUm2DqMp1U="},"lastRemoteEphemeralKey":"BWwAn6mOhvglyTdxA3HLEz0G5q7CnzD8YG30OhetJjFc","previousCounter":0,"rootKey":"Jv+6qiqPu8qSU1JfnQQi6qJGPu3B7RexBwzzQJ8Gil0="},"indexInfo":{"baseKey":"BTmjsFDEmXgfplvoQQm6ZAUOlNPaKvWEpQhNFWeAYglK","baseKeyType":1,"closed":-1,"used":1737102400662,"created":1737102400662,"remoteIdentityKey":"BVDSObURBfrj7VpCVgfuf9zCV4paCNY+ySIy3cDvAxlv"},"_chains":{"BeO0P2dI8x5Y1FB3F2nCU2QOKyn01kCRaqlmQjwW768J":{"chainKey":{"counter":0,"key":"4XwpU7waaX58j8Ghptp5PGtJbQdleMq8ACrGK6mz/Fw="},"chainType":1,"messageKeys":{}}},"pendingPreKey":{"signedKeyId":4,"baseKey":"BTmjsFDEmXgfplvoQQm6ZAUOlNPaKvWEpQhNFWeAYglK","preKeyId":16743388}}},"version":"v1"}