{"_sessions":{"BYWrQVcxJkcFEQOQmQ+AKYCquQHkubBz0VaaPiNsYEJK":{"registrationId":835774171,"currentRatchet":{"ephemeralKeyPair":{"pubKey":"BRve3m88zVmliIiwTVPkKlHKhPX1WQrdF50hZ4uNPr8d","privKey":"sPUNvYgoc2D2ngcAOd2G5SOGmqaTxzmlUEg1vLxvm18="},"lastRemoteEphemeralKey":"BZFdREq9w2U+qtQ/8fYNCPnGDvEp55KZU9F+D6Fop29U","previousCounter":0,"rootKey":"Qz9MqOZrUbwQavCUCKA5EX6B1jAa/CvtzpKHgdy+PmA="},"indexInfo":{"baseKey":"BYWrQVcxJkcFEQOQmQ+AKYCquQHkubBz0VaaPiNsYEJK","baseKeyType":1,"closed":-1,"used":1737104171467,"created":1737104171467,"remoteIdentityKey":"BdlQCYB5touvG7+3Xqf/cWSSKTi9JGMFEIiKN83w11Bc"},"_chains":{"BRve3m88zVmliIiwTVPkKlHKhPX1WQrdF50hZ4uNPr8d":{"chainKey":{"counter":0,"key":"BWoJsvYU+GhHIClXU9V8T8wvOUmzvbFDQKmK7lzUD0Q="},"chainType":1,"messageKeys":{}}},"pendingPreKey":{"signedKeyId":0,"baseKey":"BYWrQVcxJkcFEQOQmQ+AKYCquQHkubBz0VaaPiNsYEJK"}}},"version":"v1"}