{"_sessions":{"Bd7c77wnV8dkegmeoe0ezNklQzgXE9fKpQjIO4XAWisr":{"registrationId":460782458,"currentRatchet":{"ephemeralKeyPair":{"pubKey":"BShfhiYmlsJ4SPSvs3Hvw6S7WVeN5rU1ORyh7wwgWRtk","privKey":"GFLi1fHLtzEMz2iFjJ+lcBqqiYNj8Gj9wZEtpKx2JU8="},"lastRemoteEphemeralKey":"BfnRgbam4MR2zn1Hjbx6eN+vNIe/81KDe8ZmSMuEHyNL","previousCounter":0,"rootKey":"SdKBAQbwlJ0lLryyHIhNvUerGwls3OIlEEf7wDAU71Y="},"indexInfo":{"baseKey":"Bd7c77wnV8dkegmeoe0ezNklQzgXE9fKpQjIO4XAWisr","baseKeyType":1,"closed":-1,"used":1737104171370,"created":1737104171370,"remoteIdentityKey":"BRtWOi4947jM+dhLKi8yKY6gbW16UD1zjYSxa0M3QBpw"},"_chains":{"BShfhiYmlsJ4SPSvs3Hvw6S7WVeN5rU1ORyh7wwgWRtk":{"chainKey":{"counter":0,"key":"zURj2DrtppOgvXcVgjd847ldiAQvn0+oq+1hBpzogIw="},"chainType":1,"messageKeys":{}}},"pendingPreKey":{"signedKeyId":1,"baseKey":"Bd7c77wnV8dkegmeoe0ezNklQzgXE9fKpQjIO4XAWisr","preKeyId":731126}}},"version":"v1"}