{"_sessions":{"BXrIxAnQc0vF21/fZeab9RsgRV/B87p+n5WgJBeVQxQx":{"registrationId":250817299,"currentRatchet":{"ephemeralKeyPair":{"pubKey":"BSjQ13ir3oi7cHYPDwvq6XiTigixwHw7w6NyNAbtmOZr","privKey":"4D8NnT5o33+qtK+m44BBdTz4leV+XvTHvuiqylR6fkI="},"lastRemoteEphemeralKey":"BbdCquXZ4IuwVOOfbKGaJFgdjE5t/t0XbvUnqM5l6W9Q","previousCounter":0,"rootKey":"Dzqh7l8nkHa5HIcExM1nK0j0DBwbJA0AYRFLeR88E7I="},"indexInfo":{"baseKey":"BXrIxAnQc0vF21/fZeab9RsgRV/B87p+n5WgJBeVQxQx","baseKeyType":1,"closed":-1,"used":1737104171709,"created":1737104171709,"remoteIdentityKey":"BRSFOo2r5su93Iuss56YkFbtnzorOa4O9jX4fSF2LopR"},"_chains":{"BSjQ13ir3oi7cHYPDwvq6XiTigixwHw7w6NyNAbtmOZr":{"chainKey":{"counter":0,"key":"OSHG/4DdNxpnbWEhDp8cOfwRLaf8oYvQroaaCe6CMdg="},"chainType":1,"messageKeys":{}}},"pendingPreKey":{"signedKeyId":5,"baseKey":"BXrIxAnQc0vF21/fZeab9RsgRV/B87p+n5WgJBeVQxQx","preKeyId":6229262}}},"version":"v1"}