{"_sessions":{"BRqII+aXV9Q2HBT97GVcb7q/B3XtaKBRIP3bXWWxulRL":{"registrationId":11201581,"currentRatchet":{"ephemeralKeyPair":{"pubKey":"BfZk+y3LEiX+VZJZ4S5Nm3TPs0UQLFs4AZGvbb8A7LF4","privKey":"gN4BvA4cmodNLVhY3sgSaJe9fJW+EpYOnngcwNREGFQ="},"lastRemoteEphemeralKey":"BTOeWCK6aQiiWwqNgAxiWTx0kaEKufpggwb+EUilUUMK","previousCounter":0,"rootKey":"7ZQqtAnC6Xzy4ezrYqLmO6F8FXAAnlF+DyF3Ac6P3F4="},"indexInfo":{"baseKey":"BRqII+aXV9Q2HBT97GVcb7q/B3XtaKBRIP3bXWWxulRL","baseKeyType":1,"closed":-1,"used":1737102400305,"created":1737102400305,"remoteIdentityKey":"BcdEVvlxuZigNnaKQ6IjHJx9Qbv87PRAs1EZH6g+cKxF"},"_chains":{"BfZk+y3LEiX+VZJZ4S5Nm3TPs0UQLFs4AZGvbb8A7LF4":{"chainKey":{"counter":0,"key":"BpQNLdQt3HkYWfFw8ZbdYN6ppzEc8urPXixnKNVhgqI="},"chainType":1,"messageKeys":{}}},"pendingPreKey":{"signedKeyId":2,"baseKey":"BRqII+aXV9Q2HBT97GVcb7q/B3XtaKBRIP3bXWWxulRL","preKeyId":393953}}},"version":"v1"}