{"_sessions":{"BcxZg0Zs7+3HMQtWGgabZd+YNuEorf/afwmKmF6AmjYF":{"registrationId":2079751811,"currentRatchet":{"ephemeralKeyPair":{"pubKey":"BZ0073W9mL+t6dx7PEyIIhT6XwniPy/FD/lNKPoXB6xM","privKey":"QJC5IEnNjgoJz2+Y1Q94ZSDaf/Qrh/CeTL8Nd3/ZZFg="},"lastRemoteEphemeralKey":"Bem/6WUkydZmORby7XEBYUg4I5uYFswNVdrchn415p0+","previousCounter":0,"rootKey":"bPCLGcAfVgHnubw/j3fTlpmoFW2ZapCSdOxciYIxnbc="},"indexInfo":{"baseKey":"BcxZg0Zs7+3HMQtWGgabZd+YNuEorf/afwmKmF6AmjYF","baseKeyType":1,"closed":-1,"used":1737102400364,"created":1737102400364,"remoteIdentityKey":"BdEKrfOR1KClF50W2BloMHtKOvasFa1CsjTDKqJkIvJg"},"_chains":{"BZ0073W9mL+t6dx7PEyIIhT6XwniPy/FD/lNKPoXB6xM":{"chainKey":{"counter":0,"key":"MKguAZyQpIH8rufyiYqpVCz4YymDOCp8AUdl9AJoIF8="},"chainType":1,"messageKeys":{}}},"pendingPreKey":{"signedKeyId":6,"baseKey":"BcxZg0Zs7+3HMQtWGgabZd+YNuEorf/afwmKmF6AmjYF"}}},"version":"v1"}