{"_sessions":{"BaTzJrnqVIp1Ykt+e4FXGhbe6XGQ8BOkseBYkKxjV7F3":{"registrationId":1525911503,"currentRatchet":{"ephemeralKeyPair":{"pubKey":"BVPBoGShyfMewX21KVh5EpSSQekt/vOMeeMvCXd+TowX","privKey":"2Lo9SWROB+vrbVapJFELDNjRuNpGq1XAptwYfSUBPFI="},"lastRemoteEphemeralKey":"BVUc+mweZNcIkHkT0ahHr18boUMJT3JrG8WBpBtztkBp","previousCounter":0,"rootKey":"8JWe08Esc7d2Fh9euy/0J2V1P1fFhIPJgj0m/u2dCJA="},"indexInfo":{"baseKey":"BaTzJrnqVIp1Ykt+e4FXGhbe6XGQ8BOkseBYkKxjV7F3","baseKeyType":1,"closed":-1,"used":1737102401578,"created":1737102401578,"remoteIdentityKey":"BXN/6YfMLeCb544seUoaU/jJmYS4YyIAORAAoEUi3so4"},"_chains":{"BVPBoGShyfMewX21KVh5EpSSQekt/vOMeeMvCXd+TowX":{"chainKey":{"counter":0,"key":"HM71GCM0zUL1uxThnxCRo4LtJGGmlDbmlq3hnnElpbA="},"chainType":1,"messageKeys":{}}},"pendingPreKey":{"signedKeyId":5,"baseKey":"BaTzJrnqVIp1Ykt+e4FXGhbe6XGQ8BOkseBYkKxjV7F3","preKeyId":3065275}}},"version":"v1"}