{"_sessions":{"BZBMCdMylUlhPB+GFa46COxhr/KdXsYczzKc2FEjittv":{"registrationId":1085146450,"currentRatchet":{"ephemeralKeyPair":{"pubKey":"BUSZWAH7gG++1iSiWsgb+4SeXdvZNBT7P/cr7cgj3Mw0","privKey":"0Ey2+Vk3ziVNram8XuqpCOSIggQ2fYXE/qscrXeNN0A="},"lastRemoteEphemeralKey":"BV3mz7CVvHSBw2rsl5pr6m8F4RrHliLWTIgMWz9VyaNi","previousCounter":0,"rootKey":"DeozW2op6PKF3Wmg8V4NeAqfYiMv0K20cZb82ObDhM4="},"indexInfo":{"baseKey":"BZBMCdMylUlhPB+GFa46COxhr/KdXsYczzKc2FEjittv","baseKeyType":1,"closed":-1,"used":1737104171152,"created":1737104171152,"remoteIdentityKey":"BfZ1Ya0ximv63T2SGFhVWR4jR9xVtAlG6yeDN7ZMQclW"},"_chains":{"BUSZWAH7gG++1iSiWsgb+4SeXdvZNBT7P/cr7cgj3Mw0":{"chainKey":{"counter":0,"key":"Cxet7/npmdXUL9Cqxca1bwOPu3D9HAPXpnUrECzWB5o="},"chainType":1,"messageKeys":{}}},"pendingPreKey":{"signedKeyId":1,"baseKey":"BZBMCdMylUlhPB+GFa46COxhr/KdXsYczzKc2FEjittv","preKeyId":10116960}}},"version":"v1"}