{"_sessions":{"BWoaBRPtLNrP+AXaCvIQY7DVg0o33uJozvwI7SVmtI5t":{"registrationId":190197044,"currentRatchet":{"ephemeralKeyPair":{"pubKey":"BVU848kio3A+/95Q7qvcwAeT3yaxo1spTpKNVJCek9s/","privKey":"GK9gSo2I78WQuYem1axPldjxTeJ6iBXh+ocCwExVeG4="},"lastRemoteEphemeralKey":"BcSKpnTPaC+MP7JlhCAYAg1nR6bcQ4qutiTdFnWwYLQi","previousCounter":0,"rootKey":"pwlhThQfwobE0jvznonsIouXxD1CeSO4CPWw64pd/Z4="},"indexInfo":{"baseKey":"BWoaBRPtLNrP+AXaCvIQY7DVg0o33uJozvwI7SVmtI5t","baseKeyType":1,"closed":-1,"used":1737102401403,"created":1737102401403,"remoteIdentityKey":"BQ1n4rdJ9bm4dlk2fVuYz0yQqUMUemSLNRGPsulIQIN6"},"_chains":{"BVU848kio3A+/95Q7qvcwAeT3yaxo1spTpKNVJCek9s/":{"chainKey":{"counter":0,"key":"KlAspA82tsV02tpzSEtslgztosEt9iqlzzKsGSSDvn0="},"chainType":1,"messageKeys":{}}},"pendingPreKey":{"signedKeyId":1,"baseKey":"BWoaBRPtLNrP+AXaCvIQY7DVg0o33uJozvwI7SVmtI5t"}}},"version":"v1"}