{"_sessions":{"BR6SbxpXrhdT/n6ikFNZDLmiL7EM+Tql7+fNqFYmj6lI":{"registrationId":1844909911,"currentRatchet":{"ephemeralKeyPair":{"pubKey":"BU3JWfG4SHAjg88wnmVKIu9FSeIC4wcPkgQikjVD8cUe","privKey":"IKimftWJoU9ymEEJfK1lffepgCMWz8kJUqwo8i/Xm0I="},"lastRemoteEphemeralKey":"Bc8VoAUsMUkdY7O6J4yc/oC8VNHbwEyMYxxw0t5LYaUO","previousCounter":0,"rootKey":"nqZKagZoN9qduljch6i34mwU+RffUj1BLrOH5RB2bJY="},"indexInfo":{"baseKey":"BR6SbxpXrhdT/n6ikFNZDLmiL7EM+Tql7+fNqFYmj6lI","baseKeyType":1,"closed":-1,"used":1737102399413,"created":1737102399413,"remoteIdentityKey":"BSznszZb6pTKqCv8Dgp2oftLCOlNGcztf5oWMIfIHwxM"},"_chains":{"BU3JWfG4SHAjg88wnmVKIu9FSeIC4wcPkgQikjVD8cUe":{"chainKey":{"counter":0,"key":"QYOa4mk+mF85HzmwVTUwu2sGP6OWQQnOK5TMuHzeSuo="},"chainType":1,"messageKeys":{}}},"pendingPreKey":{"signedKeyId":2,"baseKey":"BR6SbxpXrhdT/n6ikFNZDLmiL7EM+Tql7+fNqFYmj6lI","preKeyId":1408846}}},"version":"v1"}