{"_sessions":{"BY6N3o0dj8FHv1cYiGmx+1LkTA2+Qm94V5oKUzaY42EQ":{"registrationId":453481177,"currentRatchet":{"ephemeralKeyPair":{"pubKey":"BZRX9Hv4ExTOtPaJ09HDFpgfKUuqFldMipfBGJ78avZx","privKey":"2PQ2OZR6Uu+6x1Ec1XtFrYTbo/P7hX7AjAXhB+IfmUA="},"lastRemoteEphemeralKey":"BdlNRA524jGz/00XpHRk6Zb7uNyLDYbcJqvncPfC6+9b","previousCounter":0,"rootKey":"lV5+q5TpNMLhDcjP9jkDaxdzALXoeiQRIQBHLqkTXrs="},"indexInfo":{"baseKey":"BY6N3o0dj8FHv1cYiGmx+1LkTA2+Qm94V5oKUzaY42EQ","baseKeyType":1,"closed":-1,"used":1737102400649,"created":1737102400649,"remoteIdentityKey":"BXUab8eQ3WerNeZcMiBPReWAsQAIEIlTEx6nlwEwNgdy"},"_chains":{"BZRX9Hv4ExTOtPaJ09HDFpgfKUuqFldMipfBGJ78avZx":{"chainKey":{"counter":0,"key":"+qcY+JQI6QRLgEUVAaJ+A3HjRztQ28bWJyiuay1DIxw="},"chainType":1,"messageKeys":{}}},"pendingPreKey":{"signedKeyId":7,"baseKey":"BY6N3o0dj8FHv1cYiGmx+1LkTA2+Qm94V5oKUzaY42EQ"}}},"version":"v1"}