{"_sessions":{"BUFswVDgguur3YOOWY5QFTukxjwA8yYvn47TxmCqy7g7":{"registrationId":1791541439,"currentRatchet":{"ephemeralKeyPair":{"pubKey":"BSt3cx7qLAKhmmn69ur2bcoA1KSJAzEcVnD1NfmxLTc5","privKey":"mL+dttd0/BiF1aZGmp1vJXOdK81F73oWAMEsbUjK42s="},"lastRemoteEphemeralKey":"BeoBhMI33yJEAvgHlALJdBOTsJXDcZ2s6wspqN6Ly2RV","previousCounter":0,"rootKey":"08D6FJ5FTjWsPwI+eGWqB6W35rXy+g5aoSQid2aMJIA="},"indexInfo":{"baseKey":"BUFswVDgguur3YOOWY5QFTukxjwA8yYvn47TxmCqy7g7","baseKeyType":1,"closed":-1,"used":1737102400607,"created":1737102400607,"remoteIdentityKey":"BdlDSopRfw+AKJNd0eX2p49DQ+JBjq+DKQ+UZEpLTPFN"},"_chains":{"BSt3cx7qLAKhmmn69ur2bcoA1KSJAzEcVnD1NfmxLTc5":{"chainKey":{"counter":0,"key":"93xhse5oDtB1Clw96KUcrnguehq2gAy/n+DJ3AU3mg0="},"chainType":1,"messageKeys":{}}},"pendingPreKey":{"signedKeyId":1,"baseKey":"BUFswVDgguur3YOOWY5QFTukxjwA8yYvn47TxmCqy7g7"}}},"version":"v1"}