{"_sessions":{"Bdm6jPRC6kMS55OeJAfZO/X4rIfdoAq/cWrbikkAvk48":{"registrationId":1563663816,"currentRatchet":{"ephemeralKeyPair":{"pubKey":"BUOOm6iHclQL9eHnxXj5mTpm7u+Ay7aUNej0aa9PvM1c","privKey":"6C0wnUYKEV9IMul+Bg9UqKlLYREH18xM3chOQz7COW4="},"lastRemoteEphemeralKey":"BWP6rTIAvxsL2lpUzxmMRswu6or9IA1fpuDOpStQ/ydc","previousCounter":0,"rootKey":"q4LaYF/9N5V7+yCOYUx0sc9BAnp4+V6lBo38EINZUDs="},"indexInfo":{"baseKey":"Bdm6jPRC6kMS55OeJAfZO/X4rIfdoAq/cWrbikkAvk48","baseKeyType":1,"closed":-1,"used":1737102399446,"created":1737102399446,"remoteIdentityKey":"Bdvp5JyPe33Q3JzwV5cX5HydxmlT750p06ybywpBgHxT"},"_chains":{"BUOOm6iHclQL9eHnxXj5mTpm7u+Ay7aUNej0aa9PvM1c":{"chainKey":{"counter":0,"key":"vi+ZlnLQP4kfDjXt4DTNavez87mTgVQdbS7g8WFiFP4="},"chainType":1,"messageKeys":{}}},"pendingPreKey":{"signedKeyId":0,"baseKey":"Bdm6jPRC6kMS55OeJAfZO/X4rIfdoAq/cWrbikkAvk48"}}},"version":"v1"}