{"_sessions":{"Be2If04jg3nXU3nstbiN7qOlxGCC4jkr3rzRhAyFLtsW":{"registrationId":1183776174,"currentRatchet":{"ephemeralKeyPair":{"pubKey":"BQtLgr0cBaJk50H8jwAZwCRhX1smC5JkOjELHpNIR1tp","privKey":"8Ct80O6X+9Xx5Sj+S9tv8GIMKnBuo19J6G0y1WNAX0o="},"lastRemoteEphemeralKey":"Bejo6D0IG707js1Ksdi8cyIpRX9GdYs8bliQpUmQq6xa","previousCounter":0,"rootKey":"0IJGOviN8jMe80djtNfvS6Cf4qK9EwbgPCzU7OTk/9k="},"indexInfo":{"baseKey":"Be2If04jg3nXU3nstbiN7qOlxGCC4jkr3rzRhAyFLtsW","baseKeyType":1,"closed":-1,"used":1737102400344,"created":1737102400344,"remoteIdentityKey":"BbLv3ph4GlS/xLT7UW+dwKusVYqWkCp5XcweN8FbdjhW"},"_chains":{"BQtLgr0cBaJk50H8jwAZwCRhX1smC5JkOjELHpNIR1tp":{"chainKey":{"counter":0,"key":"dORYlirU4EKKQ6flq6W/67moaFsEtKEI/CVYA7LnpdI="},"chainType":1,"messageKeys":{}}},"pendingPreKey":{"signedKeyId":6,"baseKey":"Be2If04jg3nXU3nstbiN7qOlxGCC4jkr3rzRhAyFLtsW","preKeyId":4788345}}},"version":"v1"}