{"_sessions":{"BfzkVNDgFhsMA9RxKyFTa1xRnFvMVi0dscsbgGJT8+o5":{"registrationId":186541357,"currentRatchet":{"ephemeralKeyPair":{"pubKey":"BTPmjziMxXndC81Td0EKe9rhWnq2knxbHL+vzJmyNZ80","privKey":"MDbrkGK33ZeQiUNpHKhZbZSBAs+Puz6frl02pkdIaGw="},"lastRemoteEphemeralKey":"BRHIMptJTjNJJ6pVyWnEta6eVq4Y3Z5IE3vD3EHAORoY","previousCounter":0,"rootKey":"ewQuHDTSB2JoH2x9MPFfmYWfzCjR1X4+copkhver6+k="},"indexInfo":{"baseKey":"BfzkVNDgFhsMA9RxKyFTa1xRnFvMVi0dscsbgGJT8+o5","baseKeyType":1,"closed":-1,"used":1737102400092,"created":1737102400092,"remoteIdentityKey":"BfspatrSf1c1kBbM/gMRLkeRvFKGPUUIdlmxtVTpl0Zj"},"_chains":{"BTPmjziMxXndC81Td0EKe9rhWnq2knxbHL+vzJmyNZ80":{"chainKey":{"counter":0,"key":"rjYJ6pe6vqjr9FKuY3k8cLGKYd/U2hSpOEyjheXhQig="},"chainType":1,"messageKeys":{}}},"pendingPreKey":{"signedKeyId":0,"baseKey":"BfzkVNDgFhsMA9RxKyFTa1xRnFvMVi0dscsbgGJT8+o5"}}},"version":"v1"}