{"_sessions":{"BVgliTQsA1UO4Gmsdz3e916EuOyCLE3+jtYJY/eJ1Qkq":{"registrationId":2114510127,"currentRatchet":{"ephemeralKeyPair":{"pubKey":"BVw2hhoRX4mNOyk3iTqF2bgwzjSjBM4q/t0N4DO/9u44","privKey":"qHAuMF16pu62u5B20dOGqXMuOvlwrYzfcK2FeSgu3VU="},"lastRemoteEphemeralKey":"BQeyrjWWgv05wpth0r6c+xdJFMXKeKg/nFtIqrzgc/Ql","previousCounter":0,"rootKey":"K9ChQeM0ph0vhcRTS1VUUjuC1mBTmioMhILlne/t7qE="},"indexInfo":{"baseKey":"BVgliTQsA1UO4Gmsdz3e916EuOyCLE3+jtYJY/eJ1Qkq","baseKeyType":1,"closed":-1,"used":1737102400491,"created":1737102400491,"remoteIdentityKey":"BZOeo+Ou15DnAUhF6T8KPiysZal2DVJs14wPuXvZ2cUn"},"_chains":{"BVw2hhoRX4mNOyk3iTqF2bgwzjSjBM4q/t0N4DO/9u44":{"chainKey":{"counter":0,"key":"qyE4bEK/2OxBa2E8/uC1GEJ0VYuACnrhTZaSxNM6AEs="},"chainType":1,"messageKeys":{}}},"pendingPreKey":{"signedKeyId":3,"baseKey":"BVgliTQsA1UO4Gmsdz3e916EuOyCLE3+jtYJY/eJ1Qkq","preKeyId":10124178}}},"version":"v1"}