{"_sessions":{"BRn1ckuMvquijJkn9Mn4ElNmdRQDYYNWbj9oIoVpWIN8":{"registrationId":1576878836,"currentRatchet":{"ephemeralKeyPair":{"pubKey":"BYMXJrFJ9Q6zIycLohq/Yie20Q9UcCEUTuJlD5vmna9N","privKey":"qGLjKRO8pNSS0EyVkr/4VRmwMgmUgIlpRUmnYrYhPnk="},"lastRemoteEphemeralKey":"Bf1s3Fy0CG111rXgS4rMZy9eaokEZvvA2Z0Y2ZjqixhD","previousCounter":0,"rootKey":"zV+I4ROS40MVQKLPcp4oSk2f8x4Kg4+9pPgN7YC5VVk="},"indexInfo":{"baseKey":"BRn1ckuMvquijJkn9Mn4ElNmdRQDYYNWbj9oIoVpWIN8","baseKeyType":1,"closed":-1,"used":1737102400075,"created":1737102400075,"remoteIdentityKey":"BXGNVZsA1xlz8P+d0LFpVfVCe8F6WalqpQfd8Sxd/pBE"},"_chains":{"BYMXJrFJ9Q6zIycLohq/Yie20Q9UcCEUTuJlD5vmna9N":{"chainKey":{"counter":0,"key":"Kh7xBm+NuL9aipbe0o3ted2NXy1rdAtDPmJMvnxHLu0="},"chainType":1,"messageKeys":{}}},"pendingPreKey":{"signedKeyId":1,"baseKey":"BRn1ckuMvquijJkn9Mn4ElNmdRQDYYNWbj9oIoVpWIN8"}}},"version":"v1"}