{"_sessions":{"BW8sJksygBWpeWZ8O+B09FlxXUxq7rq5CMa0OWjVM8Nx":{"registrationId":1736271817,"currentRatchet":{"ephemeralKeyPair":{"pubKey":"BbPob0TntF767o2Ru7ueMTL91b63QiswtKvhB70uO8YZ","privKey":"qKaN7Es0/0scPXXb/tlEth0rp5T+LPl78ocTyvLuOk0="},"lastRemoteEphemeralKey":"BRtRuVbSj8KN0btQXd/CjmK2yih1oLOGfey7MNacdtxk","previousCounter":0,"rootKey":"+weHiiD3hHvGIuoIQTxKk9x+GDGArAw3n5+A+D1B6Lg="},"indexInfo":{"baseKey":"BW8sJksygBWpeWZ8O+B09FlxXUxq7rq5CMa0OWjVM8Nx","baseKeyType":1,"closed":-1,"used":1737102400522,"created":1737102400522,"remoteIdentityKey":"BRQGeD+NJ9NYRfgyZG8LW1hACJvTLVzMpbVC3yJiQDgH"},"_chains":{"BbPob0TntF767o2Ru7ueMTL91b63QiswtKvhB70uO8YZ":{"chainKey":{"counter":0,"key":"1NX4ibkxr5b9klnV7VPPHjMJL8rmNTg2PtiJJSihHWY="},"chainType":1,"messageKeys":{}}},"pendingPreKey":{"signedKeyId":8,"baseKey":"BW8sJksygBWpeWZ8O+B09FlxXUxq7rq5CMa0OWjVM8Nx","preKeyId":12004598}}},"version":"v1"}