{"_sessions":{"BSKLs+Aog0obPrWfVYB6reIxKYZ+vAcOshi6zgrr7M5x":{"registrationId":1926203911,"currentRatchet":{"ephemeralKeyPair":{"pubKey":"BZBlwlVEVg7iKa+Wwc+6q8FkA0ArVHZCKeXg1jIKeyBC","privKey":"IDPDO+a1IGswccPSFwLtHrPrXqPM3GxJON8E1PBaFHo="},"lastRemoteEphemeralKey":"BVLHkQ6OoTiHaLG8NPbgrv7tVwAY6RTeJ09V5II1iGMa","previousCounter":0,"rootKey":"xXTk/hLEfQtX8/HBZbNkqHofdAUcYk1qzAyIy5L2njk="},"indexInfo":{"baseKey":"BSKLs+Aog0obPrWfVYB6reIxKYZ+vAcOshi6zgrr7M5x","baseKeyType":1,"closed":-1,"used":1737102400563,"created":1737102400563,"remoteIdentityKey":"BXj8rFVAFMeRTnvM7Lf6q4HOmePfF4NdtON7Z6Wml613"},"_chains":{"BZBlwlVEVg7iKa+Wwc+6q8FkA0ArVHZCKeXg1jIKeyBC":{"chainKey":{"counter":0,"key":"qKDHAX+iY8oQK24iBxi4OAdgXgBK5KKaGWjXtpVHTFQ="},"chainType":1,"messageKeys":{}}},"pendingPreKey":{"signedKeyId":8,"baseKey":"BSKLs+Aog0obPrWfVYB6reIxKYZ+vAcOshi6zgrr7M5x","preKeyId":16371553}}},"version":"v1"}