{"_sessions":{"BTyHXaxt6Nf2ucYX6b7/E3k9HRUza/05gWheM1AUwrtX":{"registrationId":313577325,"currentRatchet":{"ephemeralKeyPair":{"pubKey":"BT5EshnFFfQ534vk19qfZcL+XRitPNWPmwErh8wROq4y","privKey":"uF+zeGIusa9S9vWJAKPz4IjWFFMv+du1DB2Z8HmiNnU="},"lastRemoteEphemeralKey":"BcllDtSNRhJU8f/wqX3IFSAXPKjJ8TVPmXtOzxsQhe9u","previousCounter":0,"rootKey":"+wQA2uyCy7hlFW+bWvxUADsU5c/TjVxk95IHkPExU2U="},"indexInfo":{"baseKey":"BTyHXaxt6Nf2ucYX6b7/E3k9HRUza/05gWheM1AUwrtX","baseKeyType":1,"closed":-1,"used":1737102401652,"created":1737102401652,"remoteIdentityKey":"BdsUUvU8aUWAr/KTh1M3+OUu1qMZJjxNPNww0a1I+vdq"},"_chains":{"BT5EshnFFfQ534vk19qfZcL+XRitPNWPmwErh8wROq4y":{"chainKey":{"counter":0,"key":"T+S7C++ChbuGgAp/QJVyHQr70hbQmMePdYp1oSGhJN4="},"chainType":1,"messageKeys":{}}},"pendingPreKey":{"signedKeyId":4,"baseKey":"BTyHXaxt6Nf2ucYX6b7/E3k9HRUza/05gWheM1AUwrtX"}}},"version":"v1"}