{"_sessions":{"BVdzUMqEs3fcl70vFLUkbizN02l8NMmB9+QbJwJnvVoy":{"registrationId":643129568,"currentRatchet":{"ephemeralKeyPair":{"pubKey":"BT4ze8KZbpdpGzfxPC7khAYF5Mh25XiX3OMJaftpZWll","privKey":"cNAhCoxoIkcSzfSllqzt+4dY/Gi5j9uliigJkUDNS30="},"lastRemoteEphemeralKey":"BRJiV85qECAOZTnKUl/+6LLDd+2cnW524NnpHEPLIVJQ","previousCounter":0,"rootKey":"C+fiuTx/iF4Sc2DoIFvRDcehMnHk8RAmKt3jVgtrbmk="},"indexInfo":{"baseKey":"BVdzUMqEs3fcl70vFLUkbizN02l8NMmB9+QbJwJnvVoy","baseKeyType":1,"closed":-1,"used":1737102401552,"created":1737102401552,"remoteIdentityKey":"BdvpMWvnoXqLu+ZMVIRagstKfOVqHsP1iOGGHrzFoYQY"},"_chains":{"BT4ze8KZbpdpGzfxPC7khAYF5Mh25XiX3OMJaftpZWll":{"chainKey":{"counter":0,"key":"vzdEDbZgR9C7G+m05nr3Hgi8S9XkLHwtdnV6GVCwmQA="},"chainType":1,"messageKeys":{}}},"pendingPreKey":{"signedKeyId":4,"baseKey":"BVdzUMqEs3fcl70vFLUkbizN02l8NMmB9+QbJwJnvVoy","preKeyId":13892587}}},"version":"v1"}