{"_sessions":{"BR4xEpKDYS7+Fvvoft0jr8dj/2fygVmZfM4Ti659jUo1":{"registrationId":943932731,"currentRatchet":{"ephemeralKeyPair":{"pubKey":"BRXnmgqcJC3jIFFV/BPm8XXCXWv/5nJwbzeKbR2C8lMT","privKey":"MMxLMES0BItiavff4gCu//v4Y1untzuONxdmBrYHBGM="},"lastRemoteEphemeralKey":"BYjV5PxwhxdY8lEHTB9bm/O2myJHPotDkJI8xs7nDeUa","previousCounter":0,"rootKey":"bKLG7xBDTMKWjaIMIJCsx3FR6fL++YY3jKNYO7n7Fbw="},"indexInfo":{"baseKey":"BR4xEpKDYS7+Fvvoft0jr8dj/2fygVmZfM4Ti659jUo1","baseKeyType":1,"closed":-1,"used":1737102399484,"created":1737102399484,"remoteIdentityKey":"BQNgjRfA9nJjnL2vUPE9CYbo3sYZ+DjsGtqkUKc3yZsL"},"_chains":{"BRXnmgqcJC3jIFFV/BPm8XXCXWv/5nJwbzeKbR2C8lMT":{"chainKey":{"counter":0,"key":"76QAjgZdMVY/N5GpmOWrzngmF0gkxG2vsz+PT/8kthg="},"chainType":1,"messageKeys":{}}},"pendingPreKey":{"signedKeyId":0,"baseKey":"BR4xEpKDYS7+Fvvoft0jr8dj/2fygVmZfM4Ti659jUo1"}}},"version":"v1"}