{"_sessions":{"BZNDpscAEgvuiiTZUW0ztzP7mg4+r3GoyJh+XV9jdjw1":{"registrationId":1678879207,"currentRatchet":{"ephemeralKeyPair":{"pubKey":"BRsFrLyFmvzQhKxGx17SV824DcFa/emeNfgXFxQB6jEf","privKey":"yMNTPPpYJy4pjpdHtOXqRA2IOygqcGnURgitPfAs/Vk="},"lastRemoteEphemeralKey":"BVKYehS1gBms4iP1ljGVcVV5YnoCKi0q9E7wR1bjdbNm","previousCounter":0,"rootKey":"Th5I+OMYOlabBIDjQdzvJFvQA10Obhv3irUlLuhA5g8="},"indexInfo":{"baseKey":"BZNDpscAEgvuiiTZUW0ztzP7mg4+r3GoyJh+XV9jdjw1","baseKeyType":2,"closed":-1,"used":1737106894899,"created":1737106894899,"remoteIdentityKey":"BXJs3W9k70bEgYQDM28z80U8qR87cPG2C/pQIDQ6nNgB"},"_chains":{"BVKYehS1gBms4iP1ljGVcVV5YnoCKi0q9E7wR1bjdbNm":{"chainKey":{"counter":0,"key":"K8tjzg19/eaEddOQMrVDBgoxx6bNp7GpcwOOA3fpYF8="},"chainType":2,"messageKeys":{}},"BRsFrLyFmvzQhKxGx17SV824DcFa/emeNfgXFxQB6jEf":{"chainKey":{"counter":-1,"key":"A0ghHIKs8fiVJPhGLyVls5o6U6niszNBX21fHYB8NYE="},"chainType":1,"messageKeys":{}}}}},"version":"v1"}