{"_sessions":{"BTn63iebv3zi1J/0u9nZ9hFGWadAawZCbcHHqHkotdop":{"registrationId":1786771580,"currentRatchet":{"ephemeralKeyPair":{"pubKey":"BbJikCxwDZMOrc7sDTp2ntp3sIp/1IcjXy24mN3LZShd","privKey":"EDMN3r51AtnAWWXDzKXWjnRBngc9E5sdltscaMN402U="},"lastRemoteEphemeralKey":"BWp0NQocMQ2mMyWlXT1d4d8NRvN0FslK80Zp0xdyA9ER","previousCounter":0,"rootKey":"c08ynUg0O3Vx49CnT+nd+UFFDHQ8EP89aMA7BQsLtWQ="},"indexInfo":{"baseKey":"BTn63iebv3zi1J/0u9nZ9hFGWadAawZCbcHHqHkotdop","baseKeyType":1,"closed":-1,"used":1737104171749,"created":1737104171749,"remoteIdentityKey":"Bdj72uXNdTTUwenNj+hyLvztwvnRFKoWvf8us7LDGaow"},"_chains":{"BbJikCxwDZMOrc7sDTp2ntp3sIp/1IcjXy24mN3LZShd":{"chainKey":{"counter":0,"key":"WEmi/pO8qB5cEmi6knMUsjZ1kR6sRYwPhKk6twm68QM="},"chainType":1,"messageKeys":{}}},"pendingPreKey":{"signedKeyId":0,"baseKey":"BTn63iebv3zi1J/0u9nZ9hFGWadAawZCbcHHqHkotdop","preKeyId":6905307}}},"version":"v1"}