{"_sessions":{"BT8dqvfnDNC7U6NdBNghJkd7x2jqP+9f/CJ7QHyd8Lwq":{"registrationId":1785475229,"currentRatchet":{"ephemeralKeyPair":{"pubKey":"Bb2QcvGmW8pdDPbC8SXaFdTxxJoyUdLhdbPzenV0MMUQ","privKey":"ICWbb/rc269BkzX4IszacpGuAjvTPEbpjStJUfiRo0M="},"lastRemoteEphemeralKey":"Bf017bBZ64dT9kzGFqrTTnPNWN8IYmwsZNMIkcfweJEQ","previousCounter":0,"rootKey":"beQxUWkmSI6nxveiJwzCjqBTDn1zW75xsSwOeHUUQV8="},"indexInfo":{"baseKey":"BT8dqvfnDNC7U6NdBNghJkd7x2jqP+9f/CJ7QHyd8Lwq","baseKeyType":1,"closed":-1,"used":1737102400536,"created":1737102400536,"remoteIdentityKey":"BQz+p0wvvv/YCmkwjVh0qeAZ+a2262aQzRqK1bJJ0Ht7"},"_chains":{"Bb2QcvGmW8pdDPbC8SXaFdTxxJoyUdLhdbPzenV0MMUQ":{"chainKey":{"counter":0,"key":"YPCZusK3EUnS0Yd7T+QmZRC2MEnj7Nd+6AhxB7/m8VI="},"chainType":1,"messageKeys":{}}},"pendingPreKey":{"signedKeyId":1,"baseKey":"BT8dqvfnDNC7U6NdBNghJkd7x2jqP+9f/CJ7QHyd8Lwq"}}},"version":"v1"}