{"_sessions":{"BYyHYgax3U/92MNmb/O8J/XLUn8+EbNC5TFz7Ss7viUE":{"registrationId":554183554,"currentRatchet":{"ephemeralKeyPair":{"pubKey":"BWjJFn2zRLg2Y9Wfnq3X753T8AvzH7J4sIZAF8B9l88p","privKey":"cFVJ980FXa1QwWHZlLA6+ZXv/YL/yTlP2SmPuwnMk20="},"lastRemoteEphemeralKey":"BXP1Tqq55HF+jDTvRMCIw+9m+u5OVjRwRDFO0smJwJYI","previousCounter":0,"rootKey":"Iwr0W9l/w7RPYNuOY9faw7Z5IJu5qVDkpMNCqu0wQ5o="},"indexInfo":{"baseKey":"BYyHYgax3U/92MNmb/O8J/XLUn8+EbNC5TFz7Ss7viUE","baseKeyType":1,"closed":-1,"used":1737102401281,"created":1737102401281,"remoteIdentityKey":"Bc39pSAyxjZCXbZI+EiB82vcRRyaFzMYiJqN/AYJV7EC"},"_chains":{"BWjJFn2zRLg2Y9Wfnq3X753T8AvzH7J4sIZAF8B9l88p":{"chainKey":{"counter":0,"key":"Kbqfbbckb2A4GMb1ymCoZv31wZRsjm3bYvF3SsmYwrw="},"chainType":1,"messageKeys":{}}},"pendingPreKey":{"signedKeyId":0,"baseKey":"BYyHYgax3U/92MNmb/O8J/XLUn8+EbNC5TFz7Ss7viUE","preKeyId":10898664}}},"version":"v1"}