{"_sessions":{"BcjrkD+t9X/x4z59XYXrj58wORgF8YOi6ZAWKhYn0eM/":{"registrationId":134160175,"currentRatchet":{"ephemeralKeyPair":{"pubKey":"BR0zj66gpWM51BQH/XXuUD3ZryX9ub8gqv12NpUEGeoi","privKey":"yIjfj1kWu+x1RzaddqPnc0Q8+PaxJOv1r7YAXgpfrn8="},"lastRemoteEphemeralKey":"BQ2NHfkYQiMdLuPMWMO/Sa6gktKXFo6WkgFX8WdI+/oK","previousCounter":0,"rootKey":"JYBAbo/dzuq3QRcYtwP+sce642DXcle6ZbJfKNpnXws="},"indexInfo":{"baseKey":"BcjrkD+t9X/x4z59XYXrj58wORgF8YOi6ZAWKhYn0eM/","baseKeyType":1,"closed":-1,"used":1737102401372,"created":1737102401372,"remoteIdentityKey":"BaKwIZCBgef4ts5WKbgz4aGNMQYb7f1/Or/eU7vD+5QJ"},"_chains":{"BR0zj66gpWM51BQH/XXuUD3ZryX9ub8gqv12NpUEGeoi":{"chainKey":{"counter":0,"key":"xR/bqLGpFxRB7MPfcBGu55xh2VfRVXBIIHLZXFd1qlU="},"chainType":1,"messageKeys":{}}},"pendingPreKey":{"signedKeyId":4,"baseKey":"BcjrkD+t9X/x4z59XYXrj58wORgF8YOi6ZAWKhYn0eM/","preKeyId":7960454}}},"version":"v1"}