{"_sessions":{"BXk3CzVfUXi4XvurH4/NmIQnfIkLqfBJkdY4mL1g8BQB":{"registrationId":1567015931,"currentRatchet":{"ephemeralKeyPair":{"pubKey":"BSXll/DIQyBvOGvyYWSv/dWo3Hw5O4g0qBAdlq8ssxN3","privKey":"yIwSIt6j8uUaVG0jOqVY1VhWERl6/z6sqGShZvgy00U="},"lastRemoteEphemeralKey":"BUL6lJwMcq0VhFcZ/K/bOpVILQcFesR8n39f7ZHkWSUb","previousCounter":0,"rootKey":"BBHzL1CowAuIdgTu9aFYnU1Co52dt/M0Du5pYMXxlLo="},"indexInfo":{"baseKey":"BXk3CzVfUXi4XvurH4/NmIQnfIkLqfBJkdY4mL1g8BQB","baseKeyType":1,"closed":-1,"used":1737102400624,"created":1737102400624,"remoteIdentityKey":"BaPQ0NCU8tG/hYwvxiAaEPOmFb5gWBXgMbKXEHnnkwsy"},"_chains":{"BSXll/DIQyBvOGvyYWSv/dWo3Hw5O4g0qBAdlq8ssxN3":{"chainKey":{"counter":0,"key":"W1Wf81XFmA+6gbhfVSoegoELGQcSP+TYwVHRMILkgZM="},"chainType":1,"messageKeys":{}}},"pendingPreKey":{"signedKeyId":6,"baseKey":"BXk3CzVfUXi4XvurH4/NmIQnfIkLqfBJkdY4mL1g8BQB"}}},"version":"v1"}