{"_sessions":{"BYJ1UU6E1YPYcO9A4HwnNp9T49hl+fIOd95Fl9WKdRJy":{"registrationId":1120308748,"currentRatchet":{"ephemeralKeyPair":{"pubKey":"BVi7hL0CVQaYdUt4eQ67qwZ/y/1ZRFggeq0KEku3DRVm","privKey":"aOEFLt4krdnsWjo43Gm4B/+k/rhwFwEkUOxRXrfoImI="},"lastRemoteEphemeralKey":"BTe//9s0wpJFcSf7U8H+3/pyO1deVpYaTocd3auFgXdA","previousCounter":0,"rootKey":"Bd3y1xAtuIe3VDt3UhfgPq/T1j7p6X+UpoukTCPu1q8="},"indexInfo":{"baseKey":"BYJ1UU6E1YPYcO9A4HwnNp9T49hl+fIOd95Fl9WKdRJy","baseKeyType":1,"closed":-1,"used":1737102399961,"created":1737102399961,"remoteIdentityKey":"BYKh6BuBHBCsT0kn2pvhWjpXTvRh+pJUzcRIqCtTtjRs"},"_chains":{"BVi7hL0CVQaYdUt4eQ67qwZ/y/1ZRFggeq0KEku3DRVm":{"chainKey":{"counter":0,"key":"gflr7N2KD76lOnx9Q4qD0yuZju26FuVrPQr94PTM0H0="},"chainType":1,"messageKeys":{}}},"pendingPreKey":{"signedKeyId":10,"baseKey":"BYJ1UU6E1YPYcO9A4HwnNp9T49hl+fIOd95Fl9WKdRJy"}}},"version":"v1"}