{"_sessions":{"BUXftp9ZG73nYUBP8AxVmtF1wk/OaZIVkhT7UFu6p+VX":{"registrationId":199428046,"currentRatchet":{"ephemeralKeyPair":{"pubKey":"BVCgysY3CmIVDJXJKToQlv6PU/D0Y1X9a0Uil2eJ2lBW","privKey":"CMfAjUrNywmbU/PZMxQ80mh4chczJnBYZuEv+Bo5V3I="},"lastRemoteEphemeralKey":"BdnBPj5tyzvpi0qpaFzfKyZEBKZztPud2gSxcd6CTP9e","previousCounter":0,"rootKey":"N5xZ1HJT5HMmlQFKnXyYGUNTzgbMxdlMm9DVyMKPRkI="},"indexInfo":{"baseKey":"BUXftp9ZG73nYUBP8AxVmtF1wk/OaZIVkhT7UFu6p+VX","baseKeyType":1,"closed":-1,"used":1737104171138,"created":1737104171138,"remoteIdentityKey":"BQb6Iz8b+D4bQv7nw+6She4wtYRpYhHYh2aegUgqbsR2"},"_chains":{"BVCgysY3CmIVDJXJKToQlv6PU/D0Y1X9a0Uil2eJ2lBW":{"chainKey":{"counter":0,"key":"FCcaKQenbscxyV1xeAGo7IFzEhgrD8RXIf5ld9Jm/Uo="},"chainType":1,"messageKeys":{}}},"pendingPreKey":{"signedKeyId":13,"baseKey":"BUXftp9ZG73nYUBP8AxVmtF1wk/OaZIVkhT7UFu6p+VX","preKeyId":9026949}}},"version":"v1"}