{"_sessions":{"Bag8aGioSWIogmtrVBUDZBCZyngJqjyf7YBT8ujGQf5a":{"registrationId":371931547,"currentRatchet":{"ephemeralKeyPair":{"pubKey":"BeFwVo9RrtWcrRVOwbGSkPE9ONq8n9BDB4ctTQGrx3th","privKey":"SB1oWpuarkK7d2IZzq2fwXIMJuTub9brVYkPNS355EM="},"lastRemoteEphemeralKey":"BSArmhSCNho4DSenVEHu3YY3Xq7hwnhrShRWjFwrScBh","previousCounter":0,"rootKey":"KnT2fellxfNQaX9pmpcOINRJEkd9+lezV1AHKnxBtsU="},"indexInfo":{"baseKey":"Bag8aGioSWIogmtrVBUDZBCZyngJqjyf7YBT8ujGQf5a","baseKeyType":1,"closed":-1,"used":1737102401440,"created":1737102401440,"remoteIdentityKey":"Bf09jvMrig7Cd0mtmj9QqAre5o4m+19cmIRtNVuNb3dj"},"_chains":{"BeFwVo9RrtWcrRVOwbGSkPE9ONq8n9BDB4ctTQGrx3th":{"chainKey":{"counter":0,"key":"Lv+e8gDTRMidP6OfNDA14vw8cnRhCqQ/z08EnnZeNVM="},"chainType":1,"messageKeys":{}}},"pendingPreKey":{"signedKeyId":2,"baseKey":"Bag8aGioSWIogmtrVBUDZBCZyngJqjyf7YBT8ujGQf5a","preKeyId":3280766}}},"version":"v1"}