{"_sessions":{"BQiELLxS4s0BYHe9AwYHirdVmufd0OS5m2irJ0SMz/9H":{"registrationId":340173013,"currentRatchet":{"ephemeralKeyPair":{"pubKey":"Bfz+ythEaLFYYyQLNb3/mPt7STsVDkFnv51Bj1pxH98m","privKey":"6JEvISANzS0KKcoXMkTBweAwJUv0No2vFm2nxgwj6XM="},"lastRemoteEphemeralKey":"BfZPVyxo2zYF5d+Ektmb9BvUCfYMCfQMMmP3M6BoAtUK","previousCounter":0,"rootKey":"cs47gkOqwEYW/+RsiG45/zit/83zQTay8FICW8GjWMw="},"indexInfo":{"baseKey":"BQiELLxS4s0BYHe9AwYHirdVmufd0OS5m2irJ0SMz/9H","baseKeyType":1,"closed":-1,"used":1737104171496,"created":1737104171496,"remoteIdentityKey":"BeWWlP8V7e32uoYjMrIAcSzJZ3eNC/NbUWnlGYxkYMtr"},"_chains":{"Bfz+ythEaLFYYyQLNb3/mPt7STsVDkFnv51Bj1pxH98m":{"chainKey":{"counter":0,"key":"YaNO45Ul2QJrSUkK2CAQICXnKDF6tj+w21xc1RS7V5Q="},"chainType":1,"messageKeys":{}}},"pendingPreKey":{"signedKeyId":0,"baseKey":"BQiELLxS4s0BYHe9AwYHirdVmufd0OS5m2irJ0SMz/9H","preKeyId":3937777}}},"version":"v1"}