{"_sessions":{"BeWE6Z4ZSJ+M9Olwu95785mvJcaULEmZR1HNApWTg3EE":{"registrationId":1447268829,"currentRatchet":{"ephemeralKeyPair":{"pubKey":"BVKrwhGeMK4pVtNpZQuqIxP/KDwIMMSlq1FSYXBnqOVO","privKey":"IBzjbeW8cJOOTtMrBMVwGE+Mi/gnlnC9R6Ghp/LFMkk="},"lastRemoteEphemeralKey":"BV4aqT6F6PPv4J3JBNzKvW3mVwdmkfQ1qgy0zdCUHzFO","previousCounter":0,"rootKey":"1O44l7hJ2MMuHd8YVaBVvPqWYiR6aSVgqw6dCUSGu1s="},"indexInfo":{"baseKey":"BeWE6Z4ZSJ+M9Olwu95785mvJcaULEmZR1HNApWTg3EE","baseKeyType":1,"closed":-1,"used":1737102400585,"created":1737102400585,"remoteIdentityKey":"BQnJUE9+2eqbtGKvUsnEcqTphxxPZliQjgG4J5HIdLVR"},"_chains":{"BVKrwhGeMK4pVtNpZQuqIxP/KDwIMMSlq1FSYXBnqOVO":{"chainKey":{"counter":0,"key":"Wi6djRvUkL9BhI3Gg6YU+PNsaDPX6G0jLcXJJ09aI+w="},"chainType":1,"messageKeys":{}}},"pendingPreKey":{"signedKeyId":0,"baseKey":"BeWE6Z4ZSJ+M9Olwu95785mvJcaULEmZR1HNApWTg3EE"}}},"version":"v1"}