{"_sessions":{"BfV3nLk2iuMImm6eWJ+p/qYJfwzPU1binojuToFjXt96":{"registrationId":231504968,"currentRatchet":{"ephemeralKeyPair":{"pubKey":"BRjGyn5+8woKHfh8W++QSEgzxA/EVNf53mO2FcddkuhX","privKey":"mLO+4rtaNQv8vqllNSQx4KGXXC1jBVlNPOCFMgMBR1Y="},"lastRemoteEphemeralKey":"BUZykFouU+WpfgkccPfr+IkKQOxHZ0TkL926puX38LsF","previousCounter":0,"rootKey":"2Sq9CPxkFfTcU8VU3snP6BL4+JXjSB0QTq7nP8LRwZs="},"indexInfo":{"baseKey":"BfV3nLk2iuMImm6eWJ+p/qYJfwzPU1binojuToFjXt96","baseKeyType":1,"closed":-1,"used":1737104171611,"created":1737104171611,"remoteIdentityKey":"BcJf/f8lP0xbmhf4vVQKj6u5moKbaA51H8tlc/FRu/4/"},"_chains":{"BRjGyn5+8woKHfh8W++QSEgzxA/EVNf53mO2FcddkuhX":{"chainKey":{"counter":0,"key":"TRjgy4bLkDTjYaUf6Q6fkwtpvEn3IW+R2phm8jBNnDg="},"chainType":1,"messageKeys":{}}},"pendingPreKey":{"signedKeyId":0,"baseKey":"BfV3nLk2iuMImm6eWJ+p/qYJfwzPU1binojuToFjXt96","preKeyId":6214319}}},"version":"v1"}