{"_sessions":{"BfR96/33+Cwj67nUcInqUJt6o8OXnn19hlcAloDS+xEO":{"registrationId":1210271492,"currentRatchet":{"ephemeralKeyPair":{"pubKey":"BelpSFFAQ7fYUNfOrCE5JlXSsKsSyGu8K1aQf/PwHhcY","privKey":"EIw+TEZCmHkuBt8LdKE2Gwf+nEEDqWcZcsTqJGwpfXk="},"lastRemoteEphemeralKey":"BdJfCBgXciPtdqartHCyKPsWuhvantuY2Q6L1koDUDw7","previousCounter":0,"rootKey":"QeYgnCFxf5WeX2trICiu+0IwXkcmuTuzXqCUQ5TjHbE="},"indexInfo":{"baseKey":"BfR96/33+Cwj67nUcInqUJt6o8OXnn19hlcAloDS+xEO","baseKeyType":1,"closed":-1,"used":1737102401265,"created":1737102401265,"remoteIdentityKey":"BcvSeR/9h9DXxBGV2uve07Ev/+DkDzPm0a+cXpz59Uc0"},"_chains":{"BelpSFFAQ7fYUNfOrCE5JlXSsKsSyGu8K1aQf/PwHhcY":{"chainKey":{"counter":0,"key":"tMwJD7+bjXUp5j6MLE2PbAYR7oh4ywYkFAa/UFEnEi8="},"chainType":1,"messageKeys":{}}},"pendingPreKey":{"signedKeyId":1,"baseKey":"BfR96/33+Cwj67nUcInqUJt6o8OXnn19hlcAloDS+xEO"}}},"version":"v1"}