{"_sessions":{"Bf+7beKPj4GaZO4t9Kpe9qNCZsYiBsiVwvbbVeFBPqlr":{"registrationId":1470955783,"currentRatchet":{"ephemeralKeyPair":{"pubKey":"BVmRbRK6FGwrYhnA2Xmcm3dQwGx28gDX/77SQqQm9cBj","privKey":"6CV8ptyu/ppd7m+dKep9ysbkM/3itbmsbIjXQ0GOT3A="},"lastRemoteEphemeralKey":"Bblf61gYBZlW/5BPlL9KO0aHvKyy2xd3mmYDi6eMT6Rj","previousCounter":0,"rootKey":"yacW8UZzPzhXLhbfKpXhs/witi9EDRq2ovXa722TVko="},"indexInfo":{"baseKey":"Bf+7beKPj4GaZO4t9Kpe9qNCZsYiBsiVwvbbVeFBPqlr","baseKeyType":1,"closed":-1,"used":1737104171653,"created":1737104171653,"remoteIdentityKey":"BbgHspZooJZN2O2msVzm9l35WkwUBygHrU9Z05IkJhFt"},"_chains":{"BVmRbRK6FGwrYhnA2Xmcm3dQwGx28gDX/77SQqQm9cBj":{"chainKey":{"counter":0,"key":"cVcspytr/y6hNCCb0U+vUuCNwdJM0l0+B5tmKUyr+ZE="},"chainType":1,"messageKeys":{}}},"pendingPreKey":{"signedKeyId":1,"baseKey":"Bf+7beKPj4GaZO4t9Kpe9qNCZsYiBsiVwvbbVeFBPqlr","preKeyId":15866383}}},"version":"v1"}