{"_sessions":{"Bcm9XkdLO29waaOuAGhxc5mzPbBCXFj4nHHg9JYzgpw/":{"registrationId":1827351600,"currentRatchet":{"ephemeralKeyPair":{"pubKey":"BQa9+XH4obajbeWFn35tfGm7Un/qcI0qqYzTh4pU9Yxk","privKey":"wMfmwWBCCWFybPI2xoLm8veKdeCdUD4ine40r3NNx3U="},"lastRemoteEphemeralKey":"BTdrZII/fPvg5IZZJFv3cZ0aXZMGrICpCnPoUGPcGb0f","previousCounter":1,"rootKey":"h67z4D01MmYjr05kQVdzLwULi6QdVmVC6UwXLFTsIqI="},"indexInfo":{"baseKey":"Bcm9XkdLO29waaOuAGhxc5mzPbBCXFj4nHHg9JYzgpw/","baseKeyType":2,"closed":-1,"used":1737106753154,"created":1737099424347,"remoteIdentityKey":"BRCAnNqfXlmufDEeFKCjslNrtC5meVsd9FvBfkFjzA5i"},"_chains":{"BWRn5iOotUEvyXpQ1GsyAD2L2w0+yo8Bj+5dgqHIX69p":{"chainKey":{"counter":7},"chainType":2,"messageKeys":{}},"BcxWqu4oSrxKy0nKRE2lqk+bKFNcknsseimLfTZ46FF/":{"chainKey":{"counter":0},"chainType":2,"messageKeys":{}},"BTa/4GkZaw1dcaAXPfok/NyKM+kQFH66m0CsIOv/p4Mh":{"chainKey":{"counter":0},"chainType":2,"messageKeys":{}},"BexqsMSX2hTmecY1VtTTGoIhIaOpH/8TbecAA1KLX54c":{"chainKey":{"counter":0},"chainType":2,"messageKeys":{}},"Bf7bVThG/jeTrVscfGLJfAjiXIDReHPbNvNy87+7J+ES":{"chainKey":{"counter":0},"chainType":2,"messageKeys":{}},"BUOADcQQTO+LgQDmAPKhk8ZI+S8q5amhHGbN1Jqgx2sc":{"chainKey":{"counter":4},"chainType":2,"messageKeys":{}},"BQOTdbZQuZZX6f03GJ7msu1fVwz/tjS1HF2XX2bIINIO":{"chainKey":{"counter":1},"chainType":2,"messageKeys":{}},"BStK8eqnRFoawOzylW5dzIVt7HyOtAnwSxd8I3JP0D8E":{"chainKey":{"counter":1},"chainType":2,"messageKeys":{}},"BaSBFiVnpLFsR4T522LaCntFP8zO7dQJi7knwfS/Tcth":{"chainKey":{"counter":2},"chainType":2,"messageKeys":{}},"BQfAkCVh1S3bn1K88tbmSd/opXr/78s9YT0JPVxgba5/":{"chainKey":{"counter":0},"chainType":2,"messageKeys":{}},"BZowrET/2Z83H/amF2yZ5qkUOc3S5IJMaF7JZksNrVcH":{"chainKey":{"counter":0},"chainType":2,"messageKeys":{}},"BcDqxWQ37neF6z8eyuxWpiYmVqOEGHsJj32L7bkhF+gL":{"chainKey":{"counter":0},"chainType":2,"messageKeys":{}},"Bez8+S+Nedr8HwWC9KsUTFdK5dmRLvUcnv5ybmGcIAMG":{"chainKey":{"counter":0},"chainType":2,"messageKeys":{}},"BUr2yTk4/sF1dST0Dk3AeupY1GpBtdfHgeEGEVTO7mkw":{"chainKey":{"counter":1},"chainType":2,"messageKeys":{}},"BRfaPThaRwME2z+SHn43ITmcBHXDpz6eKBliA5ChOtkk":{"chainKey":{"counter":1},"chainType":2,"messageKeys":{}},"BUS4rGVftIZAp3VNjR+RRwzx9knCLFCn0XiD65b22m9j":{"chainKey":{"counter":0},"chainType":2,"messageKeys":{}},"BTWCGuaapfAQYv+BTpiP2aPiEujVV7mm2gGlkMo9qlYi":{"chainKey":{"counter":1},"chainType":2,"messageKeys":{}},"BbMkShJNKVm8UIEoIavGGCbkv/DtmePjFR4rdsPbzrcM":{"chainKey":{"counter":0},"chainType":2,"messageKeys":{}},"BRZJcPkwM8/wa0bqMtvDowndJXbjpG0ruzKaE20zOSVf":{"chainKey":{"counter":0},"chainType":2,"messageKeys":{}},"BeS54JkZnCXHDGYxM80M+A+BoeVyhoXBXSavYxxyTONP":{"chainKey":{"counter":0},"chainType":2,"messageKeys":{}},"Bah4U3mei8TTDo7OK4X6AxJgiT8Rl66KOFLlrR22/C8t":{"chainKey":{"counter":0},"chainType":2,"messageKeys":{}},"BYbf8/W8xD9DPvKG30bvw9XMsebYnW2A25zp/DYmUMgu":{"chainKey":{"counter":2},"chainType":2,"messageKeys":{}},"BS0xgcziW/RXQI5q2kNs9ZmQzDq89kl3RGCBejHbtkcJ":{"chainKey":{"counter":1},"chainType":2,"messageKeys":{}},"BaG8/U+6QPoLcma8CIbxPHx+3MDJtoGjNth6ko+kOQlA":{"chainKey":{"counter":0},"chainType":2,"messageKeys":{}},"BRHbtJArr6K4Y+ZPm71Xj1KMLooACXISxdYy4mbg+rwl":{"chainKey":{"counter":2},"chainType":2,"messageKeys":{}},"BfNIRQm8g8lyPjQsQ5GbLxYWDEAbbkuyPBXzKmXKJolp":{"chainKey":{"counter":1},"chainType":2,"messageKeys":{}},"BY3qL0itlhKn+GweAtb9Er6C9LNFbFRnJmPNRMfqUR1c":{"chainKey":{"counter":0},"chainType":2,"messageKeys":{}},"BVAynNlt2uNhE8vk25c8qsTyDfYcALIrrluV2ZYEr7tB":{"chainKey":{"counter":0},"chainType":2,"messageKeys":{}},"BRrg0UGj0FJttmfs+pap4czdNAwwMKiAtPjFWvPGxfkt":{"chainKey":{"counter":0},"chainType":2,"messageKeys":{}},"BUZiH2GNiYgkz2sGLhTOswMrCwvwnSOo4+BV/izdF4xc":{"chainKey":{"counter":1},"chainType":2,"messageKeys":{}},"Bf+diZ8itXlXlxwC4pmItMV9no9efmuq4h0PbDjBE/Ij":{"chainKey":{"counter":0},"chainType":2,"messageKeys":{}},"Be3ei24YAPgLPFJF5zLtmdkcyhtT8kS/akmk95i9cxwj":{"chainKey":{"counter":0},"chainType":2,"messageKeys":{}},"BUoFH/zpzbhZniZ6yFz9AuuD3JoWbU1p2vpr63xOLc0c":{"chainKey":{"counter":0},"chainType":2,"messageKeys":{}},"BWq3dfzLXJLgQT1f8LakCPPWHmOlGb85Jzy/51M94pNe":{"chainKey":{"counter":0},"chainType":2,"messageKeys":{}},"BbMm6I12CSpdJhuJ3IwOA8bV3y/SGwF5XY3IV9lIvuhv":{"chainKey":{"counter":0},"chainType":2,"messageKeys":{}},"BQ/+eZYnLpoQKs40sZuWiqdPlx1IgOdZHZ6+ocS6v0pe":{"chainKey":{"counter":0},"chainType":2,"messageKeys":{}},"BYUEwr4A7c4fuhJFKWU6ugLrRsoiJ7fJpyFAstznWq43":{"chainKey":{"counter":0},"chainType":2,"messageKeys":{}},"BT8Qhp+h1la7vuzx3hFd9wdQTT0WBPYGZEv1oPi20a0a":{"chainKey":{"counter":0},"chainType":2,"messageKeys":{}},"BWx+ORVIcNcfJDIm36CI+NOOa80SsIaHx8+uDIJvR/Eq":{"chainKey":{"counter":1},"chainType":2,"messageKeys":{}},"BRbEQmvHrEPYI6Gf9ZRXT+EuD9Rniu4/3yGASX9zq2oi":{"chainKey":{"counter":0},"chainType":2,"messageKeys":{}},"BZaYhKlbf3v0MjnqOr7C3gb8tQYcMyenxVXbS6FU9fEd":{"chainKey":{"counter":0},"chainType":2,"messageKeys":{}},"Bd+qryM0fPt4oGzw77VdMhRf2nfiIvBRQe8p47S/VVQx":{"chainKey":{"counter":0},"chainType":2,"messageKeys":{}},"BXPlTV2tIft7Cx0GfENc7FgoIYCmqtRrpPb8GMh4/1MO":{"chainKey":{"counter":0},"chainType":2,"messageKeys":{}},"BRq5QFsbXVvYarFBNNZH443njYC7gfTHjXVtKTrUUqc4":{"chainKey":{"counter":0},"chainType":2,"messageKeys":{}},"Bas1lzYXw8Gxu8NBTu2gyzsyFYxk+XBfuFuWmobEGsw9":{"chainKey":{"counter":1},"chainType":2,"messageKeys":{}},"BX9sqYTRkI7H+HZKTqpO8yql0pgwlGiwAX3QNIw9bB9w":{"chainKey":{"counter":0},"chainType":2,"messageKeys":{}},"BX2jkEadXpX9j6y92qmEMdhCbh004n3eiCJD642/iNFy":{"chainKey":{"counter":1},"chainType":2,"messageKeys":{}},"BXhKOh+xEPBvKggdHaD5zHIWjDOafmjq1KzlKcD7bNNH":{"chainKey":{"counter":0},"chainType":2,"messageKeys":{}},"BV14SvhTkexbCJ1xeyafC8BGywfLyIEkYvSCfivQrp8e":{"chainKey":{"counter":0},"chainType":2,"messageKeys":{}},"BTdrZII/fPvg5IZZJFv3cZ0aXZMGrICpCnPoUGPcGb0f":{"chainKey":{"counter":1,"key":"ix3gG8+lxUxnzmU5np/DSDarrh0w52L4J98n+47X6o0="},"chainType":2,"messageKeys":{}},"BQa9+XH4obajbeWFn35tfGm7Un/qcI0qqYzTh4pU9Yxk":{"chainKey":{"counter":1,"key":"daQe8PGaIvDYlyK801E5lgVEHVImdyjA3WnyPDRugF4="},"chainType":1,"messageKeys":{}}}}},"version":"v1"}