{"_sessions":{"BYRypIz7iGQ3xbG48wQ6/altBEYfHLKWuh4VmbrgZnhm":{"registrationId":857610177,"currentRatchet":{"ephemeralKeyPair":{"pubKey":"Beu/zL8mnVCvZTsvm7j3nl+4ma7nfCOkaIyuTykkPcpb","privKey":"ePSjp3RU2yZfHEP6WcNt9CKQwDyTQ5MV4238PFpPJn4="},"lastRemoteEphemeralKey":"BT+AqX3Z5fCYci4IvcuONOvpTL2EtiTarvcBhMHbh9ZR","previousCounter":0,"rootKey":"GgGRd9Z8Gume6+Vzh4DXa1tCf2sih08Z4ZmU6AJLGok="},"indexInfo":{"baseKey":"BYRypIz7iGQ3xbG48wQ6/altBEYfHLKWuh4VmbrgZnhm","baseKeyType":1,"closed":-1,"used":1737102399384,"created":1737102399384,"remoteIdentityKey":"Bfqzi8k7WTzLK0KEsDgQOn0Ds3tAsmdwrFXuihGyhMB/"},"_chains":{"Beu/zL8mnVCvZTsvm7j3nl+4ma7nfCOkaIyuTykkPcpb":{"chainKey":{"counter":0,"key":"UozmTMzJcRHnrCyjgsh4DNWdcSPFQvyUlRfhokWfSuU="},"chainType":1,"messageKeys":{}}},"pendingPreKey":{"signedKeyId":1,"baseKey":"BYRypIz7iGQ3xbG48wQ6/altBEYfHLKWuh4VmbrgZnhm","preKeyId":6817141}}},"version":"v1"}