{"_sessions":{"BQftSHXs1+v2qUdGiNISezeqUBLfXcnRExyKHnPkRuhP":{"registrationId":1384646670,"currentRatchet":{"ephemeralKeyPair":{"pubKey":"BYJhskcnfcqawjTiMS+9c8qlQ9/IQm5zIXZvnEaJCT0G","privKey":"2AjylxyeCZECAR/Nzt+grK5cFxFa1nBIIN8U/9qTLWc="},"lastRemoteEphemeralKey":"BTQBCuCpId3976VL2oTbwbTAUbcq4HVdtbR7P+ElMg0a","previousCounter":0,"rootKey":"nKVXSkTvrXDKBXJkphJK6mRsVl0EcGMLbP5tCA/98Ac="},"indexInfo":{"baseKey":"BQftSHXs1+v2qUdGiNISezeqUBLfXcnRExyKHnPkRuhP","baseKeyType":1,"closed":-1,"used":1737102401053,"created":1737102401053,"remoteIdentityKey":"BXKDkjUm/z0gfNdlG/6kpKdVSIOSQzGobVX9HqeWZe0F"},"_chains":{"BYJhskcnfcqawjTiMS+9c8qlQ9/IQm5zIXZvnEaJCT0G":{"chainKey":{"counter":0,"key":"rjxZ0PoyCt8KtsnNy7wymb3Qm/kf2+qWNJeAczjQfoU="},"chainType":1,"messageKeys":{}}},"pendingPreKey":{"signedKeyId":15,"baseKey":"BQftSHXs1+v2qUdGiNISezeqUBLfXcnRExyKHnPkRuhP","preKeyId":584367}}},"version":"v1"}