{"_sessions":{"BdiX3l8PnlEgr7lWzhesdlNwdcOMA6p0o8keJsgLhXAY":{"registrationId":992862188,"currentRatchet":{"ephemeralKeyPair":{"pubKey":"BX53p0Qt6PmzxGg33YSny+NhoYb/q4hQVINGj1gd9LoW","privKey":"4LFoZj5D7BH92WOBHFnCBP6lGp9a+oF7O/1XuN/S33Q="},"lastRemoteEphemeralKey":"BURmdH4OfbEbzQtKfxDoSZc5OX1ygLTquZves2jrFW9V","previousCounter":0,"rootKey":"hubSelM8167Ygkzy5YP0cRs/zlHuCAcVkyEtJMhO69Y="},"indexInfo":{"baseKey":"BdiX3l8PnlEgr7lWzhesdlNwdcOMA6p0o8keJsgLhXAY","baseKeyType":1,"closed":-1,"used":1737102399378,"created":1737102399378,"remoteIdentityKey":"BQYVpYUnpZ0JlZ9bF6wOIZuYewvhWnmwUSqf74PxnrU/"},"_chains":{"BX53p0Qt6PmzxGg33YSny+NhoYb/q4hQVINGj1gd9LoW":{"chainKey":{"counter":0,"key":"sWKJ3lpVIufKy48WhEkGPugvXw1P/KF3e2+tE5KpWII="},"chainType":1,"messageKeys":{}}},"pendingPreKey":{"signedKeyId":1,"baseKey":"BdiX3l8PnlEgr7lWzhesdlNwdcOMA6p0o8keJsgLhXAY","preKeyId":9945516}}},"version":"v1"}