{"_sessions":{"BT65mRAicNmTXP9npP1UO/IRgn8Kblw86//iypyiA3QB":{"registrationId":1732641239,"currentRatchet":{"ephemeralKeyPair":{"pubKey":"BcZ8MoRyVd/vzve0PTfSHL3reH9DAh1ZhJCw2e4qzU5K","privKey":"AKOPFPy/EP4nThxDAt+R5KM6mdmT/guy+ECn38wtJX4="},"lastRemoteEphemeralKey":"Bd4991Yt/2qsZ96RkXO4kU6LbMU2KKyU0Y/nOrSGKc4i","previousCounter":0,"rootKey":"woEkDPigiqYfHzztRMiAmR3sxBu8dvfQFmT/h8odIzk="},"indexInfo":{"baseKey":"BT65mRAicNmTXP9npP1UO/IRgn8Kblw86//iypyiA3QB","baseKeyType":1,"closed":-1,"used":1737102401600,"created":1737102401600,"remoteIdentityKey":"Bb0RVydqgHl/G/hAT9+yzGJwskkvhLdACY+2daId2Sgm"},"_chains":{"BcZ8MoRyVd/vzve0PTfSHL3reH9DAh1ZhJCw2e4qzU5K":{"chainKey":{"counter":0,"key":"BunRCfYAdN7grHKNjan4i4Hi4r6pxs8saHIzRr+kFZE="},"chainType":1,"messageKeys":{}}},"pendingPreKey":{"signedKeyId":1,"baseKey":"BT65mRAicNmTXP9npP1UO/IRgn8Kblw86//iypyiA3QB","preKeyId":52153}}},"version":"v1"}