{"_sessions":{"BQscg7YQZQ2sMe1KvRiILQuGw7FmzY6hJ6KHYCWjdzMK":{"registrationId":403709026,"currentRatchet":{"ephemeralKeyPair":{"pubKey":"BdE0W1pwS/i5Khh1aX87Sxyi4OVaB/m7/xwy0y2+D94z","privKey":"kNbmEOZqutHDCCIbFr0Td7SRjDgZ5JvzW2+Co+oKz1g="},"lastRemoteEphemeralKey":"BR3dRi6OHyhP7CktxWljttauU/lL+GGlAlsxXyjpPfxe","previousCounter":0,"rootKey":"pgsFo/SdkwDJuvSWnpY6cgsy43ucTz723mVg8o9NPHE="},"indexInfo":{"baseKey":"BQscg7YQZQ2sMe1KvRiILQuGw7FmzY6hJ6KHYCWjdzMK","baseKeyType":1,"closed":-1,"used":1737102401560,"created":1737102401560,"remoteIdentityKey":"BZJcy0SowMHa1Yj93ke4tIe8u/E7yzu7437qmZX+fL9D"},"_chains":{"BdE0W1pwS/i5Khh1aX87Sxyi4OVaB/m7/xwy0y2+D94z":{"chainKey":{"counter":0,"key":"CTnFhHUUBmvIDGha96g40K1nzPvj9DZJO8BR5e1qMT4="},"chainType":1,"messageKeys":{}}},"pendingPreKey":{"signedKeyId":0,"baseKey":"BQscg7YQZQ2sMe1KvRiILQuGw7FmzY6hJ6KHYCWjdzMK","preKeyId":15574043}}},"version":"v1"}