{"_sessions":{"BVztDSAYR4A2BcCTv+do0y+28benXHDIj5CtDx0fnw44":{"registrationId":1232309856,"currentRatchet":{"ephemeralKeyPair":{"pubKey":"BZpzYvl/UE03gInbtvSfcBaad6YEvuZJVfkXUjMAas1G","privKey":"QIZ2exUlIkBCrwEcYy9Z6VD5gEjPukFKj8rG32GlzXM="},"lastRemoteEphemeralKey":"BUkhpbdlevpO1nSlHchfG+AxjK4L7GyPtJYtNGd2bidZ","previousCounter":0,"rootKey":"rQ9VdtjbtqF0AXg2FaG3S3jOyntx3xsZ+xqwYIv75jc="},"indexInfo":{"baseKey":"BVztDSAYR4A2BcCTv+do0y+28benXHDIj5CtDx0fnw44","baseKeyType":1,"closed":-1,"used":1737102401302,"created":1737102401302,"remoteIdentityKey":"Bb0jdzy+Fa2SDKGud80TKg6TcWpvtOnqPekCq09P0KlC"},"_chains":{"BZpzYvl/UE03gInbtvSfcBaad6YEvuZJVfkXUjMAas1G":{"chainKey":{"counter":0,"key":"jQQALDpTRDkAxqhVK9d/2MwuxqzSJM+X6H0bPD3S2AA="},"chainType":1,"messageKeys":{}}},"pendingPreKey":{"signedKeyId":3,"baseKey":"BVztDSAYR4A2BcCTv+do0y+28benXHDIj5CtDx0fnw44"}}},"version":"v1"}