{"_sessions":{"BQKISxplD3Y8owHrKXzELCV15DqJ1BDcx9Nx/TOGon51":{"registrationId":133305160,"currentRatchet":{"ephemeralKeyPair":{"pubKey":"BRFJMuOpiGAHzI6PrkEFuEz9dAbTbbTYTqhnt5o0DItR","privKey":"IMefZzjRhYUi6DPtO2xa6RVeAi13puIChrfM7lO2kVs="},"lastRemoteEphemeralKey":"BQ+S0roD27N2VtW7lEu1BXXs5vLLG4pz6V1QEeIVG0kx","previousCounter":0,"rootKey":"jYgHYT+Nnq+TGkBOBpaBzSvW5QE2vYkktFhApNFEDAI="},"indexInfo":{"baseKey":"BQKISxplD3Y8owHrKXzELCV15DqJ1BDcx9Nx/TOGon51","baseKeyType":1,"closed":-1,"used":1737102401316,"created":1737102401316,"remoteIdentityKey":"BRuMsZimJw28BtZpLYluaOC008tGncNdHOf67/A2f8cG"},"_chains":{"BRFJMuOpiGAHzI6PrkEFuEz9dAbTbbTYTqhnt5o0DItR":{"chainKey":{"counter":0,"key":"nklENpxbLkGseyRzzd2lMXmDuO7KkrHrlgJT1m95mC8="},"chainType":1,"messageKeys":{}}},"pendingPreKey":{"signedKeyId":2,"baseKey":"BQKISxplD3Y8owHrKXzELCV15DqJ1BDcx9Nx/TOGon51"}}},"version":"v1"}