{"_sessions":{"BecmKkqjv/LKYepY5oARQ/HHUOSYTIAe1Ad4hdc8KFJp":{"registrationId":898697508,"currentRatchet":{"ephemeralKeyPair":{"pubKey":"BcqsnXyFW4NbUgcUZ/ScQosWDu6tsPS/ttEP6HU2X05H","privKey":"8MgOhXijNxcxIAu/0uZ8MpBuRg+OeCxyd0/YvVMB3Vw="},"lastRemoteEphemeralKey":"BX2pO1v6WFzow7niQ/ySGpuAPpop/Oi27QxJaPnNYSsQ","previousCounter":0,"rootKey":"wLCxdQro4a8hkgZ+CzdXOvMWkT/utIfqRuD+PnVQksM="},"indexInfo":{"baseKey":"BecmKkqjv/LKYepY5oARQ/HHUOSYTIAe1Ad4hdc8KFJp","baseKeyType":1,"closed":-1,"used":1737102400441,"created":1737102400441,"remoteIdentityKey":"BS1I/rw1mcYHhIwy4+2itsZs9hbgc/0+4DOHcF0ppfBv"},"_chains":{"BcqsnXyFW4NbUgcUZ/ScQosWDu6tsPS/ttEP6HU2X05H":{"chainKey":{"counter":0,"key":"BObPI/3wvE5sRVn+ShnNbAtj+b3DkBXz6mGOnPGAZ/w="},"chainType":1,"messageKeys":{}}},"pendingPreKey":{"signedKeyId":9,"baseKey":"BecmKkqjv/LKYepY5oARQ/HHUOSYTIAe1Ad4hdc8KFJp","preKeyId":1721180}}},"version":"v1"}