{"_sessions":{"BZDyhg2OuRZd8Lt6FldrYH3BqAYFTelj0hXS5HZoZl15":{"registrationId":1062913797,"currentRatchet":{"ephemeralKeyPair":{"pubKey":"Bee+Bl8Ky6+D4v0XN6i7Iz95lewcRxjyKMca1cGidfsb","privKey":"YHtkQtHYY8x8+rIYqpcOyCJ6ghaoSbEhceCLVZuMQm8="},"lastRemoteEphemeralKey":"BQgc0lgEe/sF0gLG4gHzht52giSb8O+Fiusm9glyb0NT","previousCounter":0,"rootKey":"HRC0M4LaIZDAq8FsGneZ0uTPYu1lfj+cTJJvshAGWGg="},"indexInfo":{"baseKey":"BZDyhg2OuRZd8Lt6FldrYH3BqAYFTelj0hXS5HZoZl15","baseKeyType":1,"closed":-1,"used":1737102399407,"created":1737102399407,"remoteIdentityKey":"BRI0zvC3bx5KyaExrz1DIkNgQ3UtM1bRl9L+8j1NY0lc"},"_chains":{"Bee+Bl8Ky6+D4v0XN6i7Iz95lewcRxjyKMca1cGidfsb":{"chainKey":{"counter":0,"key":"tVHlHaVXLSm+RywcP9N89SlyeNRTnLUrbcNCzK01oXM="},"chainType":1,"messageKeys":{}}},"pendingPreKey":{"signedKeyId":2,"baseKey":"BZDyhg2OuRZd8Lt6FldrYH3BqAYFTelj0hXS5HZoZl15","preKeyId":16663437}}},"version":"v1"}