{"_sessions":{"BVYulDBA/cYlgbqzxHPaHMqETJgohluByHIigDn0ixJ+":{"registrationId":83625722,"currentRatchet":{"ephemeralKeyPair":{"pubKey":"BfpezJUPWyqX6Ok17r4KlzLqyHbyy9ED0wFiVMJwSh1E","privKey":"0HccPtctA2vI4s5MpJOfzHf+9aVVf192fmD73/0ukF8="},"lastRemoteEphemeralKey":"BakdVgd3Q0Hy8RK3UwX74QiXNBSLV09vSR3oFN4lirYU","previousCounter":0,"rootKey":"mWJSur+QsCtMixVi28fre40kYcBWcFlJO7QC4638Kxo="},"indexInfo":{"baseKey":"BVYulDBA/cYlgbqzxHPaHMqETJgohluByHIigDn0ixJ+","baseKeyType":1,"closed":-1,"used":1737102401464,"created":1737102401464,"remoteIdentityKey":"BUkNiymJGsmHH7Ap+kZPAwxnUsmUFVQr8q9RpsJgv91a"},"_chains":{"BfpezJUPWyqX6Ok17r4KlzLqyHbyy9ED0wFiVMJwSh1E":{"chainKey":{"counter":0,"key":"avyAwB1+H1JawwGNyqDec1t1izzf+TLToXRS4x1z3wo="},"chainType":1,"messageKeys":{}}},"pendingPreKey":{"signedKeyId":1,"baseKey":"BVYulDBA/cYlgbqzxHPaHMqETJgohluByHIigDn0ixJ+","preKeyId":10253572}}},"version":"v1"}