{"_sessions":{"BTcBDkq9G0PrV1O67ka4ZsUI0D4F1COOdGYPFJAG24tZ":{"registrationId":580747372,"currentRatchet":{"ephemeralKeyPair":{"pubKey":"BUOazPPEPuoiF9Mf4Hgw4Fj8/S7131j1rZkkIm+VBkRg","privKey":"2EfI9sG1FAfmyDgJq3ac/Ydexo+X0HK8s+TAZ6MJSHU="},"lastRemoteEphemeralKey":"BZsmnZKch6xrpJq52Pcb+oFkH2rXM9A52lk1WGVY3HV9","previousCounter":0,"rootKey":"vguMcgF+BkheTnoFUYVPdqxugJMeDx51cYFdxzI0I1Y="},"indexInfo":{"baseKey":"BTcBDkq9G0PrV1O67ka4ZsUI0D4F1COOdGYPFJAG24tZ","baseKeyType":1,"closed":-1,"used":1737102399307,"created":1737102399307,"remoteIdentityKey":"Bfp/oaE1utmljNRLHYgFhfdHgKS7TH30qtpz5Jq4wzNt"},"_chains":{"BUOazPPEPuoiF9Mf4Hgw4Fj8/S7131j1rZkkIm+VBkRg":{"chainKey":{"counter":0,"key":"ll/rkFTqwvUpecB+MjEEkOTNDXX3ACrHUm7qxAuLOz4="},"chainType":1,"messageKeys":{}}},"pendingPreKey":{"signedKeyId":1,"baseKey":"BTcBDkq9G0PrV1O67ka4ZsUI0D4F1COOdGYPFJAG24tZ","preKeyId":591497}}},"version":"v1"}