{"_sessions":{"BSx5BhIFX3Udrl6jSfgYcoF24Y3gQa9KSAqmB5vAHiJC":{"registrationId":397486603,"currentRatchet":{"ephemeralKeyPair":{"pubKey":"BeJXHAlUQYYSaM3DjFLhuQiUfNqkGe6GH+x61wW1YlZu","privKey":"kHIqTWHSDwtXRbZr+/MsBt+/j4a49Bb2F9sLq/eO8FY="},"lastRemoteEphemeralKey":"BT1T4QSaA4urksTV1BbLTVQcTc1ChJD+9H+25u6FSVkb","previousCounter":0,"rootKey":"AgyEM7xwIrNhGGVzkmQrYq3DmOgrrDsjFhGvCdXp1TU="},"indexInfo":{"baseKey":"BSx5BhIFX3Udrl6jSfgYcoF24Y3gQa9KSAqmB5vAHiJC","baseKeyType":1,"closed":-1,"used":1737102400773,"created":1737102400773,"remoteIdentityKey":"BVXcWozFZh4UMe20+RWDWxiu5EgCMOZn7GxBBLgl5ogx"},"_chains":{"BeJXHAlUQYYSaM3DjFLhuQiUfNqkGe6GH+x61wW1YlZu":{"chainKey":{"counter":0,"key":"qhYS5j9aOoOwA/yD5vl/Fytf0Qf6FnMvppuhZIEBVWs="},"chainType":1,"messageKeys":{}}},"pendingPreKey":{"signedKeyId":0,"baseKey":"BSx5BhIFX3Udrl6jSfgYcoF24Y3gQa9KSAqmB5vAHiJC","preKeyId":5960083}}},"version":"v1"}