{"_sessions":{"BZpIALXNMaEPQ9EKQybVVexOD2SiI+QkZX3KfHDnk2BF":{"registrationId":138785233,"currentRatchet":{"ephemeralKeyPair":{"pubKey":"BR/XqmBLqxIyYqd4uS2NNRbJJE1X6nnJ0FW1i2zv4X5e","privKey":"6J/Ycwp5cejwEn850WLA5JwwvY8vrMBdqLGOdYtOhXY="},"lastRemoteEphemeralKey":"BSuyAStAmVf1lit49cUC50F7r3XLe/DwVgun3TytT7IJ","previousCounter":0,"rootKey":"S0Dy1YbpEhFo6jD2EQvjM44po+7ZdNFYFAFs4OVxmm4="},"indexInfo":{"baseKey":"BZpIALXNMaEPQ9EKQybVVexOD2SiI+QkZX3KfHDnk2BF","baseKeyType":1,"closed":-1,"used":1737104171213,"created":1737104171213,"remoteIdentityKey":"BYRCjMW8Xog6IX+0lttTS3bvRym/njQ1VMjBLS5mTEUx"},"_chains":{"BR/XqmBLqxIyYqd4uS2NNRbJJE1X6nnJ0FW1i2zv4X5e":{"chainKey":{"counter":0,"key":"lR6B7BYykPOWWPZOqoF7WhZ4KG/T0/lI8q6YiAMvCik="},"chainType":1,"messageKeys":{}}},"pendingPreKey":{"signedKeyId":1,"baseKey":"BZpIALXNMaEPQ9EKQybVVexOD2SiI+QkZX3KfHDnk2BF","preKeyId":5137200}}},"version":"v1"}