{"_sessions":{"BSNehPXwEqn7JEGvUgstBOAbIV/g50A2rAxoYfbwYhxM":{"registrationId":318194108,"currentRatchet":{"ephemeralKeyPair":{"pubKey":"BQRTUCHpFeZPlAd+dY0csKfzpDmBZbM6gk12mer+MAhv","privKey":"CD22V2fSWyVvC3H/oEDm6g4Wzpn5Q6grWJUcM6o7pXs="},"lastRemoteEphemeralKey":"BQ5D9Q1/l3e8ZioW7MIuB5gghRee3jL08GwWqQMSGiEC","previousCounter":0,"rootKey":"Q6bbbYQaKVfy/MxM/grcHAOEwDR2j0qGcwuNCiaggFg="},"indexInfo":{"baseKey":"BSNehPXwEqn7JEGvUgstBOAbIV/g50A2rAxoYfbwYhxM","baseKeyType":1,"closed":-1,"used":1737102400516,"created":1737102400516,"remoteIdentityKey":"BXtgl7wmAsS8gZ+0BQ7MDVU6cKmxkYxgjOfuCVT68+hK"},"_chains":{"BQRTUCHpFeZPlAd+dY0csKfzpDmBZbM6gk12mer+MAhv":{"chainKey":{"counter":0,"key":"fTuXmCzro96t4psv/E9c7wPguh8ew2jPBCykJa1orHc="},"chainType":1,"messageKeys":{}}},"pendingPreKey":{"signedKeyId":11,"baseKey":"BSNehPXwEqn7JEGvUgstBOAbIV/g50A2rAxoYfbwYhxM","preKeyId":1241078}}},"version":"v1"}