{"_sessions":{"BXiRXP9soJ8uIOTM6BMEVe1xhPRRY9FHJdTSH7OieTou":{"registrationId":77230996,"currentRatchet":{"ephemeralKeyPair":{"pubKey":"BXbr8tzpfcqIOy3A5h4nOK7YHnL6peyjtF3aG76GZpVd","privKey":"AO0ZshipjzlcqlL3nOQfhTCWmiFtrGPTU+wjH4e11GY="},"lastRemoteEphemeralKey":"BYXtg99duRlG6bL3J3uk5TkENuDGF3sa3iHgPKdJIOoT","previousCounter":0,"rootKey":"gTNvxnzc5CAeLzGo2Yr9Qo+tDvQbCH9+TxCVhiP6qwE="},"indexInfo":{"baseKey":"BXiRXP9soJ8uIOTM6BMEVe1xhPRRY9FHJdTSH7OieTou","baseKeyType":1,"closed":-1,"used":1737102400038,"created":1737102400038,"remoteIdentityKey":"BaknCP+/Z+vqk21dipzSebG+BU2acUkACuhhjQh12F8C"},"_chains":{"BXbr8tzpfcqIOy3A5h4nOK7YHnL6peyjtF3aG76GZpVd":{"chainKey":{"counter":0,"key":"0jHJpCcS8WbWWlBEFlopncLjStfhg2R/93zknmADTZU="},"chainType":1,"messageKeys":{}}},"pendingPreKey":{"signedKeyId":4,"baseKey":"BXiRXP9soJ8uIOTM6BMEVe1xhPRRY9FHJdTSH7OieTou","preKeyId":12919527}}},"version":"v1"}