{"_sessions":{"BT88cRneL5oqNapkCZhFN5LNWPvSIocY3Y4ZRTGgFJwe":{"registrationId":867205045,"currentRatchet":{"ephemeralKeyPair":{"pubKey":"BedAgZWTjIT+s/0HVInjF9VAOz9r+cIHk87tDFMHDPw/","privKey":"0P/CsBRBpAcpYQdi/0kk/RE3Bb1bFWeGCM6bu9B5nWo="},"lastRemoteEphemeralKey":"BclP7bpwbafOs5N/KjCbzG9jZ8eQNN6GAGUL83v5ejNn","previousCounter":0,"rootKey":"CpFWR53jqJ4Acf/3RL60q/o9OQvwTSZpLKzrtGCIVk0="},"indexInfo":{"baseKey":"BT88cRneL5oqNapkCZhFN5LNWPvSIocY3Y4ZRTGgFJwe","baseKeyType":1,"closed":-1,"used":1737102401344,"created":1737102401344,"remoteIdentityKey":"BUPhtF8lUu+G3HeXU1rEzbQ0kbf3fSGrlaWipT4KjmYx"},"_chains":{"BedAgZWTjIT+s/0HVInjF9VAOz9r+cIHk87tDFMHDPw/":{"chainKey":{"counter":0,"key":"u/l/+lDwWJd0DyjewvBO/87WsnEOJeJwnRYjnPNMjvU="},"chainType":1,"messageKeys":{}}},"pendingPreKey":{"signedKeyId":0,"baseKey":"BT88cRneL5oqNapkCZhFN5LNWPvSIocY3Y4ZRTGgFJwe","preKeyId":661903}}},"version":"v1"}