{"_sessions":{"BT3YHuKBELGMzlDM8g8BFBXeRax5yDKf/SS9hK7pnzYg":{"registrationId":1837495588,"currentRatchet":{"ephemeralKeyPair":{"pubKey":"BV75Y17BDtNbZmR2HTP8qlWAKCgpb+1/42zDZK/t6XQ2","privKey":"KKmiVp/k+RoqQedk/wO694UMoJK6PuWh0XBHmGhZ5kM="},"lastRemoteEphemeralKey":"BXe6nXSwqwiUTYCbeU3jIb7CiU5DGl57fgUFFflzd1N9","previousCounter":0,"rootKey":"4SWlMQq/P/Hr6tYlXEWKfjeGp/+utocNXCkn3ghwD8U="},"indexInfo":{"baseKey":"BT3YHuKBELGMzlDM8g8BFBXeRax5yDKf/SS9hK7pnzYg","baseKeyType":1,"closed":-1,"used":1737104171287,"created":1737104171287,"remoteIdentityKey":"BUdQMiF7RvJxuxI3mT6pwuEjR6puZyCIW6pstLhByI40"},"_chains":{"BV75Y17BDtNbZmR2HTP8qlWAKCgpb+1/42zDZK/t6XQ2":{"chainKey":{"counter":0,"key":"8QfnedP+jMJGw2LZBgTV8dXBKh04EqP/Zr4mLzGYPko="},"chainType":1,"messageKeys":{}}},"pendingPreKey":{"signedKeyId":3,"baseKey":"BT3YHuKBELGMzlDM8g8BFBXeRax5yDKf/SS9hK7pnzYg","preKeyId":13675777}}},"version":"v1"}