{"_sessions":{"BZ2Ja62yUB6XsZzggBpzKvmkmPJDZyP8exQ4td7ImTtY":{"registrationId":1612151247,"currentRatchet":{"ephemeralKeyPair":{"pubKey":"BX7Q7nf/UHBuUR/QD2NuFbdjpUT3KOGFZf1Dtgp4FuZq","privKey":"UFcw0ssvpqtdc8XabaEaV5a/2R4lS6AErhcSEJV4klU="},"lastRemoteEphemeralKey":"BQJlvnQ8uXbXDeYbQt8dlyOrkLQIELfwpNi6GGV61kl7","previousCounter":0,"rootKey":"h/1ymTC/Knnu0taEjhdWsis2FcOHAPC8rJerAslccjY="},"indexInfo":{"baseKey":"BZ2Ja62yUB6XsZzggBpzKvmkmPJDZyP8exQ4td7ImTtY","baseKeyType":1,"closed":-1,"used":1737102400148,"created":1737102400148,"remoteIdentityKey":"BeYJhuPJjcNEeMMRaGVqoyoELpYbl6J2G8fC1hDDHIw7"},"_chains":{"BX7Q7nf/UHBuUR/QD2NuFbdjpUT3KOGFZf1Dtgp4FuZq":{"chainKey":{"counter":0,"key":"cSzvOtn+7ZofEEawNjYlHeIP5fanu+lOL8HeitKjm8k="},"chainType":1,"messageKeys":{}}},"pendingPreKey":{"signedKeyId":1,"baseKey":"BZ2Ja62yUB6XsZzggBpzKvmkmPJDZyP8exQ4td7ImTtY"}}},"version":"v1"}