{"_sessions":{"BZZde6wqgiykU7UNAup7cH+vnFwIe87BQ/HalM4s3tpl":{"registrationId":1443060003,"currentRatchet":{"ephemeralKeyPair":{"pubKey":"BfjasL24olJraGqW/jfJc63jYhY96kXoB+XwUHZkJGl4","privKey":"OMYDWSRjY+5NB8b5sUVtsnyt2IonLUIeZ2XrwRNqUkE="},"lastRemoteEphemeralKey":"BdTjM7zXUlqOiX32flRs+MtbQIxHRu1XfaRtGHgSXLIP","previousCounter":0,"rootKey":"EobO8k0iHXzsSaVUB+/KOccxzGJUNVn2icBRFdEnJiQ="},"indexInfo":{"baseKey":"BZZde6wqgiykU7UNAup7cH+vnFwIe87BQ/HalM4s3tpl","baseKeyType":1,"closed":-1,"used":1737102399365,"created":1737102399365,"remoteIdentityKey":"BeNq9dDUKMHTSzeWfjgML4PJ91CPrB3ftME3p+PCIDUO"},"_chains":{"BfjasL24olJraGqW/jfJc63jYhY96kXoB+XwUHZkJGl4":{"chainKey":{"counter":0,"key":"+gwYZu75Jemilfk3JdeUhc0zCIyiyJMBCw+7KFCdC6U="},"chainType":1,"messageKeys":{}}},"pendingPreKey":{"signedKeyId":0,"baseKey":"BZZde6wqgiykU7UNAup7cH+vnFwIe87BQ/HalM4s3tpl","preKeyId":4271883}}},"version":"v1"}