{"_sessions":{"BQ8WEtG6Kb9ZjN1cC8FXGUmf+VDKTOoA2Q6sxlA6XqpB":{"registrationId":306160961,"currentRatchet":{"ephemeralKeyPair":{"pubKey":"BeaiYCQcRlgS4VkgA6xhvkXm7kD4wrtMewNSzdA3LDxt","privKey":"oCSeftIYKFkdAyZwA4LkP/86Sf0TxYSk3sdrJ2yvz0s="},"lastRemoteEphemeralKey":"BQtNytzou8U8WX69cNkJKni29mx6qj9YqXXSLVjTroA3","previousCounter":0,"rootKey":"TfkUVVTp3GdD7npnU45lflkX3mlb4XZqA0QLgoC7oFw="},"indexInfo":{"baseKey":"BQ8WEtG6Kb9ZjN1cC8FXGUmf+VDKTOoA2Q6sxlA6XqpB","baseKeyType":1,"closed":-1,"used":1737104171722,"created":1737104171722,"remoteIdentityKey":"BR1CVdgEQiiyEDyhZsOsDt2YE542VZjZJeZ7m3qB+CoE"},"_chains":{"BeaiYCQcRlgS4VkgA6xhvkXm7kD4wrtMewNSzdA3LDxt":{"chainKey":{"counter":0,"key":"YxeEZ4EznNpEdFqKuDtbkGvNPat1OHIEHSEalQu/ORI="},"chainType":1,"messageKeys":{}}},"pendingPreKey":{"signedKeyId":0,"baseKey":"BQ8WEtG6Kb9ZjN1cC8FXGUmf+VDKTOoA2Q6sxlA6XqpB"}}},"version":"v1"}