{"_sessions":{"BRxmrhOJodT/Ln46k/6Fpwvfz8cv4T4CZ+BhAL9fWSM5":{"registrationId":1213847341,"currentRatchet":{"ephemeralKeyPair":{"pubKey":"Bfn9dMqimCQa8fxXfx+PDYMWr8uIy22qZfZqj6clY0F/","privKey":"8KmuONG6z0F/E4lEIPl1buAtM02zV46TPjHXcsx8HlU="},"lastRemoteEphemeralKey":"BdjTseoVgEu8tfq9H2fhooQP2rhC1TXHfn/Glw76qxhg","previousCounter":0,"rootKey":"PFa+gW8X6AXPkmCIubo5XhK3hPu0iXkfN/MehOw0WWA="},"indexInfo":{"baseKey":"BRxmrhOJodT/Ln46k/6Fpwvfz8cv4T4CZ+BhAL9fWSM5","baseKeyType":1,"closed":-1,"used":1737104171404,"created":1737104171404,"remoteIdentityKey":"BUJLfFAYctS1hLIZ93g7g5EO4fy+T3XqxbnL/AEVkAQP"},"_chains":{"Bfn9dMqimCQa8fxXfx+PDYMWr8uIy22qZfZqj6clY0F/":{"chainKey":{"counter":0,"key":"KZ+W+fwEjiEugt0V2QAw+4BGDbs03GZ8hcCszq5oPOs="},"chainType":1,"messageKeys":{}}},"pendingPreKey":{"signedKeyId":1,"baseKey":"BRxmrhOJodT/Ln46k/6Fpwvfz8cv4T4CZ+BhAL9fWSM5","preKeyId":10683264}}},"version":"v1"}