{"_sessions":{"BbnXzRMVG1U3uE4WPnj3LYWTl6WK9fYyfdNQtiB9+shE":{"registrationId":1141861147,"currentRatchet":{"ephemeralKeyPair":{"pubKey":"BXF7D0N6hZZw1r4J5xwvFmsYTSq2kaAFYHnxmnkeFjFi","privKey":"IAnI9yIOqvvmdTEs2OamGbHaAik0KMCk6MBGcsEXykw="},"lastRemoteEphemeralKey":"BcPrWpQYaYFOXuvTNQFNX96Z9b7mT2WFhK5iVsqHDYF8","previousCounter":0,"rootKey":"ZHFGMjqvD9UQLgp/LWiHIdfRp9BZ2buZiqksbiTDPho="},"indexInfo":{"baseKey":"BbnXzRMVG1U3uE4WPnj3LYWTl6WK9fYyfdNQtiB9+shE","baseKeyType":1,"closed":-1,"used":1737102400964,"created":1737102400964,"remoteIdentityKey":"BVm4V8m96pTrGwZ8sGIzjPYtQfqEDPUJC6WUor9gHrUz"},"_chains":{"BXF7D0N6hZZw1r4J5xwvFmsYTSq2kaAFYHnxmnkeFjFi":{"chainKey":{"counter":0,"key":"f6C2u8HksgyFLxIaxeodJdXnTJxacMVPCprfCBKwGVg="},"chainType":1,"messageKeys":{}}},"pendingPreKey":{"signedKeyId":0,"baseKey":"BbnXzRMVG1U3uE4WPnj3LYWTl6WK9fYyfdNQtiB9+shE"}}},"version":"v1"}