{"_sessions":{"BZhEu3SUYAJlepwNCpwF20zkZZrHTNS9oxcIKdPpYBEa":{"registrationId":721072491,"currentRatchet":{"ephemeralKeyPair":{"pubKey":"BTPi7Uod27qrMhuHf4AmEpW7W49SqL5hvj9BGwf7xc1d","privKey":"UMux/T+hQsmdhy+M0jVH/ypTeJsoaAmmPNU5ctpcg2c="},"lastRemoteEphemeralKey":"Bb8GAInlAdsDHUgOQSVwOi/piQ9cBRtS4iI4DS1wvwgw","previousCounter":0,"rootKey":"WM0ML/yNAxw7JAhrFtU7wLmwHiMfZUNvyxVmUjCxIRE="},"indexInfo":{"baseKey":"BZhEu3SUYAJlepwNCpwF20zkZZrHTNS9oxcIKdPpYBEa","baseKeyType":1,"closed":-1,"used":1737104171460,"created":1737104171460,"remoteIdentityKey":"BSPiEX7/j4Q9E2xFasH4Z+9OXHnzi3nLNojmbui8t8lQ"},"_chains":{"BTPi7Uod27qrMhuHf4AmEpW7W49SqL5hvj9BGwf7xc1d":{"chainKey":{"counter":0,"key":"UOOTeYXaGLP9FN0YKlZ63mOhqbBWVmdOnvtpZdmzd8E="},"chainType":1,"messageKeys":{}}},"pendingPreKey":{"signedKeyId":5,"baseKey":"BZhEu3SUYAJlepwNCpwF20zkZZrHTNS9oxcIKdPpYBEa"}}},"version":"v1"}