{"_sessions":{"BRl97oSXk0cUxYcAVObXuwrh8pApay1KZJxqepy4oHE1":{"registrationId":1724018671,"currentRatchet":{"ephemeralKeyPair":{"pubKey":"BTXoZUJEZu74ew5k4OrpY3LZklZ3VdQoGGajBWLPTZYy","privKey":"SLb/5foFZZNZfu1NQoFDv87h1dHs+FfynNTiSclmync="},"lastRemoteEphemeralKey":"Bd5L5sEv2vnRhGTWJhrHdNdUQo0v/TXsoG8sU9orbnty","previousCounter":0,"rootKey":"52Nfn923KF0I9yU508zQTczZD1AuKGFl+snEB698GFk="},"indexInfo":{"baseKey":"BRl97oSXk0cUxYcAVObXuwrh8pApay1KZJxqepy4oHE1","baseKeyType":1,"closed":-1,"used":1737102399358,"created":1737102399358,"remoteIdentityKey":"BdjJaq/u3bSgAmppZNnFlx9c3f0P/48d6anei7GYtOwy"},"_chains":{"BTXoZUJEZu74ew5k4OrpY3LZklZ3VdQoGGajBWLPTZYy":{"chainKey":{"counter":0,"key":"BDEqHeej68Khje9WV18hR2JZEwXcJoVlrBhXJpzSGtI="},"chainType":1,"messageKeys":{}}},"pendingPreKey":{"signedKeyId":1,"baseKey":"BRl97oSXk0cUxYcAVObXuwrh8pApay1KZJxqepy4oHE1"}}},"version":"v1"}