{"_sessions":{"BXlItMZJ2PfBia2+1dX3GZctGgWNIsQbQEisaeaGmh1k":{"registrationId":1773984609,"currentRatchet":{"ephemeralKeyPair":{"pubKey":"BbBJghd9oFgVnJFjix5AVzig/rcT2KlCDtLBHtqWvGtL","privKey":"YBPWWvhFUPgz7Ih4HL8Fjx3Os/AcePWew8UHX0V6eUM="},"lastRemoteEphemeralKey":"BeRPFpK0GUYPaC6ndf2kPWTqHukmtx6DOoYyFnrunUxA","previousCounter":0,"rootKey":"v3RO8qqtDIteHymqf2BVwHiye1080hl6aIiES7/LYNI="},"indexInfo":{"baseKey":"BXlItMZJ2PfBia2+1dX3GZctGgWNIsQbQEisaeaGmh1k","baseKeyType":1,"closed":-1,"used":1737102398976,"created":1737102398976,"remoteIdentityKey":"Bc6qYlIV/ldD6fhYV9gGVVlgOdPQk9SxNzB9JQN8dDgw"},"_chains":{"BbBJghd9oFgVnJFjix5AVzig/rcT2KlCDtLBHtqWvGtL":{"chainKey":{"counter":0,"key":"+wtzeEeQLOO2bpF23AeEAx5WOLB0/umTEoprerztsH4="},"chainType":1,"messageKeys":{}}},"pendingPreKey":{"signedKeyId":0,"baseKey":"BXlItMZJ2PfBia2+1dX3GZctGgWNIsQbQEisaeaGmh1k"}}},"version":"v1"}