{"_sessions":{"BWg5PuPOQLCfi63QonZub+mnty5k4LaZOsjalr/qlSIs":{"registrationId":1452855876,"currentRatchet":{"ephemeralKeyPair":{"pubKey":"BZlYZHWHkQAAZFZkomwCzjTzcf/2dmUM3hXFPVgz+SA3","privKey":"sAqcbL/JaZ+y/hjjov1bwkpLVj2ozHIKP8YNyZyrQG8="},"lastRemoteEphemeralKey":"BRwocszCm5AGAhNRqXJK4xO6MFNR/9qtGiDIHJPr8u5h","previousCounter":0,"rootKey":"6+RKrIipOD1gt5elAWADWD7kwQfevzXtH/2vBjeacUc="},"indexInfo":{"baseKey":"BWg5PuPOQLCfi63QonZub+mnty5k4LaZOsjalr/qlSIs","baseKeyType":1,"closed":-1,"used":1737102401091,"created":1737102401091,"remoteIdentityKey":"BakOgjJCIjOb4Gc8Yi58aoTPvoBNHgBP5obwUqKPkIRi"},"_chains":{"BZlYZHWHkQAAZFZkomwCzjTzcf/2dmUM3hXFPVgz+SA3":{"chainKey":{"counter":0,"key":"Bj1+NGIXOrHoI7sDjLrYpERDl6R/9vt5sSLpqn/evAM="},"chainType":1,"messageKeys":{}}},"pendingPreKey":{"signedKeyId":4,"baseKey":"BWg5PuPOQLCfi63QonZub+mnty5k4LaZOsjalr/qlSIs","preKeyId":9320088}}},"version":"v1"}