{"_sessions":{"BepzKaPo+SFtuE5bQA9Z8I7yqwquq/MenFvOXRd9sl5j":{"registrationId":1417631011,"currentRatchet":{"ephemeralKeyPair":{"pubKey":"BQq4S8hAR5FpD5dp/vwZf/Dy3BXullV0QcgSzc+P/OA9","privKey":"oJPMCwD/WVO2AIUXfwoHCutQshFFk73ko+7mJI4D6EE="},"lastRemoteEphemeralKey":"BdFh4Rrzrxw+k7M03SG5skHWkc8hN3JMEt1KJJ6CQqIS","previousCounter":0,"rootKey":"QzWLkYGdYfx8kbNupxPy3NBUBV9kqZftqmkIDdsSDek="},"indexInfo":{"baseKey":"BepzKaPo+SFtuE5bQA9Z8I7yqwquq/MenFvOXRd9sl5j","baseKeyType":1,"closed":-1,"used":1737104171741,"created":1737104171741,"remoteIdentityKey":"BcqBxFB8Xd3QmMvR7/ApihhaO8sXSNqM0c3nB+Bgkxo+"},"_chains":{"BQq4S8hAR5FpD5dp/vwZf/Dy3BXullV0QcgSzc+P/OA9":{"chainKey":{"counter":0,"key":"iRioNbyFQ9E/BVS5cemDYXUzNUgik4vnWqJu8aM/IUU="},"chainType":1,"messageKeys":{}}},"pendingPreKey":{"signedKeyId":1,"baseKey":"BepzKaPo+SFtuE5bQA9Z8I7yqwquq/MenFvOXRd9sl5j","preKeyId":7891503}}},"version":"v1"}