{"_sessions":{"BfztseMbOwHlgvD8HqKqtfBolr74M2sOmNKbHqw4qbok":{"registrationId":163115235,"currentRatchet":{"ephemeralKeyPair":{"pubKey":"BQfsIWbm1syz1zhwCtelJbWsmm3ic2Ajk6i232TopSMl","privKey":"gCZj2LOls4FZtvBxk6eLtAKKs0NRqZWt6WMlIBcGj0c="},"lastRemoteEphemeralKey":"BTLyL1g9n5gldf1VfdNHly0wzPob4q89N9UUMGoVrOlr","previousCounter":0,"rootKey":"Ehup5n2t0wOxmCJrxnaLk9tlOhFmEOS2QHQUVoaB0yQ="},"indexInfo":{"baseKey":"BfztseMbOwHlgvD8HqKqtfBolr74M2sOmNKbHqw4qbok","baseKeyType":1,"closed":-1,"used":1737102400680,"created":1737102400680,"remoteIdentityKey":"BYVBajUbSC6Mnc9G+2m3RDlo/BYRRF+7UZcYKjhvQ3xQ"},"_chains":{"BQfsIWbm1syz1zhwCtelJbWsmm3ic2Ajk6i232TopSMl":{"chainKey":{"counter":0,"key":"W7fZQSgvKIXJOL5x6kqSpEU2JtkKN3bgWdfaKBRlerE="},"chainType":1,"messageKeys":{}}},"pendingPreKey":{"signedKeyId":3,"baseKey":"BfztseMbOwHlgvD8HqKqtfBolr74M2sOmNKbHqw4qbok"}}},"version":"v1"}