{"_sessions":{"BU7YnIIjcQN4Mt7gfn8CWcCTHQVz0StdnrZ+ZLlySwI+":{"registrationId":454358477,"currentRatchet":{"ephemeralKeyPair":{"pubKey":"BdYuoYBU9PZhRKWcqPhcn8czotpwIHFaL4YzORC+NRss","privKey":"mJzfmAtMogXFJnEU98UPVjQm23CFp/LDi7FNt63TzWE="},"lastRemoteEphemeralKey":"BYemKdSDuN1j6fw9Pj4kYYgarXfFy2A4znC07/efVkR9","previousCounter":0,"rootKey":"MNe66zHD1vErUZNXyRt23JQusE7Y3dp+qapuZRaaZKY="},"indexInfo":{"baseKey":"BU7YnIIjcQN4Mt7gfn8CWcCTHQVz0StdnrZ+ZLlySwI+","baseKeyType":1,"closed":-1,"used":1737102400048,"created":1737102400048,"remoteIdentityKey":"BQwSrUB4ak4KHPXA8sRIzO5NwulFyfdbW0OLERe1gn1W"},"_chains":{"BdYuoYBU9PZhRKWcqPhcn8czotpwIHFaL4YzORC+NRss":{"chainKey":{"counter":0,"key":"HIeqWEBlla58u2GHWETY8Bs44W3WLX124fFJIOO0Iyw="},"chainType":1,"messageKeys":{}}},"pendingPreKey":{"signedKeyId":7,"baseKey":"BU7YnIIjcQN4Mt7gfn8CWcCTHQVz0StdnrZ+ZLlySwI+"}}},"version":"v1"}