{"_sessions":{"BeVdhmvOcFkcPFL1M2RIJTl8KqwxlA+poT648yrnw4wd":{"registrationId":1339027512,"currentRatchet":{"ephemeralKeyPair":{"pubKey":"BWhPZKdB+rcw8gTFhPjgNmPFlsmLKsr9UGEyo3Yj/895","privKey":"cGu6KYH/Gl5/m35GasWZJdDHIKX9DuOGYdDlr4dPOnY="},"lastRemoteEphemeralKey":"BdsfO39HZfFMSlqD6zu6TMwJg0XBQftyv8saoY4PHFQY","previousCounter":0,"rootKey":"9mBrnCceEeBWlO2pgNBzuI54niZQrXBOFkEtr5n9ymg="},"indexInfo":{"baseKey":"BeVdhmvOcFkcPFL1M2RIJTl8KqwxlA+poT648yrnw4wd","baseKeyType":1,"closed":-1,"used":1737102400697,"created":1737102400697,"remoteIdentityKey":"BX7ZfHaNJor+vqQOa5/1xmm85RCZ6VOi4WkQRKVXpGFz"},"_chains":{"BWhPZKdB+rcw8gTFhPjgNmPFlsmLKsr9UGEyo3Yj/895":{"chainKey":{"counter":0,"key":"ETzEfci1rXduClAps+TYuGxzEQLqsACWlEO4huA7Qks="},"chainType":1,"messageKeys":{}}},"pendingPreKey":{"signedKeyId":4,"baseKey":"BeVdhmvOcFkcPFL1M2RIJTl8KqwxlA+poT648yrnw4wd","preKeyId":16094599}}},"version":"v1"}