{"_sessions":{"BeHywt8q8p8BtWFvstxcrhneQniy17QGElTxTbnBewtL":{"registrationId":924630520,"currentRatchet":{"ephemeralKeyPair":{"pubKey":"Be2vmAAx+Cx+F4N74wWlDFMopi4AsMp0RJ46mutlOnpr","privKey":"0DuuXsxBLoI3lh2Eoho+S8ojCkEWEAIo28gzumsh1Xw="},"lastRemoteEphemeralKey":"Baw99qK7Er909nQmhjud2MyZcsbUE0iycjNTjscKkVMj","previousCounter":0,"rootKey":"6PK7Qd1AVGPWnnv3eu/n+K7EPW3xdy1lNNp0o2sBAWw="},"indexInfo":{"baseKey":"BeHywt8q8p8BtWFvstxcrhneQniy17QGElTxTbnBewtL","baseKeyType":1,"closed":-1,"used":1737102400260,"created":1737102400260,"remoteIdentityKey":"BZ4PwgKNQwN99x58vWqvs+AoeIUjVELSZ393nMlNcyI4"},"_chains":{"Be2vmAAx+Cx+F4N74wWlDFMopi4AsMp0RJ46mutlOnpr":{"chainKey":{"counter":0,"key":"hF+PDDYf4KYaVuLVGowljHjpd09zhT+v5xzsckB/1sg="},"chainType":1,"messageKeys":{}}},"pendingPreKey":{"signedKeyId":7829020,"baseKey":"BeHywt8q8p8BtWFvstxcrhneQniy17QGElTxTbnBewtL","preKeyId":226059}}},"version":"v1"}