{"_sessions":{"BYVAvTJ1ofFC5fPrndvKi9kYeyeTNdyU5V+sj6xs/vwl":{"registrationId":1916741373,"currentRatchet":{"ephemeralKeyPair":{"pubKey":"BZVZUmIsorVJeWaXIn5xDVaf7c+DZWtfAgasld7NI30E","privKey":"MOmCAO8FU4an3fiurGP1r4qefYKM5AHi3KSyREALZlQ="},"lastRemoteEphemeralKey":"BXYXHWJHXe8ZxxTbdLk2B/lDdrEoJeEHULyNMU1GtVxT","previousCounter":0,"rootKey":"VTjCKfxTRjsYr7hMT4jh8xexjOC85LqAWsLArksO0iY="},"indexInfo":{"baseKey":"BYVAvTJ1ofFC5fPrndvKi9kYeyeTNdyU5V+sj6xs/vwl","baseKeyType":1,"closed":-1,"used":1737102401001,"created":1737102401001,"remoteIdentityKey":"BX+gHLzrz963pQ/lQSCyLJnwedygbRBapPmCFWBnhERv"},"_chains":{"BZVZUmIsorVJeWaXIn5xDVaf7c+DZWtfAgasld7NI30E":{"chainKey":{"counter":0,"key":"c0Bq7zeuK6uEgPqsz5yu9lWN+tEOhONCgZCIAPibMAs="},"chainType":1,"messageKeys":{}}},"pendingPreKey":{"signedKeyId":0,"baseKey":"BYVAvTJ1ofFC5fPrndvKi9kYeyeTNdyU5V+sj6xs/vwl","preKeyId":5356341}}},"version":"v1"}