{"_sessions":{"BSi+JgLuBlkoM4gL38uQhNVTbdy89vp6m0jGPfBNTGsm":{"registrationId":519599677,"currentRatchet":{"ephemeralKeyPair":{"pubKey":"BUIMZyHOrftsk0qm3h+NFte2zP+eVbg1+O26PEF7Ewpv","privKey":"8A3N50fjN+4vvbEgv6gOYM+F6mOLCPnlmmY2qGiKTnU="},"lastRemoteEphemeralKey":"BYniDLT/l1gHg8nWwzVzXjVGQHxAaX+GNdzjoWg0MsVM","previousCounter":0,"rootKey":"5l6xtls8hcQFYArTY81dfuWFKLQ2Bo6bN0NCoCfwhtQ="},"indexInfo":{"baseKey":"BSi+JgLuBlkoM4gL38uQhNVTbdy89vp6m0jGPfBNTGsm","baseKeyType":1,"closed":-1,"used":1737104170995,"created":1737104170995,"remoteIdentityKey":"Bf0CNwQg3tmHwaW3cV1Tzk/tzFNLAa7dk7FbC1wJjSk7"},"_chains":{"BUIMZyHOrftsk0qm3h+NFte2zP+eVbg1+O26PEF7Ewpv":{"chainKey":{"counter":0,"key":"Wf3Wn+g73UTwhoioKzFxgsCIsUUgwi0sl0Q/FHZIbyk="},"chainType":1,"messageKeys":{}}},"pendingPreKey":{"signedKeyId":0,"baseKey":"BSi+JgLuBlkoM4gL38uQhNVTbdy89vp6m0jGPfBNTGsm","preKeyId":901058}}},"version":"v1"}