{"_sessions":{"BS9KxLvg0T2KEmZtpYsNctxnHgjXH6kenYVjkUC7KbZ8":{"registrationId":964883236,"currentRatchet":{"ephemeralKeyPair":{"pubKey":"BfiJQixVerYbYHEOUciqeB6htkd5oZTH/2+WgfjmhOc0","privKey":"6NXtBRFnbPmtZcAFuJJV01eEjLlDuIu71o3AZHNq2ks="},"lastRemoteEphemeralKey":"Bb+ufy4L5leQS8HKffT3CpMZ9SakeQyd3DrHvICP19cN","previousCounter":0,"rootKey":"fgRbIh9FGGCjlOIpvGWrKB/QEdeA+UyW36I+FwiPEAI="},"indexInfo":{"baseKey":"BS9KxLvg0T2KEmZtpYsNctxnHgjXH6kenYVjkUC7KbZ8","baseKeyType":1,"closed":-1,"used":1737102401481,"created":1737102401481,"remoteIdentityKey":"Bfm3rGL3zqwsMj7P/aUMb4oaI2B3Lv8rTl++13eIBLdN"},"_chains":{"BfiJQixVerYbYHEOUciqeB6htkd5oZTH/2+WgfjmhOc0":{"chainKey":{"counter":0,"key":"UMwjHTwwIyEeqyd5RUqOs4pXhlbaOs/bf5lxobsIldA="},"chainType":1,"messageKeys":{}}},"pendingPreKey":{"signedKeyId":2,"baseKey":"BS9KxLvg0T2KEmZtpYsNctxnHgjXH6kenYVjkUC7KbZ8","preKeyId":16007762}}},"version":"v1"}