{"_sessions":{"BW+XYA/LCsTwrXKLLRSyMHFrVxSNABxu5eYue+E4urci":{"registrationId":261004041,"currentRatchet":{"ephemeralKeyPair":{"pubKey":"BTqQAtcMua+XJXOBgpHk0vITCoefzR3FF4akezXx97Je","privKey":"mHcFRbFvHunUCR9rc0v3CHsSYfP5zVpHejHstAsm8VA="},"lastRemoteEphemeralKey":"BWn3zOWMlf4IUce0KDR+VL2YpdasvwlVOk6i0vGX3B9L","previousCounter":0,"rootKey":"NsdQ2XZn5F7uhO+J7APJXG4Yd+zS8KDh43L2XHtLmfM="},"indexInfo":{"baseKey":"BW+XYA/LCsTwrXKLLRSyMHFrVxSNABxu5eYue+E4urci","baseKeyType":2,"closed":-1,"used":1737106359660,"created":1737106359660,"remoteIdentityKey":"BZ2Y0fL/eshIzOSauZTz1AaT61N7/6jEXB6h3QGo/fVd"},"_chains":{"BWn3zOWMlf4IUce0KDR+VL2YpdasvwlVOk6i0vGX3B9L":{"chainKey":{"counter":0,"key":"42oKOk15jFO5bKhCdT2JgsDSS3ejn2rKh4ax6WD/E7o="},"chainType":2,"messageKeys":{}},"BTqQAtcMua+XJXOBgpHk0vITCoefzR3FF4akezXx97Je":{"chainKey":{"counter":-1,"key":"DUQ4hcGVgjpiYN6cmNW3w+FLkl3WyTlC3ahH11bwT4w="},"chainType":1,"messageKeys":{}}}}},"version":"v1"}