{"_sessions":{"BacJWgUY+58hAq5vzIjtBaG9fFrQyY1SwVoUpcQCxsNE":{"registrationId":191,"currentRatchet":{"ephemeralKeyPair":{"pubKey":"BeH9Q+dchSYXjS1Abr8421cDRh3HH0FdS+rpkspVGjIJ","privKey":"oGTv25+huCv122f4IgJqiD0AYj9Vx5sdFIIWLeIDXlw="},"lastRemoteEphemeralKey":"Beak+OFNhF213wWTSpGcbMJAdevgEbF0hGmWKaI2WWVY","previousCounter":0,"rootKey":"bhN9ggqZL/gXDoYfWjzVNzhB9t63yVhNHYvOohBV9fs="},"indexInfo":{"baseKey":"BacJWgUY+58hAq5vzIjtBaG9fFrQyY1SwVoUpcQCxsNE","baseKeyType":1,"closed":-1,"used":1737102398969,"created":1737102398969,"remoteIdentityKey":"BVNruAUBUnsVPBmBNSQWlV1ZAt7HI4jkOS9a7qIFNjVs"},"_chains":{"BeH9Q+dchSYXjS1Abr8421cDRh3HH0FdS+rpkspVGjIJ":{"chainKey":{"counter":0,"key":"uFTRw7JI8g2m4SiAvB3tWUCoODwic3NHyAn0w9WYqhw="},"chainType":1,"messageKeys":{}}},"pendingPreKey":{"signedKeyId":1,"baseKey":"BacJWgUY+58hAq5vzIjtBaG9fFrQyY1SwVoUpcQCxsNE"}}},"version":"v1"}