{"_sessions":{"BQPUlw+avrCsOGxfQjU22TlWpHZF3YIjWvmtDRpBaGoq":{"registrationId":748690308,"currentRatchet":{"ephemeralKeyPair":{"pubKey":"BTD8qvi9cLkI9KQybx3T1LkdJ1GM+9GmDkw2l0I2bpFS","privKey":"SMqmLW90nFAZPp/pH9guKfvd94PGA89ToscT/Y+TbEY="},"lastRemoteEphemeralKey":"BYB2lEKrJ3pi+Db0XBUhi8WjMVLRrWbT9GJZud+zamBa","previousCounter":0,"rootKey":"b3xYgo+PnoFoXUdk56GoqhVGA+wPH18yzjsGkckb3qQ="},"indexInfo":{"baseKey":"BQPUlw+avrCsOGxfQjU22TlWpHZF3YIjWvmtDRpBaGoq","baseKeyType":1,"closed":-1,"used":1737102401397,"created":1737102401397,"remoteIdentityKey":"BfJCPY3/zh9qwPXB3s5VEHs21pPfaMpnGeCV5aPeHvRd"},"_chains":{"BTD8qvi9cLkI9KQybx3T1LkdJ1GM+9GmDkw2l0I2bpFS":{"chainKey":{"counter":0,"key":"AdJmM39TuhbSxCD35U0/fHKzlacjgKJzSHoqpdpL3Dg="},"chainType":1,"messageKeys":{}}},"pendingPreKey":{"signedKeyId":1,"baseKey":"BQPUlw+avrCsOGxfQjU22TlWpHZF3YIjWvmtDRpBaGoq"}}},"version":"v1"}