{"_sessions":{"BYL8M4MXNBKYgNsBCQkywfwEUgZMDEA/jd9nu4jstwEg":{"registrationId":796279941,"currentRatchet":{"ephemeralKeyPair":{"pubKey":"BZqc4A2HEIzWWvFbUvXYXYqN+SZzljyC+iZEywrhZV4t","privKey":"sLSr0pHMzBNBoigTZ0njMMpN/GsiMlVC0do4TfuYc10="},"lastRemoteEphemeralKey":"BQfNhg9iCR2udlLWcF9GPUZecgtNKk6hlCvFGY9csvdb","previousCounter":0,"rootKey":"kk549LnQRGiHuySJzL4Vjd77u9YUmTd9dTyOU1CzVmc="},"indexInfo":{"baseKey":"BYL8M4MXNBKYgNsBCQkywfwEUgZMDEA/jd9nu4jstwEg","baseKeyType":1,"closed":-1,"used":1737102401588,"created":1737102401588,"remoteIdentityKey":"Ba65KXE7GzfzdRxejCOga2eqva4vQS7L5NXe3Mrj9Hso"},"_chains":{"BZqc4A2HEIzWWvFbUvXYXYqN+SZzljyC+iZEywrhZV4t":{"chainKey":{"counter":0,"key":"nLmP2GZfSNacCBEIVd63pyMKwuK9IRBDeqJlZrn/IYY="},"chainType":1,"messageKeys":{}}},"pendingPreKey":{"signedKeyId":5,"baseKey":"BYL8M4MXNBKYgNsBCQkywfwEUgZMDEA/jd9nu4jstwEg"}}},"version":"v1"}