{"_sessions":{"BZR4Su0JNRGUawSbar/Pqu3zH1viSsztsoKZ0o8UaBJJ":{"registrationId":1691503357,"currentRatchet":{"ephemeralKeyPair":{"pubKey":"Bb2HLxYsMr0m4dNDvQ4dZiRUq8J1SWtmEc6ZyJwGMoBE","privKey":"eM+amVRmiujUIS/W44tzwWM1HUCuUkXt1RxTp4W7i2M="},"lastRemoteEphemeralKey":"BVJGTHj/vyQdTdFGtJE4x5BtLgXg+zi42fGpE0SPfYoA","previousCounter":0,"rootKey":"Ct9+GAF3DY1EVF71CEGtCikBcL7zafwwdSTQQ/pj8YU="},"indexInfo":{"baseKey":"BZR4Su0JNRGUawSbar/Pqu3zH1viSsztsoKZ0o8UaBJJ","baseKeyType":1,"closed":-1,"used":1737102399510,"created":1737102399510,"remoteIdentityKey":"Bf0ZFjfTPhueE/TGi2F3NmPRJxiNpkDuJBWfonInTu0x"},"_chains":{"Bb2HLxYsMr0m4dNDvQ4dZiRUq8J1SWtmEc6ZyJwGMoBE":{"chainKey":{"counter":0,"key":"F+NtmH+N6b9x7GBQQE+/SYL+rz5mzD6zlgIj+nj5RIo="},"chainType":1,"messageKeys":{}}},"pendingPreKey":{"signedKeyId":2,"baseKey":"BZR4Su0JNRGUawSbar/Pqu3zH1viSsztsoKZ0o8UaBJJ"}}},"version":"v1"}