{"_sessions":{"BSm74h+XcsKOcnhCnBfVm7dEK1hkizCDiGM6PqHtkxh7":{"registrationId":1746790916,"currentRatchet":{"ephemeralKeyPair":{"pubKey":"BTxs0cOXSKS+rUQ94k4XIFmQGGGVhPwx58j4hzdu1+gi","privKey":"CD2/LnBCiDjUCrSvFNhZ4M0YdQ6OBIjw1sM4OZQ3GWM="},"lastRemoteEphemeralKey":"BXH8CbiWo+qASnvAGfezxNeFKzvRTylN70gyprC+EhIe","previousCounter":0,"rootKey":"SNSqx6ksCeKQcJwCl9KCHB/w5x9WNM88HjeSk4vVOeU="},"indexInfo":{"baseKey":"BSm74h+XcsKOcnhCnBfVm7dEK1hkizCDiGM6PqHtkxh7","baseKeyType":1,"closed":-1,"used":1737102400656,"created":1737102400656,"remoteIdentityKey":"BSGIwKR3Bn9ZnsIE/iTOylFhyZxMhRyUOYmPmQQlYqJk"},"_chains":{"BTxs0cOXSKS+rUQ94k4XIFmQGGGVhPwx58j4hzdu1+gi":{"chainKey":{"counter":0,"key":"sxJg4oCWwmIJwPytnZHAADp39lIbhWJ62Dc6t88RfS0="},"chainType":1,"messageKeys":{}}},"pendingPreKey":{"signedKeyId":1,"baseKey":"BSm74h+XcsKOcnhCnBfVm7dEK1hkizCDiGM6PqHtkxh7","preKeyId":2577483}}},"version":"v1"}