{"_sessions":{"BXL+1pEL0cGyFH7R8PY/gR64zwZLm068SobMVSzbfbgE":{"registrationId":633089082,"currentRatchet":{"ephemeralKeyPair":{"pubKey":"BYKahup8a7FYvfeEXVWpMLFLkanA0g6gKAd55Lyhglhk","privKey":"MKdCRgI5vH8+3qeys3VJKXLC1ikgpcGTRjr8B2+a8WQ="},"lastRemoteEphemeralKey":"BRPy+vUBFv008Yss03/ofoPjHWWiLpfUvSw/zR5HOPoy","previousCounter":0,"rootKey":"0CGHQGWSy+nssztZ/+pecI0YYTCkggg4WUZoIv4Qess="},"indexInfo":{"baseKey":"BXL+1pEL0cGyFH7R8PY/gR64zwZLm068SobMVSzbfbgE","baseKeyType":1,"closed":-1,"used":1737102399648,"created":1737102399648,"remoteIdentityKey":"BX3ecMLJUcc4W3f6VKue+QS5kYC/RdnOa0xgaKdqAIlr"},"_chains":{"BYKahup8a7FYvfeEXVWpMLFLkanA0g6gKAd55Lyhglhk":{"chainKey":{"counter":0,"key":"RLR25h1iXEbpaNMSX0QvfxeIpM8nnsAkIP01TFx4Wjw="},"chainType":1,"messageKeys":{}}},"pendingPreKey":{"signedKeyId":2,"baseKey":"BXL+1pEL0cGyFH7R8PY/gR64zwZLm068SobMVSzbfbgE","preKeyId":8282373}}},"version":"v1"}