{"_sessions":{"BSbfpezaKtO7T18vJBrk8vwH0dOP9x5azIjLgFfC+YVd":{"registrationId":1157073685,"currentRatchet":{"ephemeralKeyPair":{"pubKey":"BUNeBZg+BZKmFUp+Y7h3CJD2zZGbK39LTD48N8RO6Ul1","privKey":"wMDsLJGPMzFDRB1R1ohZ2xs3SEJJG97Bt67QyzYRXkA="},"lastRemoteEphemeralKey":"BfDmzI1OxeJbMmALUc0icVWg2wamkLUVtz7HimodPghN","previousCounter":0,"rootKey":"faFALZnkT5VOEcwv6SjDLrEYA9y3OypNA1Pg7UArdAw="},"indexInfo":{"baseKey":"BSbfpezaKtO7T18vJBrk8vwH0dOP9x5azIjLgFfC+YVd","baseKeyType":1,"closed":-1,"used":1737104170945,"created":1737104170945,"remoteIdentityKey":"BbO4bbl0Nv0cVKZYB9sdR9pTZCQEk1RbS2B+Ph7yItlU"},"_chains":{"BUNeBZg+BZKmFUp+Y7h3CJD2zZGbK39LTD48N8RO6Ul1":{"chainKey":{"counter":0,"key":"EIZakTMbPQW8YJKKhbVNWJXedNaZ2HMbpI6/gcRKp4A="},"chainType":1,"messageKeys":{}}},"pendingPreKey":{"signedKeyId":3,"baseKey":"BSbfpezaKtO7T18vJBrk8vwH0dOP9x5azIjLgFfC+YVd","preKeyId":2370074}}},"version":"v1"}