{"_sessions":{"BbocU/dV88+Mw6mO3LvV1TNFvd2+RHOkByntzji2xpUP":{"registrationId":62,"currentRatchet":{"ephemeralKeyPair":{"pubKey":"BcGLr9k6v3l8JmVFFNW826W/i3GJ0r3OfeLeLx68kuwX","privKey":"oCeTThTf0aW5L2nI61MMrJgzVncRr6xh9POgVyBEPWQ="},"lastRemoteEphemeralKey":"BZXOQlR9xmaY+R/AR0F0hFSkrdgJV1RsHSfFvAYMw/Ud","previousCounter":0,"rootKey":"zUxlN0oQAKBzDfCJhjZKM/oUEgfYbhMqCiV2uRhDZLE="},"indexInfo":{"baseKey":"BbocU/dV88+Mw6mO3LvV1TNFvd2+RHOkByntzji2xpUP","baseKeyType":2,"closed":1737099463438,"used":1737099463412,"created":1737099463412,"remoteIdentityKey":"Berfh8EZZDQ1C0FrSfrSeBmKPzXzabenhN1KZmJRbrwo"},"_chains":{"BZXOQlR9xmaY+R/AR0F0hFSkrdgJV1RsHSfFvAYMw/Ud":{"chainKey":{"counter":0,"key":"2l65sQsKNHMOVVW1JGjIeVhOkM0xqvkdqQp3o3O1eDI="},"chainType":2,"messageKeys":{}},"BcGLr9k6v3l8JmVFFNW826W/i3GJ0r3OfeLeLx68kuwX":{"chainKey":{"counter":-1,"key":"vm9ADEyIsTFkxvOE9QEORbD6jvZWD2jXuzG3C8OoH3o="},"chainType":1,"messageKeys":{}}}},"BegRpde2T4DNod4k0Z5EvOSsjgwyP0dYkdR3lL5Sjd9B":{"registrationId":62,"currentRatchet":{"ephemeralKeyPair":{"pubKey":"BQ5Dk8d4na4KrJTXHwd61UYMD7ugfw9DidDWklV5oasg","privKey":"AJ6Bxl/jcMl2Jf1e63+3b+8ENLY9pWklvoyHyuF0tXE="},"lastRemoteEphemeralKey":"BQh0zt6jemlwiTbP5n+qcBhVIaHCvv2qP6YlYpdnXckG","previousCounter":0,"rootKey":"BpKtGrQUO7bqjsgCtKMMyzy6dk1OGU8YXNHRquoz1us="},"indexInfo":{"baseKey":"BegRpde2T4DNod4k0Z5EvOSsjgwyP0dYkdR3lL5Sjd9B","baseKeyType":2,"closed":-1,"used":1737099463445,"created":1737099463445,"remoteIdentityKey":"Berfh8EZZDQ1C0FrSfrSeBmKPzXzabenhN1KZmJRbrwo"},"_chains":{"BQh0zt6jemlwiTbP5n+qcBhVIaHCvv2qP6YlYpdnXckG":{"chainKey":{"counter":2,"key":"Bv9YCOSfmrE57uEhnaT2Z+RA8LWMw/iNyWEkY/Bp+SQ="},"chainType":2,"messageKeys":{}},"BQ5Dk8d4na4KrJTXHwd61UYMD7ugfw9DidDWklV5oasg":{"chainKey":{"counter":-1,"key":"vySLdjP3KoczrJjJtbW1oMxLbCrXKcxTjhiEzea0SFA="},"chainType":1,"messageKeys":{}}}}},"version":"v1"}