{"_sessions":{"BfnMz/ZU8qLPPff3zVyb8SdG1M4ImieXT5PFyGIjBsAR":{"registrationId":29,"currentRatchet":{"ephemeralKeyPair":{"pubKey":"BcmCuFLf6Jq4MGLD99Ug6KcTrU1dYPQH6nzxoH6WPQRE","privKey":"ONbQx477k30D5Y/dfVRLw7hetUG8kuCvbvigokuCDlU="},"lastRemoteEphemeralKey":"BbJSJPrTauDiMIa29yOFAHDEErMvorEIM8buNlV/WbUx","previousCounter":0,"rootKey":"OyoggFArbnjPwPBvExbW7z4CExPwHe7kqoGhEA8sNmk="},"indexInfo":{"baseKey":"BfnMz/ZU8qLPPff3zVyb8SdG1M4ImieXT5PFyGIjBsAR","baseKeyType":2,"closed":-1,"used":1737105301717,"created":1737104614595,"remoteIdentityKey":"BXgXYbvePOf62fQslAu49knJYeSM7hZlGqSiHnT3oPgk"},"_chains":{"BfCRAMiQdHLFuFX7Wii5v88/z/ujvX0BddfwvLrKNVV6":{"chainKey":{"counter":6},"chainType":2,"messageKeys":{}},"Bf+VKCZCnfVXvb+3e/xUunbqG2FmoPmBWUHsJUebNCcJ":{"chainKey":{"counter":0},"chainType":2,"messageKeys":{}},"BbJSJPrTauDiMIa29yOFAHDEErMvorEIM8buNlV/WbUx":{"chainKey":{"counter":0,"key":"h5YVTUoHhyg+mQ0LYv57UZD1HxQvTCbq2n2rRVCfi8A="},"chainType":2,"messageKeys":{}},"BcmCuFLf6Jq4MGLD99Ug6KcTrU1dYPQH6nzxoH6WPQRE":{"chainKey":{"counter":0,"key":"XtYWuJWF3B06yf7aN4oKpt5T0i9s6extfB/KziioN9k="},"chainType":1,"messageKeys":{}}}}},"version":"v1"}