{"_sessions":{"BQWeecRbA/6PEIA8NmFQsauW8q1T9zlzSWGt0Wohd1pd":{"registrationId":1067501153,"currentRatchet":{"ephemeralKeyPair":{"pubKey":"BW8WbmLYLQnVHmPCfRt8StSkYNhzxUjtvkYNbmC3Mkpy","privKey":"6Jql8hYw9m1AzoexYTpoOwRpwew+7TXBKYfuBpnPIUQ="},"lastRemoteEphemeralKey":"BTtZWGDNX+67BPjyyRURJ0oIWknGbGLDXLgM15a1PYEG","previousCounter":0,"rootKey":"2fMQUZ14iddHfc6XNZFDmPrAqrSyEiSlTi19HlH1loQ="},"indexInfo":{"baseKey":"BQWeecRbA/6PEIA8NmFQsauW8q1T9zlzSWGt0Wohd1pd","baseKeyType":1,"closed":-1,"used":1737102401355,"created":1737102401355,"remoteIdentityKey":"Be9ClKFRLdSY9BsV3iPuFHNku9FjVf9xatsbxEn3OjM/"},"_chains":{"BW8WbmLYLQnVHmPCfRt8StSkYNhzxUjtvkYNbmC3Mkpy":{"chainKey":{"counter":0,"key":"KqWr3Y9tcOF+YUXPoSZZujunNO/oHENqXxETw7sAIF8="},"chainType":1,"messageKeys":{}}},"pendingPreKey":{"signedKeyId":1,"baseKey":"BQWeecRbA/6PEIA8NmFQsauW8q1T9zlzSWGt0Wohd1pd"}}},"version":"v1"}