{"_sessions":{"BVBErAeHCnlmiTiol7uhiZfMhQJVgrEsKFLNYGr/gQAC":{"registrationId":1571423066,"currentRatchet":{"ephemeralKeyPair":{"pubKey":"Bd1IX1nSfA6K73iSbOIJvT44V1+tgK6/N7hq/MmkLH0Q","privKey":"yJJxhnCHmwKWsIMfMvEYTVVWKWGALz6IZti+OtxpGmQ="},"lastRemoteEphemeralKey":"BRwX+hTIRAFZ1TiJqIau8foyMDQ0yIRLWNNeZgQKQTt6","previousCounter":0,"rootKey":"q66H5nomChsMbhKN864TRiZOpOSGayTBBXyqhdldVtY="},"indexInfo":{"baseKey":"BVBErAeHCnlmiTiol7uhiZfMhQJVgrEsKFLNYGr/gQAC","baseKeyType":1,"closed":-1,"used":1737102400288,"created":1737102400288,"remoteIdentityKey":"Bb1VoFDcNTAeI2RDiXAw3oOhJcBuERb5/kPjjrrkPkp6"},"_chains":{"Bd1IX1nSfA6K73iSbOIJvT44V1+tgK6/N7hq/MmkLH0Q":{"chainKey":{"counter":0,"key":"q6v8nza8LJs5pLjrK3vMRWoSUsVdmOs6GeCgjR+m9yw="},"chainType":1,"messageKeys":{}}},"pendingPreKey":{"signedKeyId":22,"baseKey":"BVBErAeHCnlmiTiol7uhiZfMhQJVgrEsKFLNYGr/gQAC","preKeyId":3734131}}},"version":"v1"}