{"_sessions":{"BVfyQkNzRC09AfCKiW0Mp5ccCVbVaFG/tLEWTNfJNDdg":{"registrationId":892263639,"currentRatchet":{"ephemeralKeyPair":{"pubKey":"BV0TaHueQXLMKz1Vdk7w3VGSwBb466MsQ6ZO4s126Mcu","privKey":"WD6dp/2pVZRVcIUzltNlpcdKlO4UXOZi5G7zao4kVUg="},"lastRemoteEphemeralKey":"Bc4GD0yJSROK7iUvuPdZRMYmlEi7LUWFwRJkUaVvLq1Z","previousCounter":0,"rootKey":"bzh44cGLd3W7wbajOJGbSGE3eEsHmhieYds1+PlIVyA="},"indexInfo":{"baseKey":"BVfyQkNzRC09AfCKiW0Mp5ccCVbVaFG/tLEWTNfJNDdg","baseKeyType":1,"closed":-1,"used":1737104171204,"created":1737104171204,"remoteIdentityKey":"BeG2kOrpWpCcKwjrWVQshdTPESP8/KQaheYkbhJOkTIS"},"_chains":{"BV0TaHueQXLMKz1Vdk7w3VGSwBb466MsQ6ZO4s126Mcu":{"chainKey":{"counter":0,"key":"K+/g5C/eORxrVHbcFSRGqtPMan1gY3Pp0QzyCfnOX+Y="},"chainType":1,"messageKeys":{}}},"pendingPreKey":{"signedKeyId":2,"baseKey":"BVfyQkNzRC09AfCKiW0Mp5ccCVbVaFG/tLEWTNfJNDdg","preKeyId":10206988}}},"version":"v1"}