{"_sessions":{"BXszJ3/jJMkI2aEFQZ2Mg6V4wO/FxWZxgtPRzZ5OIi5d":{"registrationId":977786604,"currentRatchet":{"ephemeralKeyPair":{"pubKey":"BbjLNEbTJ68OWk3fRuGzW3JzpAXjvVA7scnBTX5f4oBO","privKey":"kGL5xuJj6FHBY5Q3uaRVfeDJx59SVbmUTq+o12G6qFM="},"lastRemoteEphemeralKey":"BQp5S91HxaWLhEtFx+qMsQDBUWJrs2y/XzMYQaciqIJx","previousCounter":0,"rootKey":"44UYHoVqaDTqTYh6S56WLWdJ//EBp5/yA+2TzG0NWZc="},"indexInfo":{"baseKey":"BXszJ3/jJMkI2aEFQZ2Mg6V4wO/FxWZxgtPRzZ5OIi5d","baseKeyType":1,"closed":-1,"used":1737104171479,"created":1737104171479,"remoteIdentityKey":"BUdx4R23NJdHcjUzrWOEDpYsR1HlxQJlQauVTeGozGli"},"_chains":{"BbjLNEbTJ68OWk3fRuGzW3JzpAXjvVA7scnBTX5f4oBO":{"chainKey":{"counter":0,"key":"bEhzmnVlXqmDJ9NKiweb37NdPD6QbObUXTKX5HqYhUM="},"chainType":1,"messageKeys":{}}},"pendingPreKey":{"signedKeyId":1,"baseKey":"BXszJ3/jJMkI2aEFQZ2Mg6V4wO/FxWZxgtPRzZ5OIi5d","preKeyId":15204349}}},"version":"v1"}