{"_sessions":{"BUwwY4v+oeBM+GaceUmzjvpQtOIMtSnmO0h2im1NkRge":{"registrationId":1626685453,"currentRatchet":{"ephemeralKeyPair":{"pubKey":"BaXRDAqHOVnGQvD4ej+5sHVntESM7bvZw31y5n5sIWlg","privKey":"OMUeahKe6e8zcIutkNrPuLM4ma/HGiVQOr6pUCw6q1M="},"lastRemoteEphemeralKey":"BWi7fVXfhepidqkV7zSmxVvSdTfom4MqQWkzBwh3X5Eo","previousCounter":0,"rootKey":"CNv3nFO1OaASVP2rluMhkrYCKVh0eKd6O7/2UolqlQw="},"indexInfo":{"baseKey":"BUwwY4v+oeBM+GaceUmzjvpQtOIMtSnmO0h2im1NkRge","baseKeyType":1,"closed":-1,"used":1737104171439,"created":1737104171439,"remoteIdentityKey":"Ba58TjytO8m/QX/ckD5HFddKvWEy1p9ZE/d0IrAJCDUO"},"_chains":{"BaXRDAqHOVnGQvD4ej+5sHVntESM7bvZw31y5n5sIWlg":{"chainKey":{"counter":0,"key":"lT1mXsMklz1I2ubJn5jjcEVAaEiaFsCzkxZ1ghqaIn4="},"chainType":1,"messageKeys":{}}},"pendingPreKey":{"signedKeyId":0,"baseKey":"BUwwY4v+oeBM+GaceUmzjvpQtOIMtSnmO0h2im1NkRge"}}},"version":"v1"}