{"_sessions":{"BV74J5P4wb92K4tuI+rd8ffKiUfqpVfGUZ3O7XDMnvgb":{"registrationId":974521812,"currentRatchet":{"ephemeralKeyPair":{"pubKey":"BWt/DLOD8jC5OnI0ylMFvTO+Hs++mu4DoJgPguy8Ujo4","privKey":"kDggITEZDsUNve/aJOcP9mtG/MtS30ZiwS1qJxWQvXE="},"lastRemoteEphemeralKey":"BQFXlQKjn3QB3JragF4t1qih2NUlaco//HU5FsKuZQx1","previousCounter":0,"rootKey":"qtPXCKpUMf7/uPYtTDNZPdQFp154PDIQAu1vhLMs5NA="},"indexInfo":{"baseKey":"BV74J5P4wb92K4tuI+rd8ffKiUfqpVfGUZ3O7XDMnvgb","baseKeyType":1,"closed":-1,"used":1737104171688,"created":1737104171688,"remoteIdentityKey":"BeLdlmqkW1RGzSVW5S7HLE9hGinHpZyE+CR62VJHBrVv"},"_chains":{"BWt/DLOD8jC5OnI0ylMFvTO+Hs++mu4DoJgPguy8Ujo4":{"chainKey":{"counter":0,"key":"B/+nuqHqeDmNa/9PCZlD1EfdhiZgEiOS4iyJDVEVa4Q="},"chainType":1,"messageKeys":{}}},"pendingPreKey":{"signedKeyId":0,"baseKey":"BV74J5P4wb92K4tuI+rd8ffKiUfqpVfGUZ3O7XDMnvgb","preKeyId":4560234}}},"version":"v1"}