{"_sessions":{"BRK+9evHK+0KvXIkKtANoSi0z6efe01//Zn7TnO0QOQe":{"registrationId":869578052,"currentRatchet":{"ephemeralKeyPair":{"pubKey":"BceZAldSz0IIxPXcly/VriF85Gyywh8m2uqCLRhEIhcT","privKey":"8HEX64BW9XkCHWucvOLVgrU0WJEk6xDsIwiNXMqi02g="},"lastRemoteEphemeralKey":"BUXR6scR9Hqab3S39xO7pKF6kCI+IG9UqQmJNrWkdCZF","previousCounter":0,"rootKey":"2ThClsUGGcVoP+tvUb8zvgQorQElPMkJgMTcuFyWaio="},"indexInfo":{"baseKey":"BRK+9evHK+0KvXIkKtANoSi0z6efe01//Zn7TnO0QOQe","baseKeyType":1,"closed":-1,"used":1737102401209,"created":1737102401209,"remoteIdentityKey":"BeL8pOdyrgRYbuplMCTC110rQMcNozidlvYBAHPNzfcn"},"_chains":{"BceZAldSz0IIxPXcly/VriF85Gyywh8m2uqCLRhEIhcT":{"chainKey":{"counter":0,"key":"HTSaGggvwAyVo6nfMn50Kj+W359TFdeq9/qaiYRkdro="},"chainType":1,"messageKeys":{}}},"pendingPreKey":{"signedKeyId":1,"baseKey":"BRK+9evHK+0KvXIkKtANoSi0z6efe01//Zn7TnO0QOQe","preKeyId":51903}}},"version":"v1"}