{"_sessions":{"BTlTPDnWiflQ51GPGwkxLuHduyimDl8hJEc+A/0PHmNU":{"registrationId":1254588608,"currentRatchet":{"ephemeralKeyPair":{"pubKey":"BX+0CffKtAtzWvX94Dmygj7D+JU6PX4Zs6zfkedgUO53","privKey":"QMD9NIu/aeqhztTMo/0vx5xreZBuciTbdbAo8SPzeWA="},"lastRemoteEphemeralKey":"BQ4XVS9mtOijZmGYvws/D4GtZE1pBNZSMlK8WjupEUpW","previousCounter":0,"rootKey":"EVTPIn1p0NoyTtwSpRM/JnjRvIP4LMoMqRSvgvvbZqc="},"indexInfo":{"baseKey":"BTlTPDnWiflQ51GPGwkxLuHduyimDl8hJEc+A/0PHmNU","baseKeyType":1,"closed":-1,"used":1737102400479,"created":1737102400479,"remoteIdentityKey":"BdcpLO82y7QbpuWcvxRXywH2ltIE9ATHXmF1818Damsx"},"_chains":{"BX+0CffKtAtzWvX94Dmygj7D+JU6PX4Zs6zfkedgUO53":{"chainKey":{"counter":0,"key":"Img4L4i4z9xr93NK/QWJdMd99Z+hXFq9ftcWyZVoWJU="},"chainType":1,"messageKeys":{}}},"pendingPreKey":{"signedKeyId":2,"baseKey":"BTlTPDnWiflQ51GPGwkxLuHduyimDl8hJEc+A/0PHmNU","preKeyId":7951950}}},"version":"v1"}