{"_sessions":{"BdijSy2FPpQ5imYrf/DMEU3yRE3Nvau/j+HV0sL9VD1M":{"registrationId":355632939,"currentRatchet":{"ephemeralKeyPair":{"pubKey":"BT9Wiy76fVt9/+WYdqZ2YzGYRlcsKeXqpsY4qiFWkKFu","privKey":"8EirqKClwLOcWgpjV4rtucxbNuZHfBpiGoUAHa6YEW0="},"lastRemoteEphemeralKey":"BVJS/z2SYHzpb+i60WKYYzkbMiedlLxpFFcPxHTPqI17","previousCounter":0,"rootKey":"f+HlczFYWVEC+PKxFqnCDLQ599HRYS6ZIkkTOj41FAU="},"indexInfo":{"baseKey":"BdijSy2FPpQ5imYrf/DMEU3yRE3Nvau/j+HV0sL9VD1M","baseKeyType":1,"closed":-1,"used":1737102401447,"created":1737102401447,"remoteIdentityKey":"BfiKwO1bWlokG7LCEEuR56jQfDHlv9FE+ILVB830b7ZM"},"_chains":{"BT9Wiy76fVt9/+WYdqZ2YzGYRlcsKeXqpsY4qiFWkKFu":{"chainKey":{"counter":0,"key":"5HNCuibwL5mZDQBfAVXk01b7GcOcaN6Btn4Dd4FH/lk="},"chainType":1,"messageKeys":{}}},"pendingPreKey":{"signedKeyId":0,"baseKey":"BdijSy2FPpQ5imYrf/DMEU3yRE3Nvau/j+HV0sL9VD1M"}}},"version":"v1"}