{"_sessions":{"BdnOJWoVdPhI9GE2ahPx8E00whpouvRpYIwENRpjM9hT":{"registrationId":1087095891,"currentRatchet":{"ephemeralKeyPair":{"pubKey":"BSwH9zA64GRAlkcBN5u1oG9XRsz5vIuiN2mNX8BEWHA4","privKey":"cAA6WyiuLHOmZB0BFgMPbHA/6YKWHjlez8r+j3fNrWQ="},"lastRemoteEphemeralKey":"BdMSH1S7wdNvOpOSZgQpMydkahw1BfncAW0PLsF7ffIv","previousCounter":0,"rootKey":"Cyi8hHtWUWEyTI0/0Y09d89gflLcI8QyNq8cem2D7P8="},"indexInfo":{"baseKey":"BdnOJWoVdPhI9GE2ahPx8E00whpouvRpYIwENRpjM9hT","baseKeyType":1,"closed":-1,"used":1737102400848,"created":1737102400848,"remoteIdentityKey":"BRkIUATHsBTI3B2VJN2jr++OgcDCSRdiplCY14nouAof"},"_chains":{"BSwH9zA64GRAlkcBN5u1oG9XRsz5vIuiN2mNX8BEWHA4":{"chainKey":{"counter":0,"key":"hb6ldO57RJI9XHc/79ImEspBV4iRGWzNEynEmRyRQ/g="},"chainType":1,"messageKeys":{}}},"pendingPreKey":{"signedKeyId":0,"baseKey":"BdnOJWoVdPhI9GE2ahPx8E00whpouvRpYIwENRpjM9hT"}}},"version":"v1"}