{"_sessions":{"BR+wQbhA8jcGoyfnrAhtpplhHmjGB4v8Y+/NLBZ85G8Z":{"registrationId":436491075,"currentRatchet":{"ephemeralKeyPair":{"pubKey":"BWrhpvM9eSiJk5Zo9jn4AEL07C0isdo27kI3clX5ayxt","privKey":"+PCnHKop2DOE73o50SQZImFixr5+Xr7dP5SpzWv9V0c="},"lastRemoteEphemeralKey":"BdpW01wRZz2ydLMnNC/kr6h21koZpugNWW7ux48Cd1Qr","previousCounter":0,"rootKey":"D3+BRWJaG81XKFvog3SfDsPYl3LtzUeh8IRHndEFI2k="},"indexInfo":{"baseKey":"BR+wQbhA8jcGoyfnrAhtpplhHmjGB4v8Y+/NLBZ85G8Z","baseKeyType":1,"closed":-1,"used":1737104171186,"created":1737104171186,"remoteIdentityKey":"BSih1q/HGyoOsg6wP7j6FxAg4gz1s6wH+/UX9wQQM4su"},"_chains":{"BWrhpvM9eSiJk5Zo9jn4AEL07C0isdo27kI3clX5ayxt":{"chainKey":{"counter":0,"key":"BRhyNWFV8f7ODrw60TztA4bqb8KNEwmq/UTe1mZy6KU="},"chainType":1,"messageKeys":{}}},"pendingPreKey":{"signedKeyId":0,"baseKey":"BR+wQbhA8jcGoyfnrAhtpplhHmjGB4v8Y+/NLBZ85G8Z","preKeyId":12163657}}},"version":"v1"}