{"_sessions":{"BRTfl9QpZOeSgVkzYdHn4a8ef3VsgY0/lmn+/5WgCocN":{"registrationId":1928634470,"currentRatchet":{"ephemeralKeyPair":{"pubKey":"BbO8/dsxF2wW1P9IlH+Jnkkt3PsB0uNF8KhAj/7/uJYS","privKey":"8PM59gc6ysrIgVtrIixEUIj6Nok7FYZdRYaNFnZGkks="},"lastRemoteEphemeralKey":"BTXW03Wtf92lQEEIBk0L8a+axGPLXAIHzMaowz1uivAZ","previousCounter":0,"rootKey":"fZZF0QR7sPx+LWnh7OV1xN9IcEVKJaxr0Kz/JSz0akU="},"indexInfo":{"baseKey":"BRTfl9QpZOeSgVkzYdHn4a8ef3VsgY0/lmn+/5WgCocN","baseKeyType":1,"closed":-1,"used":1737102400359,"created":1737102400359,"remoteIdentityKey":"BTR92zt3skG9QV4dx8uYfbdffl9Gfj3wpI6VWXEY+Lw0"},"_chains":{"BbO8/dsxF2wW1P9IlH+Jnkkt3PsB0uNF8KhAj/7/uJYS":{"chainKey":{"counter":0,"key":"2N1ioTDFOhwf9tgomhw6xj3mybubPpfxOihi6CVHnCo="},"chainType":1,"messageKeys":{}}},"pendingPreKey":{"signedKeyId":2,"baseKey":"BRTfl9QpZOeSgVkzYdHn4a8ef3VsgY0/lmn+/5WgCocN","preKeyId":3940064}}},"version":"v1"}