{"_sessions":{"Baj/MBlKdE6cS667hXzlgeO0dALf3wil4bhZatbkj5sg":{"registrationId":480369646,"currentRatchet":{"ephemeralKeyPair":{"pubKey":"BWmrzTsaPBD3nsrwxgTqw7KrDmAKzRri1Eovv+zyOi9e","privKey":"aIFjS7wZSS+0MGBTyEwEO9dk9wQD4mVYJs1unkKwlWc="},"lastRemoteEphemeralKey":"Bd4p3ed5X553MAGGurXNe5BDZcRp0+NAOQEvxlD2Ai4P","previousCounter":0,"rootKey":"YIUXko2XaoqJ13hlWOiuzSx7mNgIR7M870Itfw4gh40="},"indexInfo":{"baseKey":"Baj/MBlKdE6cS667hXzlgeO0dALf3wil4bhZatbkj5sg","baseKeyType":1,"closed":-1,"used":1737102401218,"created":1737102401218,"remoteIdentityKey":"BcqE94qt1s5rbKR8kkjVgEZtuoEZ7PERTfwty4l1BGsn"},"_chains":{"BWmrzTsaPBD3nsrwxgTqw7KrDmAKzRri1Eovv+zyOi9e":{"chainKey":{"counter":0,"key":"jFVhho+oVjwPxvzAVOyGVvwSjCCpvrqpLIhQLPbqfsU="},"chainType":1,"messageKeys":{}}},"pendingPreKey":{"signedKeyId":0,"baseKey":"Baj/MBlKdE6cS667hXzlgeO0dALf3wil4bhZatbkj5sg","preKeyId":8983773}}},"version":"v1"}