{"_sessions":{"BS/Y56gQd0MxaiVdfZmaR9gdAVx/w9F0zrtHZ8S6JB5P":{"registrationId":892737373,"currentRatchet":{"ephemeralKeyPair":{"pubKey":"BW677GDvEXKraYHsjakHUp+Hb4gGgM7lulqGtIavxDw9","privKey":"wLjjRKtaVRVZGwdO6lnyUgJ5+735cMRYkMxdfvRU4kY="},"lastRemoteEphemeralKey":"Bf4ALZQKAadqhEQ0uEaXWrOrLTA7WkUqACAIvrKqbd1e","previousCounter":0,"rootKey":"8oxjqAbViQi9OYV3PWsQ62bnEZ0CUahy5oHyLb+hp6g="},"indexInfo":{"baseKey":"BS/Y56gQd0MxaiVdfZmaR9gdAVx/w9F0zrtHZ8S6JB5P","baseKeyType":1,"closed":-1,"used":1737104171361,"created":1737104171361,"remoteIdentityKey":"BePWfQeebI8ACS/WGa2DfUoNir0AtlcECIz13BjhGoVy"},"_chains":{"BW677GDvEXKraYHsjakHUp+Hb4gGgM7lulqGtIavxDw9":{"chainKey":{"counter":0,"key":"Ew2tosSXMS+WrFuOsMVn6KDtVjY2+HnC490FIUCzlyE="},"chainType":1,"messageKeys":{}}},"pendingPreKey":{"signedKeyId":10,"baseKey":"BS/Y56gQd0MxaiVdfZmaR9gdAVx/w9F0zrtHZ8S6JB5P","preKeyId":13208708}}},"version":"v1"}