{"_sessions":{"BZiP0kYnMwp1J5B3XpD8ZnXBcyJEUOveoDhc5o0DG4Ae":{"registrationId":1271614207,"currentRatchet":{"ephemeralKeyPair":{"pubKey":"BZWpSepufgSTymKEJb8YCTp3KoDII45knreK1fqRz+QG","privKey":"0JsoB5YTZ771ZS80ymQFZSgba1W7qS54tIv00gMB1Hc="},"lastRemoteEphemeralKey":"Bc9QqBdSyQWOSA1dDdWEDlJZkDEsJcfARlwHgQR5QTF4","previousCounter":0,"rootKey":"UJECsrheaIyv2zd41DVw02eg2rQ3cEClBYrYJ2lgKJo="},"indexInfo":{"baseKey":"BZiP0kYnMwp1J5B3XpD8ZnXBcyJEUOveoDhc5o0DG4Ae","baseKeyType":1,"closed":-1,"used":1737102399441,"created":1737102399441,"remoteIdentityKey":"BaKrkRNZh+DAllzirfn7gT5wBKxEejiWkhQPNJHvNtoM"},"_chains":{"BZWpSepufgSTymKEJb8YCTp3KoDII45knreK1fqRz+QG":{"chainKey":{"counter":0,"key":"PgO2Ycy20qLuyDWjI45yaxLD2lwwfeSt1a8JidMoAtI="},"chainType":1,"messageKeys":{}}},"pendingPreKey":{"signedKeyId":0,"baseKey":"BZiP0kYnMwp1J5B3XpD8ZnXBcyJEUOveoDhc5o0DG4Ae"}}},"version":"v1"}