{"_sessions":{"BUVk0fH0hYv0Lwy/j2RZVc3D6ZAUJEs3+0rr4ybNHGMK":{"registrationId":384534573,"currentRatchet":{"ephemeralKeyPair":{"pubKey":"BViHE5CukNTvLtyOlEHAmGKZg1xl2CJ+QWexCM4OsY8o","privKey":"2F26aajvljQclAcJFD9u8qtiUsT3OT0OGIx2xxWUvk0="},"lastRemoteEphemeralKey":"Bf2GlaOTINr6Oc3oy+fvMLqVsl3SyCEaNn0cwBRr7alM","previousCounter":0,"rootKey":"l7IA1yujIsqx9UwY6URZnH02RAdpCxWAuTqOxyOy1J4="},"indexInfo":{"baseKey":"BUVk0fH0hYv0Lwy/j2RZVc3D6ZAUJEs3+0rr4ybNHGMK","baseKeyType":1,"closed":-1,"used":1737102400229,"created":1737102400229,"remoteIdentityKey":"BTt5co1KFDGbqa+3C94tJNn0BhIJPNvXf624GvHL2WAl"},"_chains":{"BViHE5CukNTvLtyOlEHAmGKZg1xl2CJ+QWexCM4OsY8o":{"chainKey":{"counter":0,"key":"JoB0vQ0H0WejgN+eEWnYpCyIyHF18jyXpBGgHPF13lc="},"chainType":1,"messageKeys":{}}},"pendingPreKey":{"signedKeyId":1,"baseKey":"BUVk0fH0hYv0Lwy/j2RZVc3D6ZAUJEs3+0rr4ybNHGMK","preKeyId":5553118}}},"version":"v1"}