{"_sessions":{"BcZiTwOwYE5fM05hu4HSNC/BP+dZiUyoyggRGQUDfIlA":{"registrationId":82843662,"currentRatchet":{"ephemeralKeyPair":{"pubKey":"BfFV6IMBbj9dnH95IimkTRHFv3Kl37rQWmAhr+oCbBZW","privKey":"+C6s9ts7DU9HgMwtz+bW0u42r7OKkmAJsuWanAwh4Vw="},"lastRemoteEphemeralKey":"BUQshpqcacW8cDhob/AI7Za+C7xlnlXuy7/2it6t68Mh","previousCounter":0,"rootKey":"T9SVoaxULGHArOKPlNlX6SyAHFEVnsQStPtVs9dfx+4="},"indexInfo":{"baseKey":"BcZiTwOwYE5fM05hu4HSNC/BP+dZiUyoyggRGQUDfIlA","baseKeyType":1,"closed":-1,"used":1737102400352,"created":1737102400352,"remoteIdentityKey":"BXK3y+njCPeEll9Un1ISLbBTCoghFZBE/CeQDQmV54gc"},"_chains":{"BfFV6IMBbj9dnH95IimkTRHFv3Kl37rQWmAhr+oCbBZW":{"chainKey":{"counter":0,"key":"c1yZdn4F/6r1aihtdNdB9Po/M0cy7aL6bnaKeyyrN4s="},"chainType":1,"messageKeys":{}}},"pendingPreKey":{"signedKeyId":5,"baseKey":"BcZiTwOwYE5fM05hu4HSNC/BP+dZiUyoyggRGQUDfIlA","preKeyId":2095080}}},"version":"v1"}