{"_sessions":{"BfReaXELxBqi2//X7NqZzILe9t/MJH82ofprRC4R7t9+":{"registrationId":1206328474,"currentRatchet":{"ephemeralKeyPair":{"pubKey":"BeQ2S5QBfDgUmtqaEHlECsAqkMNRCxtDiQWtqzfYtRRo","privKey":"8IXu7d+/pS6SI0WioCgK5zscF9zs1XQkMJBg5MtPwXc="},"lastRemoteEphemeralKey":"BZYRDxzNuMPuTSuOPzfQRgD90eO3+a6AduNb2BQZSbI4","previousCounter":0,"rootKey":"CXCtjNuRkwHvRfwOK+GiLbfxkK9Nr3TCn4U+coCYPqA="},"indexInfo":{"baseKey":"BfReaXELxBqi2//X7NqZzILe9t/MJH82ofprRC4R7t9+","baseKeyType":1,"closed":-1,"used":1737102401537,"created":1737102401537,"remoteIdentityKey":"BfAzMRIbSirzlXKK3ALPSrQO4NkDzPX8yh2F6+nTeTcl"},"_chains":{"BeQ2S5QBfDgUmtqaEHlECsAqkMNRCxtDiQWtqzfYtRRo":{"chainKey":{"counter":0,"key":"IfRa4swB8GqRo6KUATuZSGbzAi1tazPy7jpOdXUicKc="},"chainType":1,"messageKeys":{}}},"pendingPreKey":{"signedKeyId":12,"baseKey":"BfReaXELxBqi2//X7NqZzILe9t/MJH82ofprRC4R7t9+"}}},"version":"v1"}