{"_sessions":{"Bc/MuVCLQxsuA575do7/KSR6Ni3cAcM7MtqfKkCsKrFA":{"registrationId":896923604,"currentRatchet":{"ephemeralKeyPair":{"pubKey":"BR9JivGsHI8PzUMTTd5rSvRdWlqBRKaprlnR3YItQRMd","privKey":"APrJxgmJWqHt2JJo+A2XznogOie4+PdT5t5CNy3Lamc="},"lastRemoteEphemeralKey":"Bf+ysQHtJ4ANrLuzOhrVFwuKNEcmdHg3onwuRvr+hoZx","previousCounter":0,"rootKey":"R+aT8Ygk8nOi9EbE/IKHQFB2zq8qpmOcUkMfQ5Wj07I="},"indexInfo":{"baseKey":"Bc/MuVCLQxsuA575do7/KSR6Ni3cAcM7MtqfKkCsKrFA","baseKeyType":1,"closed":-1,"used":1737102401025,"created":1737102401025,"remoteIdentityKey":"Be2fCZHTz4xHPFlhITQm1hYcMPN/xHqawoMBBlYZkFMb"},"_chains":{"BR9JivGsHI8PzUMTTd5rSvRdWlqBRKaprlnR3YItQRMd":{"chainKey":{"counter":0,"key":"WXSIfTP/gTC2ISqOoWxPHFKSS6KuFqUGOAg4tCCqdt4="},"chainType":1,"messageKeys":{}}},"pendingPreKey":{"signedKeyId":1,"baseKey":"Bc/MuVCLQxsuA575do7/KSR6Ni3cAcM7MtqfKkCsKrFA"}}},"version":"v1"}