{"_sessions":{"BdraojDNtwUDOU4AT+oYxiEl8HufMlXsJfUvi6Xh7i0t":{"registrationId":212750384,"currentRatchet":{"ephemeralKeyPair":{"pubKey":"BTMow0izht2E4DXj5X55yKRGVkiQRIXxnLWDU0PNJiZ5","privKey":"MB06yCFhzBTeg59Mx5xaDqE3I3g1VxIDvayouP/Ro2o="},"lastRemoteEphemeralKey":"BZIAFNTxmfAX4KviipHUrI+rTmL5/0Cdjq1ru6UR4NQ8","previousCounter":0,"rootKey":"ut4ikvGDUzgShakxC9xjwSq5ZD+Oi0zT5jFPhMq4GNM="},"indexInfo":{"baseKey":"BdraojDNtwUDOU4AT+oYxiEl8HufMlXsJfUvi6Xh7i0t","baseKeyType":1,"closed":-1,"used":1737104171662,"created":1737104171662,"remoteIdentityKey":"BQ31KeqQJEYoMKWh7hiGci3enbHnqQx3NSitX7Pq5Sgs"},"_chains":{"BTMow0izht2E4DXj5X55yKRGVkiQRIXxnLWDU0PNJiZ5":{"chainKey":{"counter":0,"key":"rFH8QJ0uNrjSjp7MAUe2HcRTeDptf0j2etC8LZhsrYo="},"chainType":1,"messageKeys":{}}},"pendingPreKey":{"signedKeyId":6,"baseKey":"BdraojDNtwUDOU4AT+oYxiEl8HufMlXsJfUvi6Xh7i0t","preKeyId":5401104}}},"version":"v1"}