{"_sessions":{"BecRuyLTpV14pHhfOdgAgHma2N2uF0+MYD0x5jbbs+Uc":{"registrationId":1049651824,"currentRatchet":{"ephemeralKeyPair":{"pubKey":"BXTzLbCkXd7W/pomjFrGTwLh/fICHmfq4VNUro7Nfg1m","privKey":"mEn5hpYXS28F10YWKuF5/VhxXD1CaBheJ+feRrFKTWI="},"lastRemoteEphemeralKey":"Bba5E/u3C7Rn0TnooHjfE9Q6DP8nHvYnM0Otn073jm4C","previousCounter":0,"rootKey":"EA1XXsHajbhzMY9JJJFeWbftifH24twFmbg8EiZufUk="},"indexInfo":{"baseKey":"BecRuyLTpV14pHhfOdgAgHma2N2uF0+MYD0x5jbbs+Uc","baseKeyType":1,"closed":-1,"used":1737102400853,"created":1737102400853,"remoteIdentityKey":"BbmEvFKB1z9s9cDOeZQe4ay0Pzzl0DXhdMg4iX+ykBgd"},"_chains":{"BXTzLbCkXd7W/pomjFrGTwLh/fICHmfq4VNUro7Nfg1m":{"chainKey":{"counter":0,"key":"b5ENlQzcq0ty+5PU1h76xYKzEQEYKN+VgChsdN1A+yw="},"chainType":1,"messageKeys":{}}},"pendingPreKey":{"signedKeyId":5,"baseKey":"BecRuyLTpV14pHhfOdgAgHma2N2uF0+MYD0x5jbbs+Uc"}}},"version":"v1"}