{"_sessions":{"BfpPu1V0wt422EO3fHv5URJxaAHKms4WLb5qnPT16jxM":{"registrationId":745557544,"currentRatchet":{"ephemeralKeyPair":{"pubKey":"BRV3HrGdl9/U/1V1Myf5bZzB6kvMOwBcYEPrsC7fCw5N","privKey":"QPzVz0dzapYjwycJttDV0x+SqAXYaOSvCKYguPYV21s="},"lastRemoteEphemeralKey":"BQ1Rie1MS0djUwEH8fuIhY4zfeEwQ1wobdKvB3Ip4igm","previousCounter":0,"rootKey":"ooeZqVA37lOcIrWTvY3Z1Iq/PAU0p+sbjodFaG6Q2Pw="},"indexInfo":{"baseKey":"BfpPu1V0wt422EO3fHv5URJxaAHKms4WLb5qnPT16jxM","baseKeyType":1,"closed":-1,"used":1737104170976,"created":1737104170976,"remoteIdentityKey":"BQbmbo/ZNyGxslEpdlRwYjBm5ptmSS+VacGYjXSftnIx"},"_chains":{"BRV3HrGdl9/U/1V1Myf5bZzB6kvMOwBcYEPrsC7fCw5N":{"chainKey":{"counter":0,"key":"ZSQhrc+TwrJYcekk+mSPVDv8GoQkCWVvIDeTbIVnUkA="},"chainType":1,"messageKeys":{}}},"pendingPreKey":{"signedKeyId":7,"baseKey":"BfpPu1V0wt422EO3fHv5URJxaAHKms4WLb5qnPT16jxM","preKeyId":5213598}}},"version":"v1"}