{"_sessions":{"BXWaOApHiYV7Y8CGqlEeR5dSicdBi2LDwzdp8DZ9BMYP":{"registrationId":1248152780,"currentRatchet":{"ephemeralKeyPair":{"pubKey":"BTJoiu/Kp1A8OzbWVBTaHdgRjtvL/vGf/Oy4SZkPH/og","privKey":"iNQBQVO5sKJlcPC5WDNl8knShJw45mt2v5zXkT6zTVE="},"lastRemoteEphemeralKey":"BTo2BOR3l/5P7aEY3ZubmnyrgQH/z/v/Z75aky9/Dqc7","previousCounter":0,"rootKey":"14d6SwwnbkIbLWviCPsHLZXTapXxGA/WvPWR1PxysKQ="},"indexInfo":{"baseKey":"BXWaOApHiYV7Y8CGqlEeR5dSicdBi2LDwzdp8DZ9BMYP","baseKeyType":2,"closed":-1,"used":1737106500764,"created":1737106500764,"remoteIdentityKey":"BV7fQtO3FuYQkQQpUU1eTm40vjuV6My9WbFAJncYzTRN"},"_chains":{"BTo2BOR3l/5P7aEY3ZubmnyrgQH/z/v/Z75aky9/Dqc7":{"chainKey":{"counter":0,"key":"4nbN3n5Z51zbHNFTZn/lBnMpe/hf5xTDB8uID5Vvt6w="},"chainType":2,"messageKeys":{}},"BTJoiu/Kp1A8OzbWVBTaHdgRjtvL/vGf/Oy4SZkPH/og":{"chainKey":{"counter":-1,"key":"/oRSUDoKbK+Bowa/RdLX+kvVg5PSC4lnln5xg9MRVIk="},"chainType":1,"messageKeys":{}}}}},"version":"v1"}