{"_sessions":{"BQUNoioMh5nW99YxF5HlAnr/oeOqnTEajUa863cRbDQi":{"registrationId":764039762,"currentRatchet":{"ephemeralKeyPair":{"pubKey":"BaUz4PkWBIFoZztQlyAJD8s2mB3iukblx3Cv1jgbzltG","privKey":"GIb83PftlWq6dGmg7sm/wyi4odqnD3pUkDHsA+q1Bkw="},"lastRemoteEphemeralKey":"BUbqykDmFQsIXOiLQoBhZGw/Jo948sTjasi0lAhXNFto","previousCounter":0,"rootKey":"WaMDXmcc7ezaML18u52xW18U49WK1qTWBbBlNVdxGsI="},"indexInfo":{"baseKey":"BQUNoioMh5nW99YxF5HlAnr/oeOqnTEajUa863cRbDQi","baseKeyType":1,"closed":-1,"used":1737104170910,"created":1737104170910,"remoteIdentityKey":"BcmhQ7fWu3vgTvjvd778ab06yaCrJhb9wbdSx+k9U3to"},"_chains":{"BaUz4PkWBIFoZztQlyAJD8s2mB3iukblx3Cv1jgbzltG":{"chainKey":{"counter":0,"key":"T1omyJpOEPkTdW8i2QYMzFg51YSxSjaggQgP/KQN04E="},"chainType":1,"messageKeys":{}}},"pendingPreKey":{"signedKeyId":12,"baseKey":"BQUNoioMh5nW99YxF5HlAnr/oeOqnTEajUa863cRbDQi","preKeyId":187554}}},"version":"v1"}