{"_sessions":{"BdAaA7HmpujqraAz2yrzI1E3kZPv5FvK5xp01Q2O7G0/":{"registrationId":569330205,"currentRatchet":{"ephemeralKeyPair":{"pubKey":"BUrutneGXjERHeC555CJh9VAwPPds4hdzAOO1zVkjgIv","privKey":"UHPISBRWH9YgA6Yn6UoT04yV436M1KqTq8FcnU0U7HA="},"lastRemoteEphemeralKey":"BYfCtsg4orzUOiZILhEgLwfMYb8uBM/ZgEMYJjOZu39z","previousCounter":0,"rootKey":"x09EW8LmkdfMSmPCtpN91dE8TeIt0Cai+iTTvnxCkyE="},"indexInfo":{"baseKey":"BdAaA7HmpujqraAz2yrzI1E3kZPv5FvK5xp01Q2O7G0/","baseKeyType":1,"closed":-1,"used":1737104171757,"created":1737104171757,"remoteIdentityKey":"BUqjFJt7BJAO7OuTCy3STFl0lpwnT+AEg/KzsjP3R+YA"},"_chains":{"BUrutneGXjERHeC555CJh9VAwPPds4hdzAOO1zVkjgIv":{"chainKey":{"counter":0,"key":"BO5S0lph82251EkHF4MJ98M9BAVnVEietvaHshfi2WI="},"chainType":1,"messageKeys":{}}},"pendingPreKey":{"signedKeyId":1,"baseKey":"BdAaA7HmpujqraAz2yrzI1E3kZPv5FvK5xp01Q2O7G0/","preKeyId":16356402}}},"version":"v1"}