{"_sessions":{"Be/a46MB60wDv4n9HO+0PShnpz1Nfy3yecmjCog1ap8I":{"registrationId":1840200640,"currentRatchet":{"ephemeralKeyPair":{"pubKey":"BdTdfBS8BkDltHAq+tLQEQIV4UFkr3wcg1LMgKxpMKkg","privKey":"EOs0ijQhyBuk5twYO+FZjWFWNqCAlv+sv2VG7EVVXkw="},"lastRemoteEphemeralKey":"Bd2yjqAKMsrudzAqlNMKY7S8HbstnybcZ7M3rDW/z9ox","previousCounter":0,"rootKey":"FdAypCeMpb5RDg0wphtw63oMDlxWIyCz+pIEPd7iC88="},"indexInfo":{"baseKey":"Be/a46MB60wDv4n9HO+0PShnpz1Nfy3yecmjCog1ap8I","baseKeyType":1,"closed":-1,"used":1737102400472,"created":1737102400472,"remoteIdentityKey":"BRaEJWqmEdrKphZLiGGf8zxLs49z8bFtSg0yVbhO0Vh0"},"_chains":{"BdTdfBS8BkDltHAq+tLQEQIV4UFkr3wcg1LMgKxpMKkg":{"chainKey":{"counter":0,"key":"xtJ1WPtOm0/yrUOUwDzaz8sprMD93oORkvA7gmCIZVw="},"chainType":1,"messageKeys":{}}},"pendingPreKey":{"signedKeyId":10,"baseKey":"Be/a46MB60wDv4n9HO+0PShnpz1Nfy3yecmjCog1ap8I"}}},"version":"v1"}