{"_sessions":{"BV2D6ni96JhbyIe4WuJ6skSnyGn5pY9Lk+gZrYwPidF4":{"registrationId":251446137,"currentRatchet":{"ephemeralKeyPair":{"pubKey":"BTWMfLLtGy8KPGLqHGuqsRa2ZTq0Qdg5V0Yju4KYSpQ1","privKey":"WAJvo4ZAuVS5lWoVTzoRvjP4ub8xswg9jq3PTqULW3k="},"lastRemoteEphemeralKey":"BcCHWwcuUuZ6LXiId2H/HaNSZSdUPf2VpSvWyb9gevAo","previousCounter":0,"rootKey":"2ud4JN+Asg9KxU1Ryt4Zvt+wEABDiXDMV9TeCaAgl6o="},"indexInfo":{"baseKey":"BV2D6ni96JhbyIe4WuJ6skSnyGn5pY9Lk+gZrYwPidF4","baseKeyType":1,"closed":-1,"used":1737104171377,"created":1737104171377,"remoteIdentityKey":"BdvyN6vhY5tX9hgNpw/aFQ9IGpxljK4kqq9AY3dji7M+"},"_chains":{"BTWMfLLtGy8KPGLqHGuqsRa2ZTq0Qdg5V0Yju4KYSpQ1":{"chainKey":{"counter":0,"key":"2is/5Zy41UZeB/TYXjYYvudyP3+mMFXddZ7+nOKiMgw="},"chainType":1,"messageKeys":{}}},"pendingPreKey":{"signedKeyId":3,"baseKey":"BV2D6ni96JhbyIe4WuJ6skSnyGn5pY9Lk+gZrYwPidF4","preKeyId":4590994}}},"version":"v1"}