{"_sessions":{"BWFQUvEaPraljzXJtjydffItBxWFSdCfVG73/LOiE8J5":{"registrationId":2058933522,"currentRatchet":{"ephemeralKeyPair":{"pubKey":"BSHAsym9Ig/V9Ao7vsVqh2gfY3/lAQDKORrUM9fvQXtU","privKey":"IMSUrNYVY22l5NHx7B60Rb+2eRg7RtklvcF0cBteolE="},"lastRemoteEphemeralKey":"BR9/5FNaQYbEUeizCM/x+TM5XKohxMqbGwqzgT6363VW","previousCounter":0,"rootKey":"ZAr0EG+eaxipfU1x7dOXvY1wfU59Zmt5Eiaf8A5lvU0="},"indexInfo":{"baseKey":"BWFQUvEaPraljzXJtjydffItBxWFSdCfVG73/LOiE8J5","baseKeyType":1,"closed":-1,"used":1737102400994,"created":1737102400994,"remoteIdentityKey":"BYJLpqW4tXnj95OwDSO7AGCoCNjkUCvSiOLJASnnvG0T"},"_chains":{"BSHAsym9Ig/V9Ao7vsVqh2gfY3/lAQDKORrUM9fvQXtU":{"chainKey":{"counter":0,"key":"BWvvQ5xDmWXeCc7zBU1hjhpg7OzyreH+Zc7gQtYuuxQ="},"chainType":1,"messageKeys":{}}},"pendingPreKey":{"signedKeyId":0,"baseKey":"BWFQUvEaPraljzXJtjydffItBxWFSdCfVG73/LOiE8J5"}}},"version":"v1"}