{"_sessions":{"BSTOMja4uSrprNFfKvM51xTvr/52CgqxX/pYp1Se2Wxw":{"registrationId":1210586481,"currentRatchet":{"ephemeralKeyPair":{"pubKey":"BciNNuHE+ZEMmOOlE3OcXtk7dIxevYikaq6dQzu1U4Ap","privKey":"aFL+LBUkGtHE01FaqoxYas+USc2euTakAo0ETkp57X4="},"lastRemoteEphemeralKey":"BbM4A9BhCKOkgqTa55sOp4hdqe3XN+ORFaq+HwT7XYMP","previousCounter":0,"rootKey":"zhXLiz2fi2qCZpXzFDMQNjyfhtyfGlpSIUm/dTc5NGU="},"indexInfo":{"baseKey":"BSTOMja4uSrprNFfKvM51xTvr/52CgqxX/pYp1Se2Wxw","baseKeyType":1,"closed":-1,"used":1737104171256,"created":1737104171256,"remoteIdentityKey":"Bf0AarbaTm3isDdgxiaCTmpY5tZBS4uSNpxwFKovFroz"},"_chains":{"BciNNuHE+ZEMmOOlE3OcXtk7dIxevYikaq6dQzu1U4Ap":{"chainKey":{"counter":0,"key":"mTGxJm9tjii2KuAzAT/EVxjbClgU4RTyPra+JKu46CQ="},"chainType":1,"messageKeys":{}}},"pendingPreKey":{"signedKeyId":0,"baseKey":"BSTOMja4uSrprNFfKvM51xTvr/52CgqxX/pYp1Se2Wxw","preKeyId":3685105}}},"version":"v1"}