{"_sessions":{"BU54NgDxtSmjkbo+VA6ueV+0ZMLJdR0ZqEOFT1o1wgdQ":{"registrationId":2019034793,"currentRatchet":{"ephemeralKeyPair":{"pubKey":"BVY3HF01OjirDhbqLeARhs0DxeZKHQgVqMbW+0rsY0th","privKey":"0NFhw8gPRnvfcmiZoRbnnKBvTl5v+s0dvwrNSHv2x2A="},"lastRemoteEphemeralKey":"BQ+H+tAJ6ADdIs4QUbMC/OHof8FTUJtLk+Lbtl56wYgl","previousCounter":0,"rootKey":"f/yEz8ULIEm1IpjGOmj1nLLDT8fTfTz3cw9eJK2v+eU="},"indexInfo":{"baseKey":"BU54NgDxtSmjkbo+VA6ueV+0ZMLJdR0ZqEOFT1o1wgdQ","baseKeyType":1,"closed":-1,"used":1737102400063,"created":1737102400063,"remoteIdentityKey":"BTwlgev7/NKBMSDkoCKmudmUdweJU8TK+DRLXDX02/YV"},"_chains":{"BVY3HF01OjirDhbqLeARhs0DxeZKHQgVqMbW+0rsY0th":{"chainKey":{"counter":0,"key":"n2KOLFnjhxbQZCFvIIyHRqtMrCC5dprZDUh6LXjbqaQ="},"chainType":1,"messageKeys":{}}},"pendingPreKey":{"signedKeyId":2,"baseKey":"BU54NgDxtSmjkbo+VA6ueV+0ZMLJdR0ZqEOFT1o1wgdQ"}}},"version":"v1"}