{"_sessions":{"BTPIGcwPQmmngDDPYhMzMnOdlHiPPshzCZGErWNB43Mk":{"registrationId":183957164,"currentRatchet":{"ephemeralKeyPair":{"pubKey":"BWKuCPb7Yt2aTm9iB6ozlraq7uHJRSekE08r0zELHpVD","privKey":"aOPcQSnJZ8+szwl4OE6bEFcEF9YgRmPg5OF4/tR0EVc="},"lastRemoteEphemeralKey":"BXGvT1T9y8OUoWP6Ny927y0U1JEuYJSQnu+e2o84ThZP","previousCounter":0,"rootKey":"QMKzfTgVkF9pqoyPxuhvazQSbu5qH3y/WTF6A82qwvc="},"indexInfo":{"baseKey":"BTPIGcwPQmmngDDPYhMzMnOdlHiPPshzCZGErWNB43Mk","baseKeyType":1,"closed":-1,"used":1737102401489,"created":1737102401489,"remoteIdentityKey":"BehKQ/yRWrF2XPeOXtWYj0d7hOaubQ6tcIpgeldgpIIv"},"_chains":{"BWKuCPb7Yt2aTm9iB6ozlraq7uHJRSekE08r0zELHpVD":{"chainKey":{"counter":0,"key":"WtCo66Bz5j9LjHz4yBZZIeJfoKNvCVCgdvabgryHK8o="},"chainType":1,"messageKeys":{}}},"pendingPreKey":{"signedKeyId":6,"baseKey":"BTPIGcwPQmmngDDPYhMzMnOdlHiPPshzCZGErWNB43Mk","preKeyId":2607124}}},"version":"v1"}