{"_sessions":{"BcbdmpO5Y7oz2VHi6vAJ3DQb7VDkmeY9D38wmPs4j3No":{"registrationId":1876666546,"currentRatchet":{"ephemeralKeyPair":{"pubKey":"BYSSM1IUoxNgnoTzOszaN+ZAoP60fji19WnNf9ZomP4k","privKey":"yFmzfzHGhVKU0NvVOeSOz8uraMGcNQIN6tld+68Kzk4="},"lastRemoteEphemeralKey":"BebKbAxBZSh46iJ44MQoSbz4XNf1/lSuhQnALjZQ7d0q","previousCounter":0,"rootKey":"0VuytDtfYF26tIrS5nONfUfHJWg+zKQGnlxYwwIMwgU="},"indexInfo":{"baseKey":"BcbdmpO5Y7oz2VHi6vAJ3DQb7VDkmeY9D38wmPs4j3No","baseKeyType":1,"closed":-1,"used":1737104171453,"created":1737104171453,"remoteIdentityKey":"BT6Fhw8/DHk771XJijRUcfptXxeupqbPSzsCujwCxHV0"},"_chains":{"BYSSM1IUoxNgnoTzOszaN+ZAoP60fji19WnNf9ZomP4k":{"chainKey":{"counter":0,"key":"3L+L7/DoUSBonkRq6+GKbp1VQPDMuwMtEd6fh70ruNc="},"chainType":1,"messageKeys":{}}},"pendingPreKey":{"signedKeyId":7,"baseKey":"BcbdmpO5Y7oz2VHi6vAJ3DQb7VDkmeY9D38wmPs4j3No","preKeyId":9020153}}},"version":"v1"}