{"_sessions":{"BfPBneRZNAsEEPmi6g7jsIduemro/zyVqs/CdyhuQxtF":{"registrationId":1215107563,"currentRatchet":{"ephemeralKeyPair":{"pubKey":"BW3zqtCh/O1D/SyZH/GLSFSS7JxyuENMN0jtzAVxm3BV","privKey":"ENBXAkFdOr+vXhhPQ6LIFSh6aDH2Xq6jQxYhzRn0rGQ="},"lastRemoteEphemeralKey":"BTB4TxSRSi6IFKQms/84qXgtmV3zhVnCPQoJOmztN3Z7","previousCounter":0,"rootKey":"DAug5LMqRnLxGR4Q0JT0mfmHEYZ59fYpHPzso0Z5r5o="},"indexInfo":{"baseKey":"BfPBneRZNAsEEPmi6g7jsIduemro/zyVqs/CdyhuQxtF","baseKeyType":1,"closed":-1,"used":1737102399556,"created":1737102399556,"remoteIdentityKey":"BTogx7GeujsZ3ccoSAqbCQSOlvURtdgRU42vQSYcEj0O"},"_chains":{"BW3zqtCh/O1D/SyZH/GLSFSS7JxyuENMN0jtzAVxm3BV":{"chainKey":{"counter":0,"key":"jGpbgz94a7LEYpLV3Cg3iublIebVlXQfpsW3KcMOLPg="},"chainType":1,"messageKeys":{}}},"pendingPreKey":{"signedKeyId":0,"baseKey":"BfPBneRZNAsEEPmi6g7jsIduemro/zyVqs/CdyhuQxtF","preKeyId":11956056}}},"version":"v1"}