{"_sessions":{"BQfA/Ef+t1OSBPWTZ+xLoIrnhGoGIy/q5xB30q6tJ1Qu":{"registrationId":764132391,"currentRatchet":{"ephemeralKeyPair":{"pubKey":"BYE/sGAgYrp/YeDQ08mxZNVfjYXcSllJt4PE9qupkaRh","privKey":"EFbk3rhHH4h7BeX1szIW6xSM2F8EczU6tMX6vz88Q10="},"lastRemoteEphemeralKey":"BV/fHzF+O++jcNkAVoGZWVrmWx0lT16XEQBtytkcmdAP","previousCounter":0,"rootKey":"vRNz7092QOriiCrWl/UywRoL0TU0oU1Rj5tb99cZEJE="},"indexInfo":{"baseKey":"BQfA/Ef+t1OSBPWTZ+xLoIrnhGoGIy/q5xB30q6tJ1Qu","baseKeyType":1,"closed":-1,"used":1737102399608,"created":1737102399608,"remoteIdentityKey":"BXok2mfhWLs0A6iBMduBkgFlSWrUKsk6EGCTsBuet0JA"},"_chains":{"BYE/sGAgYrp/YeDQ08mxZNVfjYXcSllJt4PE9qupkaRh":{"chainKey":{"counter":0,"key":"ECbLNp3Q3Ix2Ug1CLcYHCoC5R0MVNZEJlq9/y+mMWC4="},"chainType":1,"messageKeys":{}}},"pendingPreKey":{"signedKeyId":1506763,"baseKey":"BQfA/Ef+t1OSBPWTZ+xLoIrnhGoGIy/q5xB30q6tJ1Qu","preKeyId":831}}},"version":"v1"}