{"_sessions":{"BVfXn/8tRnHTOtKW2osZ7qDjyR7/asY8YUi0lTV7LF8X":{"registrationId":220321147,"currentRatchet":{"ephemeralKeyPair":{"pubKey":"Bf2cCtl5OqHhq1Bd8TYevcsNKHEjLuoZqHHjj6Rcv0h0","privKey":"+GyA11NoSsvGd287lp9crj4sZTqs+p9x8KNd8JKCIVs="},"lastRemoteEphemeralKey":"BWVAHFeT2p3Tb7gjPWhIs5m7d2UuWgixt3+OyDWXn/xS","previousCounter":0,"rootKey":"8RLPUQc8Xi1VdabH0ZoP7firbzjIBo7vI65dj+ivM90="},"indexInfo":{"baseKey":"BVfXn/8tRnHTOtKW2osZ7qDjyR7/asY8YUi0lTV7LF8X","baseKeyType":1,"closed":-1,"used":1737102400978,"created":1737102400978,"remoteIdentityKey":"BRNSxRkg96VwFLZEPcV3WCkzEedEO1OBS424Yi1IfvEn"},"_chains":{"Bf2cCtl5OqHhq1Bd8TYevcsNKHEjLuoZqHHjj6Rcv0h0":{"chainKey":{"counter":0,"key":"dIhJiZN8zP67XuF+PRy+xPCOOzd2AMiFtNFBTxAkJhk="},"chainType":1,"messageKeys":{}}},"pendingPreKey":{"signedKeyId":0,"baseKey":"BVfXn/8tRnHTOtKW2osZ7qDjyR7/asY8YUi0lTV7LF8X","preKeyId":13016030}}},"version":"v1"}