{"_sessions":{"Bb6lpWO7I/UiBxJ9DYiGeIpDk7/LFOU8gExpOf5yeDJn":{"registrationId":825393709,"currentRatchet":{"ephemeralKeyPair":{"pubKey":"BRRMNXmqFuBf/IHJVyj9FUx6FktRwO36XIocdQqekWlY","privKey":"aHCTFXv+NWjne3pniEcj164dOBQ1GOIdh9Vw637hDE4="},"lastRemoteEphemeralKey":"BTS52DmsbPg3wFhG3lGVkt/fawS3U9cQIYqRM8wbQY1o","previousCounter":0,"rootKey":"iLeqQ0R0tUmqfD7roaq5VZWMJheXWbhbGvJRjRw6+EE="},"indexInfo":{"baseKey":"Bb6lpWO7I/UiBxJ9DYiGeIpDk7/LFOU8gExpOf5yeDJn","baseKeyType":1,"closed":-1,"used":1737102400373,"created":1737102400373,"remoteIdentityKey":"BSyzQzwH9GkYEgeOeA9oN/nB4b+Wb8c7B9Z7KLYjVIII"},"_chains":{"BRRMNXmqFuBf/IHJVyj9FUx6FktRwO36XIocdQqekWlY":{"chainKey":{"counter":0,"key":"sDP/WtNlmE7FRY0PxdpWvoP3bKHR9tBUYcR3dyN3rPQ="},"chainType":1,"messageKeys":{}}},"pendingPreKey":{"signedKeyId":8,"baseKey":"Bb6lpWO7I/UiBxJ9DYiGeIpDk7/LFOU8gExpOf5yeDJn"}}},"version":"v1"}