{"_sessions":{"BUWu0YGCUU0slDdoZ0y+2gv+M0zxTIdVWD41bUfRrkJa":{"registrationId":1540516243,"currentRatchet":{"ephemeralKeyPair":{"pubKey":"BUebBJBzf6YV72WA5yZTRsce7uGgJ43A7aIjtaIz18sW","privKey":"6Idi+11y2jsqNnzqyOTAQjpb/RnTwHr6bGx0loDhH1w="},"lastRemoteEphemeralKey":"BTgUql5DfPkAjgOxj8E4+qv5hzWsw3k8KuOt1PAgUz5r","previousCounter":0,"rootKey":"su3zcI7x3fAgUoE8ewPL/+LKw92SFmBkvXlfo+iOq9Y="},"indexInfo":{"baseKey":"BUWu0YGCUU0slDdoZ0y+2gv+M0zxTIdVWD41bUfRrkJa","baseKeyType":1,"closed":-1,"used":1737102399318,"created":1737102399318,"remoteIdentityKey":"BXSSRHqskNdW5hTTeD8sETUqzwIXR5iKoBXW3pjRbBtG"},"_chains":{"BUebBJBzf6YV72WA5yZTRsce7uGgJ43A7aIjtaIz18sW":{"chainKey":{"counter":0,"key":"+sYlJcoNT+gLKn15h88kGWIoI3q0rUUg9pM+sTm1oAw="},"chainType":1,"messageKeys":{}}},"pendingPreKey":{"signedKeyId":5,"baseKey":"BUWu0YGCUU0slDdoZ0y+2gv+M0zxTIdVWD41bUfRrkJa","preKeyId":3440742}}},"version":"v1"}