{"_sessions":{"BUP3fXZlS2Ij9oHlL5zIp82+wW7nEzgOWfSbk67tGdUO":{"registrationId":227468976,"currentRatchet":{"ephemeralKeyPair":{"pubKey":"Bf/fK1cGXk1AIweq1+RVhju1ZO9767/wWD3RtEFywI8n","privKey":"yJfM83UlZ6cxQF6Z5hVB0LWQhz1VG11hImGgISIdI0Y="},"lastRemoteEphemeralKey":"BU92KyiS/zsJTRZPrDKRYPRzhxFJDIVuQlCrnLWtC5Ir","previousCounter":0,"rootKey":"K02RWuVjF1VRWgx4y+qgS5dLxIFNj9/au1KXEq+DOac="},"indexInfo":{"baseKey":"BUP3fXZlS2Ij9oHlL5zIp82+wW7nEzgOWfSbk67tGdUO","baseKeyType":1,"closed":-1,"used":1737102401296,"created":1737102401296,"remoteIdentityKey":"BQxAFtt/4DiLh2j4Tu7m9AZQYpdze7EKRuzHwZ+n9tYx"},"_chains":{"Bf/fK1cGXk1AIweq1+RVhju1ZO9767/wWD3RtEFywI8n":{"chainKey":{"counter":0,"key":"WRgRUjQMQNQ2AgzxrV4bE795H0X53vLVXzNpKb14e1s="},"chainType":1,"messageKeys":{}}},"pendingPreKey":{"signedKeyId":0,"baseKey":"BUP3fXZlS2Ij9oHlL5zIp82+wW7nEzgOWfSbk67tGdUO"}}},"version":"v1"}