{"_sessions":{"BZ4edwGPkTwsImn3VXJ+8J1vFjvBHhsiCTxac19cfNcd":{"registrationId":1532451303,"currentRatchet":{"ephemeralKeyPair":{"pubKey":"Bbrnio7vw5Zptgs1ZX3nS/e91ty3tZthkFjArU0IJ5tV","privKey":"sDhPZXRoU0p8xb8Jua7vW78xcUY2axZQZMOM/Uldomw="},"lastRemoteEphemeralKey":"Bf/Ish0C5NhDoUA7nj1s4tLhe+Y+kreJ7gpMRjDb+4NF","previousCounter":0,"rootKey":"jdY2nQnuWHHrFwuiUvvaQV70gwkOHatLrRFn9YXp5fk="},"indexInfo":{"baseKey":"BZ4edwGPkTwsImn3VXJ+8J1vFjvBHhsiCTxac19cfNcd","baseKeyType":1,"closed":-1,"used":1737104171351,"created":1737104171351,"remoteIdentityKey":"BSYL3cLOH4356H3bKf8aA9cjZ+b8Qz4zMcfkEYAKhkMF"},"_chains":{"Bbrnio7vw5Zptgs1ZX3nS/e91ty3tZthkFjArU0IJ5tV":{"chainKey":{"counter":0,"key":"LrOfugEkhT0In5iVK/h/8wOP+KHqdpdczHMzmWe83V4="},"chainType":1,"messageKeys":{}}},"pendingPreKey":{"signedKeyId":11,"baseKey":"BZ4edwGPkTwsImn3VXJ+8J1vFjvBHhsiCTxac19cfNcd","preKeyId":182210}}},"version":"v1"}