{"_sessions":{"BdfR4z4DMQdy5kSl+x3sParPazZE+bWI0GXRm6LRDh4R":{"registrationId":2141968020,"currentRatchet":{"ephemeralKeyPair":{"pubKey":"BfiXP00A6aHTLzbHlBy/MmZxeGPSapZbMvE+A17/zFcM","privKey":"4JMZmjNI5oBvOl7J+O/dXJ6jmnjWs69Bbv/WWZv0RWo="},"lastRemoteEphemeralKey":"BU3gePH03z7s3+MlD1VMNJvTQkzPT4rBqVRS4gNNfFNB","previousCounter":0,"rootKey":"22Tv7j476U0nsV4vZx4uNg7/dDqEjmIN1KwT9NlCbUw="},"indexInfo":{"baseKey":"BdfR4z4DMQdy5kSl+x3sParPazZE+bWI0GXRm6LRDh4R","baseKeyType":1,"closed":-1,"used":1737106391332,"created":1737106391332,"remoteIdentityKey":"BXK4cCB+4rkZQImG3snfR25sOh8l2HTJXzlKXbY8UH5h"},"_chains":{"BfiXP00A6aHTLzbHlBy/MmZxeGPSapZbMvE+A17/zFcM":{"chainKey":{"counter":0,"key":"BIjzsUi5fc0vdYxpJBo1uHhsrKpVxail3xWr3JnB+tU="},"chainType":1,"messageKeys":{}}},"pendingPreKey":{"signedKeyId":2,"baseKey":"BdfR4z4DMQdy5kSl+x3sParPazZE+bWI0GXRm6LRDh4R","preKeyId":10188642}}},"version":"v1"}