{"_sessions":{"BRpkC3BRrP+6RkNjYiPd1l6oxp0gxAnrdTp+XBoYrMhE":{"registrationId":1422636983,"currentRatchet":{"ephemeralKeyPair":{"pubKey":"BbGLBzUHfochHGmJpE5fJWK5fS2Ber9dg3yffcQJkC5/","privKey":"MOg7/axmVR16cz/ewbOW/2Q5KNcUNSZlcxzaOcy6Blc="},"lastRemoteEphemeralKey":"BXKX3P7Ii5HXyhSiRJacZYY+iBOPWUupneIU2KU0LoE1","previousCounter":0,"rootKey":"3lRgmMBzcs1Ptc+j6Zvlf57xvP5pUSM4P0QPu9RgMAU="},"indexInfo":{"baseKey":"BRpkC3BRrP+6RkNjYiPd1l6oxp0gxAnrdTp+XBoYrMhE","baseKeyType":1,"closed":-1,"used":1737102399371,"created":1737102399371,"remoteIdentityKey":"BQ2jYRAsmmAgyR4cZvw/WJPdJcCC0yYXeLGco0rttDEy"},"_chains":{"BbGLBzUHfochHGmJpE5fJWK5fS2Ber9dg3yffcQJkC5/":{"chainKey":{"counter":0,"key":"pICsNi+hMND8nWOhLeingwGjjh5llTFM+sNDmlSrnNI="},"chainType":1,"messageKeys":{}}},"pendingPreKey":{"signedKeyId":5,"baseKey":"BRpkC3BRrP+6RkNjYiPd1l6oxp0gxAnrdTp+XBoYrMhE","preKeyId":8225649}}},"version":"v1"}