{"_sessions":{"BcStGMntC/fuKXDhkOdkfOUC9aDhbe5BzrhWBCXvKiUh":{"registrationId":978158467,"currentRatchet":{"ephemeralKeyPair":{"pubKey":"BQAWJk6jYZ46ZDMoqFlRr9y214Grg3ZZg3r0LLXbvycf","privKey":"EPgsIPQBrw7TFSuVBTRNpnHQfIO06gZu/MLkMpJynGw="},"lastRemoteEphemeralKey":"BdmMlP6iJbJTshOEddngi9MKTCP9qIQXOkhHFda6UORN","previousCounter":0,"rootKey":"kZPzeWqst1Dh6EhxVwqkByWk1mxaf6uYcoWRdvFw7Yc="},"indexInfo":{"baseKey":"BcStGMntC/fuKXDhkOdkfOUC9aDhbe5BzrhWBCXvKiUh","baseKeyType":1,"closed":-1,"used":1737102400180,"created":1737102400180,"remoteIdentityKey":"BT4VSuhsflLZniG9SHonHhrS5e2vvjxTGDGzbMukQgFx"},"_chains":{"BQAWJk6jYZ46ZDMoqFlRr9y214Grg3ZZg3r0LLXbvycf":{"chainKey":{"counter":0,"key":"YLvgUP3fSnRyfa7xhDCoCnAeO66iUVz+LO8I64/QFLs="},"chainType":1,"messageKeys":{}}},"pendingPreKey":{"signedKeyId":4,"baseKey":"BcStGMntC/fuKXDhkOdkfOUC9aDhbe5BzrhWBCXvKiUh","preKeyId":8406527}}},"version":"v1"}