{"_sessions":{"BTgnMK2r0WSrEUzmGkgp5pBouLvrMmqFb0zrFU0O3F9m":{"registrationId":30237878,"currentRatchet":{"ephemeralKeyPair":{"pubKey":"BfetalzJxhkxYi2V/oJfB4cC4G5mmkR8kSGj4ljegIZc","privKey":"CIJ4BM6xe0TeU6ZRtFVWY53w+bU/CwmUiiKy58QJSGs="},"lastRemoteEphemeralKey":"BaTlJRvnN8awG+eUgPHrkJFdEow7ni2ln3yCRxDhePFW","previousCounter":0,"rootKey":"lr7AAldKkup+LH65phtodFXBFs/CG4Bvk25WGlKrfPo="},"indexInfo":{"baseKey":"BTgnMK2r0WSrEUzmGkgp5pBouLvrMmqFb0zrFU0O3F9m","baseKeyType":1,"closed":-1,"used":1737102399678,"created":1737102399678,"remoteIdentityKey":"BXU2qqrhcV5f1HJCPlEMiO8gj9+t+t2pJK+X43yj9ZhD"},"_chains":{"BfetalzJxhkxYi2V/oJfB4cC4G5mmkR8kSGj4ljegIZc":{"chainKey":{"counter":0,"key":"4JE1ODt3f2Y9lu6eIuFi46UFsovQKSJm4h4wQPAzzVQ="},"chainType":1,"messageKeys":{}}},"pendingPreKey":{"signedKeyId":7,"baseKey":"BTgnMK2r0WSrEUzmGkgp5pBouLvrMmqFb0zrFU0O3F9m"}}},"version":"v1"}