{"_sessions":{"BS1y7Buq1cRSipIMtZvktJVOq/XtEyFqTYAIL2o5QpgG":{"registrationId":277076207,"currentRatchet":{"ephemeralKeyPair":{"pubKey":"Bb/p9GTsckYMfswTkQcd1uG9M23h/u9kCHQ2zU/iGAs3","privKey":"wBdzHUkLFm5yulEUgBttyzD8H9Y7B+VUx9RcFdO0ikI="},"lastRemoteEphemeralKey":"BZ71x2eeDY86MBUWLW1tMWeQvV6/rCEwqXNG1W+edzUb","previousCounter":0,"rootKey":"LbxJ7N8evnXiAvXWmjTNJZYcE+gFdtJpLrWOrtfZdsI="},"indexInfo":{"baseKey":"BS1y7Buq1cRSipIMtZvktJVOq/XtEyFqTYAIL2o5QpgG","baseKeyType":1,"closed":-1,"used":1737104171677,"created":1737104171677,"remoteIdentityKey":"BQwWB4ZCthV3nFRZwwGmEwYpMxrV3frrYQz54bhbGWkK"},"_chains":{"Bb/p9GTsckYMfswTkQcd1uG9M23h/u9kCHQ2zU/iGAs3":{"chainKey":{"counter":0,"key":"ZYF+Oojhpi2g1XN7f2JCuyE/5I+V5yT0VH9ggMsNmTo="},"chainType":1,"messageKeys":{}}},"pendingPreKey":{"signedKeyId":1,"baseKey":"BS1y7Buq1cRSipIMtZvktJVOq/XtEyFqTYAIL2o5QpgG","preKeyId":439993}}},"version":"v1"}