{"_sessions":{"BQjhWpPED9JUj89eaBlvZ6G1MGtu/Lyb90qeJYLGfa92":{"registrationId":57036969,"currentRatchet":{"ephemeralKeyPair":{"pubKey":"BfU8qIuupMSE5JuUfkvx+7CiTkVE9EaJ7aO2jaesOBJs","privKey":"iEliWllmr+UMLEeyJOsgCEwXL5RC49Vu9UgvNUqXnlM="},"lastRemoteEphemeralKey":"BfFjhUOUAF6wLy3UHbpD6HrvsnuHy+KvCj8/fWKk3WJI","previousCounter":0,"rootKey":"Jk6a82FRWiW0M2MUgY7t1/s/NmEM24/KkwtjXRf80pc="},"indexInfo":{"baseKey":"BQjhWpPED9JUj89eaBlvZ6G1MGtu/Lyb90qeJYLGfa92","baseKeyType":1,"closed":-1,"used":1737102400108,"created":1737102400108,"remoteIdentityKey":"BUhr4O4DJ++a8lnVmGCTwiK6BDguOaXo2suPXz2CfNsx"},"_chains":{"BfU8qIuupMSE5JuUfkvx+7CiTkVE9EaJ7aO2jaesOBJs":{"chainKey":{"counter":0,"key":"Wv0vaMG1WDqwHD1WpwAgpi6rVAiXXG5T3FiPyrCNUTA="},"chainType":1,"messageKeys":{}}},"pendingPreKey":{"signedKeyId":3,"baseKey":"BQjhWpPED9JUj89eaBlvZ6G1MGtu/Lyb90qeJYLGfa92"}}},"version":"v1"}