{"_sessions":{"BU8N6xsK4gSufhTMsU1aMQOWU6xcVNwNYjrgwLfUt6dw":{"registrationId":328111011,"currentRatchet":{"ephemeralKeyPair":{"pubKey":"BR03JrqCpYFQ6F2CUiyKL0DKfvb1I0jbvfV8jFkrFzoF","privKey":"uO8v4terOtfJidK0GOJS7T5AztyabGCt58KpGon6W0c="},"lastRemoteEphemeralKey":"BWypxwpyAo6FxW/K8/2qbigiQWBUIQJQ9Za+gtFMK487","previousCounter":0,"rootKey":"GObGnCEq4cw5tWoTdXoffIJpLKhsQ0UQoWYtyNMIAsc="},"indexInfo":{"baseKey":"BU8N6xsK4gSufhTMsU1aMQOWU6xcVNwNYjrgwLfUt6dw","baseKeyType":1,"closed":-1,"used":1737102400390,"created":1737102400390,"remoteIdentityKey":"BQBEc+2QUIXhaAI3tN8aBgmiIvHE0PhaNCepuZguq/Zy"},"_chains":{"BR03JrqCpYFQ6F2CUiyKL0DKfvb1I0jbvfV8jFkrFzoF":{"chainKey":{"counter":0,"key":"5jsLRywPVN3huX8OhyZQXxasMhmAcK915s4D/5YQ9WM="},"chainType":1,"messageKeys":{}}},"pendingPreKey":{"signedKeyId":36,"baseKey":"BU8N6xsK4gSufhTMsU1aMQOWU6xcVNwNYjrgwLfUt6dw","preKeyId":14525545}}},"version":"v1"}