{"_sessions":{"BTcsRvMlh05bworOgGK6F77KFMAtDMgn128y8u5tKxRt":{"registrationId":1934438331,"currentRatchet":{"ephemeralKeyPair":{"pubKey":"BWOvuEfBUrTcz+yNidIcEWaMU8hqrd/Ik83RTKYPnmFq","privKey":"aOBlCkisYLPjE75dEuUmAuCb6eKISJTwcxGyxVcS7Gc="},"lastRemoteEphemeralKey":"BV3LhBnHR67HLTAQlBIeQp+gE1gNJRxA5kJTe0ZB37Ux","previousCounter":0,"rootKey":"lmCle6Xj5yONjvsFMzHSp/XCP+l/oEmfmD1fa/7NDiY="},"indexInfo":{"baseKey":"BTcsRvMlh05bworOgGK6F77KFMAtDMgn128y8u5tKxRt","baseKeyType":1,"closed":-1,"used":1737102399504,"created":1737102399504,"remoteIdentityKey":"Bb61bct3k7SNAdVLF1Dv0qTux1f/A0uWddGOSTNKGvdi"},"_chains":{"BWOvuEfBUrTcz+yNidIcEWaMU8hqrd/Ik83RTKYPnmFq":{"chainKey":{"counter":0,"key":"lIc/bqQc530CjXQinqNwNFPqfx2cNnCMxz2/bdR4QGI="},"chainType":1,"messageKeys":{}}},"pendingPreKey":{"signedKeyId":1,"baseKey":"BTcsRvMlh05bworOgGK6F77KFMAtDMgn128y8u5tKxRt","preKeyId":1156551}}},"version":"v1"}