{"_sessions":{"BRDiTESPHxwZe/5HimUpmNHZYq8aEvcnES3vJ1m2Ylkq":{"registrationId":234121084,"currentRatchet":{"ephemeralKeyPair":{"pubKey":"BWTdVTpgfSSTKLFhsxiFHSvJtUkZKDSZ+wdOB4FMoZIi","privKey":"8PpLD7h64SgNYwnTgleICpUx8Kko4DJDZVQeS272cUM="},"lastRemoteEphemeralKey":"BTHTY24/rQ075YvttaWKgHjCsPqj7awS/57v8SzXhjd3","previousCounter":0,"rootKey":"VDGNL5aISsHi+olo49kTNrMh38jHIx6QE8oEdhedmig="},"indexInfo":{"baseKey":"BRDiTESPHxwZe/5HimUpmNHZYq8aEvcnES3vJ1m2Ylkq","baseKeyType":1,"closed":-1,"used":1737102401645,"created":1737102401645,"remoteIdentityKey":"BeOhnrIX8LIs+AP0e7sa+3B/+3daKshRDSfqZzYOROdG"},"_chains":{"BWTdVTpgfSSTKLFhsxiFHSvJtUkZKDSZ+wdOB4FMoZIi":{"chainKey":{"counter":0,"key":"TTyLXvGlL02C/Awp1VwJoCOst+oZZLqY4GLhDwTCzJk="},"chainType":1,"messageKeys":{}}},"pendingPreKey":{"signedKeyId":1,"baseKey":"BRDiTESPHxwZe/5HimUpmNHZYq8aEvcnES3vJ1m2Ylkq","preKeyId":1976514}}},"version":"v1"}