{"_sessions":{"BT1gA5/PwGKIU1SyQKykSvmf+8WYshOa8zUOY85nJbFD":{"registrationId":499575369,"currentRatchet":{"ephemeralKeyPair":{"pubKey":"BYWvT5ePGQqh/VOEx/UC0j95AeMVwGEx/AAgl1kberwj","privKey":"IG6EfFXnNo1B0fGzuS+1WNzkTF1N566HHcE3Trc++nc="},"lastRemoteEphemeralKey":"BSZEtME5U3WL6fFVnrfm4irYgDICdS4kbLqHHgYmM/1l","previousCounter":0,"rootKey":"qwIxLevgGE1IIQUPYkvY0HBhunpDlRorT4fUuy5p03A="},"indexInfo":{"baseKey":"BT1gA5/PwGKIU1SyQKykSvmf+8WYshOa8zUOY85nJbFD","baseKeyType":1,"closed":-1,"used":1737102399841,"created":1737102399841,"remoteIdentityKey":"BR+rnD4BcbAGiZKHZTFRA9/dywQZs2neZEQ4U+MsEXUh"},"_chains":{"BYWvT5ePGQqh/VOEx/UC0j95AeMVwGEx/AAgl1kberwj":{"chainKey":{"counter":0,"key":"+E8bfLIRmJzit+VIRO9G8uD4PABeYeW9UX93DWSrOjU="},"chainType":1,"messageKeys":{}}},"pendingPreKey":{"signedKeyId":0,"baseKey":"BT1gA5/PwGKIU1SyQKykSvmf+8WYshOa8zUOY85nJbFD","preKeyId":1060865}}},"version":"v1"}