{"_sessions":{"BRd20m5kfmFfcmV+iBvIe7+LcWRhBtgpAl1PstDNuk9z":{"registrationId":1609639838,"currentRatchet":{"ephemeralKeyPair":{"pubKey":"BeZ/Eovlw2gQvC+d2V3kR4Q7LSo/5VgbWZID7g6b92Ru","privKey":"+EQGbIxhrCltwvXFgT6R3BENaLP1MVVRojG/A67Ps0c="},"lastRemoteEphemeralKey":"BdWwIdEOOj0/tkjZdpas7l69euPURJzzOHheTjFHapVI","previousCounter":0,"rootKey":"lQZ/Gt0Vfsh5G1NxooKbkUzdqbX8QrHM2hTERaRCLoM="},"indexInfo":{"baseKey":"BRd20m5kfmFfcmV+iBvIe7+LcWRhBtgpAl1PstDNuk9z","baseKeyType":1,"closed":-1,"used":1737102401107,"created":1737102401107,"remoteIdentityKey":"BdNpJf7OZUjLOXjTEF4Uidn/ZPgpF4mqDVDwdWK6K1Mi"},"_chains":{"BeZ/Eovlw2gQvC+d2V3kR4Q7LSo/5VgbWZID7g6b92Ru":{"chainKey":{"counter":0,"key":"Kk6084HJND3J6W0890rbujJt2ECGzq0VKwKV6b6VQpk="},"chainType":1,"messageKeys":{}}},"pendingPreKey":{"signedKeyId":1,"baseKey":"BRd20m5kfmFfcmV+iBvIe7+LcWRhBtgpAl1PstDNuk9z"}}},"version":"v1"}