{"_sessions":{"BaLCCIZA62zHWpBe9nMHHA9iAnJO9teIgJCikIBgnJwj":{"registrationId":82203077,"currentRatchet":{"ephemeralKeyPair":{"pubKey":"BRW70yHhYOeMwmUQOeABFnlge3M/73YgdfNuoNWTtjRw","privKey":"YPf+0vKBBEijwajehj8MZiRxBMBqF6AIwPMPOUGmBEk="},"lastRemoteEphemeralKey":"BeEM4u8VohRa6MvZkt/zTlsMwmxDP7U/z92aXmZ/z8RH","previousCounter":0,"rootKey":"MPwdBdOaCuOEWuZQ63ukQmp8eWHa/ULE3TD8+mzQsaQ="},"indexInfo":{"baseKey":"BaLCCIZA62zHWpBe9nMHHA9iAnJO9teIgJCikIBgnJwj","baseKeyType":1,"closed":-1,"used":1737102400196,"created":1737102400196,"remoteIdentityKey":"BTXMQvOrWf31/ies4eNfP2Z9SNVivVUM1Hi4GvMWR1l8"},"_chains":{"BRW70yHhYOeMwmUQOeABFnlge3M/73YgdfNuoNWTtjRw":{"chainKey":{"counter":0,"key":"00CdnpP9QYPzqzAhrbaZu4gQvJcyYW/mNrVo2xUVpz4="},"chainType":1,"messageKeys":{}}},"pendingPreKey":{"signedKeyId":9459505,"baseKey":"BaLCCIZA62zHWpBe9nMHHA9iAnJO9teIgJCikIBgnJwj","preKeyId":41195}}},"version":"v1"}