{"_sessions":{"BfGbmDwf4O1l6v0dNxUCVxsPf7cAQaZ8/jHn+qQwCjEY":{"registrationId":1021012976,"currentRatchet":{"ephemeralKeyPair":{"pubKey":"BcEff9DFRLG2Gy1yfZ4usDdo+cES8lgHFZMbUlknHhc+","privKey":"ANSQMFm2NEVvGquIGt3j+RLwGrnqwq05GfpmiDYA5X0="},"lastRemoteEphemeralKey":"BR+11FmiORnmxSxq7GoZ4yxITBa4YLx4nqWnoubo+9og","previousCounter":0,"rootKey":"NIdA3xDuXa7hAOlUBw/b6klnJ6rtrsdb8HhWC6I7i/M="},"indexInfo":{"baseKey":"BfGbmDwf4O1l6v0dNxUCVxsPf7cAQaZ8/jHn+qQwCjEY","baseKeyType":1,"closed":-1,"used":1737102400001,"created":1737102400001,"remoteIdentityKey":"BYty01Z4z3eBhGXTBPLCLD4/Ili8W6Fp0TMdetqxSLMq"},"_chains":{"BcEff9DFRLG2Gy1yfZ4usDdo+cES8lgHFZMbUlknHhc+":{"chainKey":{"counter":0,"key":"G1x88Qreg6GyN5unmzbr4EsVDpJ06ZXUDcWCxb2GIpQ="},"chainType":1,"messageKeys":{}}},"pendingPreKey":{"signedKeyId":1,"baseKey":"BfGbmDwf4O1l6v0dNxUCVxsPf7cAQaZ8/jHn+qQwCjEY","preKeyId":3111116}}},"version":"v1"}