{"_sessions":{"BcGbMSDqXGc+RtACy6swMAEOrECkp51Z6Z7HbcnUgSZG":{"registrationId":128401402,"currentRatchet":{"ephemeralKeyPair":{"pubKey":"BSvN70HjNO4yUmxzLgIpdrpWMc+Y4kCyegWgL/+fptc5","privKey":"cAhjp1O2B9+VjrGt1zUqzg346xsmf2HCEKE+7GuzGG0="},"lastRemoteEphemeralKey":"BVErH0pJk10nWqFnDXm52y3UtAz4jvpOTLaS1i4vVztN","previousCounter":0,"rootKey":"dbtLMbVnSR/svXNfFNUmDLuN6IV2B7oahVQqHuUkHzg="},"indexInfo":{"baseKey":"BcGbMSDqXGc+RtACy6swMAEOrECkp51Z6Z7HbcnUgSZG","baseKeyType":1,"closed":-1,"used":1737102399498,"created":1737102399498,"remoteIdentityKey":"Bf0HI5NWPrci6xM7Gz58mRKUwRepOvXjtrdXSLsPqpdS"},"_chains":{"BSvN70HjNO4yUmxzLgIpdrpWMc+Y4kCyegWgL/+fptc5":{"chainKey":{"counter":0,"key":"q4FYeIhQgF7z/7uxbNKv3ykbEk1P6/K2aSKNl1CL1aA="},"chainType":1,"messageKeys":{}}},"pendingPreKey":{"signedKeyId":6,"baseKey":"BcGbMSDqXGc+RtACy6swMAEOrECkp51Z6Z7HbcnUgSZG","preKeyId":7183041}}},"version":"v1"}