{"_sessions":{"BUMwnL5/9p8cfu2VEQSL9Ij83Pvret1dYNq/Sb1PYQcx":{"registrationId":265142191,"currentRatchet":{"ephemeralKeyPair":{"pubKey":"BQrekQBB50lMULlxCFAQBwNT3S/aBn+7xniwATWuuSRP","privKey":"QIaZDDLev7Zu2wFXc9bNwGIguq/5/BplI9clRXOEZUU="},"lastRemoteEphemeralKey":"BWJFVRr98uWa//wdsVW7aeDzoPrZwP9lzOdd1OdM7yAV","previousCounter":0,"rootKey":"QYupBjtEr68b+s7BLDwqlUpl3ExgEh2eUvHttUnOJqw="},"indexInfo":{"baseKey":"BUMwnL5/9p8cfu2VEQSL9Ij83Pvret1dYNq/Sb1PYQcx","baseKeyType":1,"closed":-1,"used":1737102399746,"created":1737102399746,"remoteIdentityKey":"BWPHCJM+sCDwCQ7PCOWUGdjiez7uUhElt1a0ROc8hjle"},"_chains":{"BQrekQBB50lMULlxCFAQBwNT3S/aBn+7xniwATWuuSRP":{"chainKey":{"counter":0,"key":"4bhhSEGI5VL2AKbEoo7Z+3CUBHRGla1SSFP3iQpGWc8="},"chainType":1,"messageKeys":{}}},"pendingPreKey":{"signedKeyId":2,"baseKey":"BUMwnL5/9p8cfu2VEQSL9Ij83Pvret1dYNq/Sb1PYQcx","preKeyId":2186143}}},"version":"v1"}