{"_sessions":{"Ban7wZVLTWpNv/WgLsZwMs17nEFNB/NVSkER8My5Omda":{"registrationId":839795959,"currentRatchet":{"ephemeralKeyPair":{"pubKey":"BRfu0IAgqEzTJPPoo/EnRcQ650kQ/X1sdAKkYKT/VEZH","privKey":"WJaEfV6tM6r9lXiRgeQce/Rln3DFt6o2eAhMngKKUHk="},"lastRemoteEphemeralKey":"BUxhi3HEiSqnBDPuvdOQZUmZkPOj062MDlCLcQFMjj8a","previousCounter":0,"rootKey":"gLay/e/mbsxj8i8ICEykmVSwgE7BN/HfHE+95MmrLOU="},"indexInfo":{"baseKey":"Ban7wZVLTWpNv/WgLsZwMs17nEFNB/NVSkER8My5Omda","baseKeyType":1,"closed":-1,"used":1737102400549,"created":1737102400549,"remoteIdentityKey":"BSU5Sgo4W3aUUntHVnxn7bHheuZ3riG8yYXe/Jk981lw"},"_chains":{"BRfu0IAgqEzTJPPoo/EnRcQ650kQ/X1sdAKkYKT/VEZH":{"chainKey":{"counter":0,"key":"P9gEBZPmcJPHswZ/p2hMkV/Ur5HFQJYUaM1VUphlAX0="},"chainType":1,"messageKeys":{}}},"pendingPreKey":{"signedKeyId":2,"baseKey":"Ban7wZVLTWpNv/WgLsZwMs17nEFNB/NVSkER8My5Omda","preKeyId":10560799}}},"version":"v1"}