{"_sessions":{"BSCaU9PNxDTjEJdnS3uJC9pJSuP0k6sInYy45VEAzlhX":{"registrationId":318473760,"currentRatchet":{"ephemeralKeyPair":{"pubKey":"BRgQCEdxNhHCQzHMM0QLAN9Fx0tuMupgTElg2scCzWJd","privKey":"GPaJOeew/1sIz4O2hbq6Et9dxEo2ZTjpwBCYUYRuP2Y="},"lastRemoteEphemeralKey":"BcDY0HRKBIm61k2SBnjaI/a/cF94WXpKBxSFhXiOp4R3","previousCounter":0,"rootKey":"p7WBp4ams4BbIn2T9dwfnm7mW36yMoK0YgaBf7mA+nQ="},"indexInfo":{"baseKey":"BSCaU9PNxDTjEJdnS3uJC9pJSuP0k6sInYy45VEAzlhX","baseKeyType":1,"closed":-1,"used":1737102400502,"created":1737102400502,"remoteIdentityKey":"BfEPflKemsZsQekNzhAExWWvoY6jpbUF8q2MxDGO5OkW"},"_chains":{"BRgQCEdxNhHCQzHMM0QLAN9Fx0tuMupgTElg2scCzWJd":{"chainKey":{"counter":0,"key":"BTlo++x+gMv7ydIGnc050YEQnMVhhsjEgC2RrLgyco4="},"chainType":1,"messageKeys":{}}},"pendingPreKey":{"signedKeyId":0,"baseKey":"BSCaU9PNxDTjEJdnS3uJC9pJSuP0k6sInYy45VEAzlhX"}}},"version":"v1"}