{"_sessions":{"BXHWgsyf1xnrp8l+VGkBZHSfTGQz88DJnaSz/YnAEG9e":{"registrationId":655244242,"currentRatchet":{"ephemeralKeyPair":{"pubKey":"BaGX27a0YCa06kNe6ItIYXY3YCiL7skP0kyMxJ3QG2QU","privKey":"GEzcwcCpcgm2Tp0zOlQVBOP48otQ2iziYmQxPKXmFm8="},"lastRemoteEphemeralKey":"BQL2cs5mnMnxN33Lmg/Ez7oJ3gAID8+atUYjJy0Vf+RA","previousCounter":0,"rootKey":"4ThVKQp9vAv8zBqm1WtwV806VCr+g7nQaUUKxx5Ce5E="},"indexInfo":{"baseKey":"BXHWgsyf1xnrp8l+VGkBZHSfTGQz88DJnaSz/YnAEG9e","baseKeyType":1,"closed":-1,"used":1737102401289,"created":1737102401289,"remoteIdentityKey":"BRcm+8OkxP8Cxt3snc5PscQnGnzrkoZX2O37vP4eFoAX"},"_chains":{"BaGX27a0YCa06kNe6ItIYXY3YCiL7skP0kyMxJ3QG2QU":{"chainKey":{"counter":0,"key":"i8cVSOmrBuMPL8aq5CTOkB5PsrVhWB98wFcGRBB9BZM="},"chainType":1,"messageKeys":{}}},"pendingPreKey":{"signedKeyId":1,"baseKey":"BXHWgsyf1xnrp8l+VGkBZHSfTGQz88DJnaSz/YnAEG9e"}}},"version":"v1"}