{"_sessions":{"BREm/wI94NXFJtvYfkrd17aNJoRVHidpyJ1f4506+1Q3":{"registrationId":1215831628,"currentRatchet":{"ephemeralKeyPair":{"pubKey":"BUiGHiZDT4XRPfpTBq48JLAXQT7X/XQZ1Q+mBeHdEktf","privKey":"IAXTK/geG+X9ARdUz2JVHLmhEohXrulCzvYFL4k+6Gw="},"lastRemoteEphemeralKey":"BV/bKio3XW6u9NGh6KbHJCA0vJcOdeVPI+TxkUCsx7Mn","previousCounter":0,"rootKey":"XeroIxhSyGqW4ptApnHOv9QECrvUxEEXaoGHrXz5d5U="},"indexInfo":{"baseKey":"BREm/wI94NXFJtvYfkrd17aNJoRVHidpyJ1f4506+1Q3","baseKeyType":1,"closed":-1,"used":1737104643294,"created":1737104643294,"remoteIdentityKey":"BWd1zcWUw4rPEMbCywOpa8/LlUDJps0IoioG4lleIAor"},"_chains":{"BUiGHiZDT4XRPfpTBq48JLAXQT7X/XQZ1Q+mBeHdEktf":{"chainKey":{"counter":2,"key":"q3jsRIj/H791kSWQ0IoABP+OOSWcXgHqW6heEWRUbFE="},"chainType":1,"messageKeys":{}}},"pendingPreKey":{"signedKeyId":0,"baseKey":"BREm/wI94NXFJtvYfkrd17aNJoRVHidpyJ1f4506+1Q3","preKeyId":3989130}}},"version":"v1"}