{"_sessions":{"Bep16Z9J3GTjIHHotXwztkPcLe+N0UMicjH0Hgvkpddc":{"registrationId":1625664549,"currentRatchet":{"ephemeralKeyPair":{"pubKey":"Bf+/MJXF7Mqo6DDPB0yGz7OqL9aCZFQ9ashRlzBUSpcl","privKey":"mJELzZDGwvIGRAfqvb84K1ybN1XUqTyDRtAE1LKaDWw="},"lastRemoteEphemeralKey":"BVp9jacw7GCitwLEVQd5h4IEgHYvrERT7jL5XbLu570b","previousCounter":0,"rootKey":"Mft6z0rxqZJZVYJ5EO62+cEQPrGSNsXPwFt0Fx6lLYs="},"indexInfo":{"baseKey":"Bep16Z9J3GTjIHHotXwztkPcLe+N0UMicjH0Hgvkpddc","baseKeyType":1,"closed":-1,"used":1737102401508,"created":1737102401508,"remoteIdentityKey":"BZjT3u+m1u3notjIttGR98NXoEgXmwlKZFcIV9nD93pk"},"_chains":{"Bf+/MJXF7Mqo6DDPB0yGz7OqL9aCZFQ9ashRlzBUSpcl":{"chainKey":{"counter":0,"key":"GlXcxrx4zXCegyv/qaSCr8vTNLRdPKFsqjQUxMe3tOU="},"chainType":1,"messageKeys":{}}},"pendingPreKey":{"signedKeyId":9,"baseKey":"Bep16Z9J3GTjIHHotXwztkPcLe+N0UMicjH0Hgvkpddc"}}},"version":"v1"}