{"_sessions":{"BZxo2YO7L+3MNDkwneF0zjz3QIBV4mLjSMKKC6x/b/s3":{"registrationId":95354566,"currentRatchet":{"ephemeralKeyPair":{"pubKey":"BcMmOYISP4sPkILSz/YZ1mnHeqIMT/psEvGI8D2eMzkg","privKey":"MJ+1pRI6MUpDEGcvOmKIyPW6Z/Ft+vgjzs5rSnNcQkA="},"lastRemoteEphemeralKey":"BQoj/eO0yApUJy6WvK3Z5g3z26oyRz5WO9aXbfvO1Fhu","previousCounter":0,"rootKey":"dsNr8+oSx2xf9EVWW2+tAbWL+oFUB+E+Amn/XvZLS54="},"indexInfo":{"baseKey":"BZxo2YO7L+3MNDkwneF0zjz3QIBV4mLjSMKKC6x/b/s3","baseKeyType":1,"closed":-1,"used":1737102400716,"created":1737102400716,"remoteIdentityKey":"Be8/YdnjBE/DjQHNmDjgLEcnn9QYilGDNX0RI6SjD4da"},"_chains":{"BcMmOYISP4sPkILSz/YZ1mnHeqIMT/psEvGI8D2eMzkg":{"chainKey":{"counter":0,"key":"v9BtHnErMC2jal7FhUnSAkFvW1dvV6VfH2hPpUEh5l0="},"chainType":1,"messageKeys":{}}},"pendingPreKey":{"signedKeyId":2,"baseKey":"BZxo2YO7L+3MNDkwneF0zjz3QIBV4mLjSMKKC6x/b/s3","preKeyId":250283}}},"version":"v1"}