{"_sessions":{"BbUmhewCv8v0zveKzT7/ADMRaVqqXD18lQHWKE12+6tj":{"registrationId":542187988,"currentRatchet":{"ephemeralKeyPair":{"pubKey":"Bd4RhIsGvTwyqgRcD8SDXM73cxcO9OZZ2tgJkb8Sv91h","privKey":"YADD7cahz327CrC9lsnYjQRhuj7wD0Oz87e54uYNyVw="},"lastRemoteEphemeralKey":"BSz5qUcVnLedrLYv4m0Jx/Dss0uaZuYqqBO0ewl70xt4","previousCounter":0,"rootKey":"TA2CCWWmd5tOEPtneccD0gURN8haJtE3br68b480dj4="},"indexInfo":{"baseKey":"BbUmhewCv8v0zveKzT7/ADMRaVqqXD18lQHWKE12+6tj","baseKeyType":1,"closed":-1,"used":1737102400557,"created":1737102400557,"remoteIdentityKey":"BW/77+TbuceVNGU/f5NoVKG9iWvCWDOK7kDtsMm4+xQU"},"_chains":{"Bd4RhIsGvTwyqgRcD8SDXM73cxcO9OZZ2tgJkb8Sv91h":{"chainKey":{"counter":0,"key":"lNZVHu+nqCQiE9OWgN6++WtS67R4qxoy4nNJCUK16Rs="},"chainType":1,"messageKeys":{}}},"pendingPreKey":{"signedKeyId":2,"baseKey":"BbUmhewCv8v0zveKzT7/ADMRaVqqXD18lQHWKE12+6tj","preKeyId":5238082}}},"version":"v1"}