{"_sessions":{"BeYwQVRlx5OV4BDzW7ICJi+K6o0Nxr38tqxaw2S4yM5k":{"registrationId":232722798,"currentRatchet":{"ephemeralKeyPair":{"pubKey":"BVCCqu2XqeO0DXplGGof3k9LiexA7TYMu9CoA+P96kQ1","privKey":"GG8hCQctoK/edDU5PGO7RNQOvvlNl2PqKzRn26zRbFA="},"lastRemoteEphemeralKey":"BaOKIiWrM5S87lWchA/94DqOXomAtzFHebawIdsYuexa","previousCounter":0,"rootKey":"kLn/rmVjSPXFtnMdV0AMPV+z/oU+VWbKBNZx8Qr6LdI="},"indexInfo":{"baseKey":"BeYwQVRlx5OV4BDzW7ICJi+K6o0Nxr38tqxaw2S4yM5k","baseKeyType":1,"closed":-1,"used":1737102401168,"created":1737102401168,"remoteIdentityKey":"BU7kkdgBFcJDHjEk9QwwtRUN0PbmsO0biaJo1hxcvOs6"},"_chains":{"BVCCqu2XqeO0DXplGGof3k9LiexA7TYMu9CoA+P96kQ1":{"chainKey":{"counter":0,"key":"a/7dr8/nG3IbHGBKgTu5O1lnvyE6NWDk/sLU5fWQ/5M="},"chainType":1,"messageKeys":{}}},"pendingPreKey":{"signedKeyId":9,"baseKey":"BeYwQVRlx5OV4BDzW7ICJi+K6o0Nxr38tqxaw2S4yM5k","preKeyId":11749283}}},"version":"v1"}