{"_sessions":{"BSKk5I2rvLxY6m1rOVNlXsN2zbHJOKY+1VotmbsRAJoh":{"registrationId":1620423908,"currentRatchet":{"ephemeralKeyPair":{"pubKey":"BTHxgXpcAT9MhAYRsX83O4SlNb9jOAYqJ4wP/6zK7Bg1","privKey":"uKQuQZC4YPtgJDGZ9S8c2YlR5NKRiOmRzS7LyOqZRnk="},"lastRemoteEphemeralKey":"BRiuyJerPytWRbCMICt0zHbwNpwozkEETj39hbu5FgNS","previousCounter":0,"rootKey":"FP2OjZmXRMx1pl9r+wmEwqETT+poR6Q4HOtOMlx1O4s="},"indexInfo":{"baseKey":"BSKk5I2rvLxY6m1rOVNlXsN2zbHJOKY+1VotmbsRAJoh","baseKeyType":1,"closed":-1,"used":1737102401066,"created":1737102401066,"remoteIdentityKey":"BXuqm1YCm6HUVTsn56LKH8QHcDJHIXtspFARoTAXJMUK"},"_chains":{"BTHxgXpcAT9MhAYRsX83O4SlNb9jOAYqJ4wP/6zK7Bg1":{"chainKey":{"counter":0,"key":"TSknsRBjNS8xhAOYf5WBgy0IUDKnwwIoxDWGwgIDufw="},"chainType":1,"messageKeys":{}}},"pendingPreKey":{"signedKeyId":12,"baseKey":"BSKk5I2rvLxY6m1rOVNlXsN2zbHJOKY+1VotmbsRAJoh"}}},"version":"v1"}