{"_sessions":{"BTZj0sIPLGLlkWVFlrp6ZYl/vy43ckwOz60jnWyjMIRd":{"registrationId":455554187,"currentRatchet":{"ephemeralKeyPair":{"pubKey":"BXWqRUFHRoKqwG54LHtAZvRvmRRuZy7RCBz8lSJYu4sj","privKey":"oFu5Yc9DsSEQu01Gn22dcLfl954SNTV6nuZwohUykkA="},"lastRemoteEphemeralKey":"BZPhQIAUGjnWWVC+/g5qf0I5hFNfPRcclA+5BP1IO9l/","previousCounter":0,"rootKey":"l6CZJ1JmQPQLJ6fLoVACYzO1l+PbQnrxBsdyGkZipSM="},"indexInfo":{"baseKey":"BTZj0sIPLGLlkWVFlrp6ZYl/vy43ckwOz60jnWyjMIRd","baseKeyType":1,"closed":-1,"used":1737102401456,"created":1737102401456,"remoteIdentityKey":"BfkHMvu5juUqq+vahd1JohMG+SGio5EZ8K/K0sGQ3P8k"},"_chains":{"BXWqRUFHRoKqwG54LHtAZvRvmRRuZy7RCBz8lSJYu4sj":{"chainKey":{"counter":0,"key":"eF4GJbPVBsWMeMmhEYbiwtNLPAKPEmLkI70Qo9s3gJE="},"chainType":1,"messageKeys":{}}},"pendingPreKey":{"signedKeyId":0,"baseKey":"BTZj0sIPLGLlkWVFlrp6ZYl/vy43ckwOz60jnWyjMIRd","preKeyId":16525903}}},"version":"v1"}