{"_sessions":{"BZTp3Qvo1iRikoeTISdA1ZIu/u0BCqP1ze2VVhBwrf1n":{"registrationId":12525076,"currentRatchet":{"ephemeralKeyPair":{"pubKey":"BcFJSfTgvekjscrtXa6u37jMGNVZqm0tQZNnQGfA5hQg","privKey":"AMxo3Hz+WhzgyYWbTi7c7+3Gju4XevR78BlbtZydHF8="},"lastRemoteEphemeralKey":"BVc1Qdicpk9UBe/5B0oxcPQy9MNS4Mk7qBrP7FncAD9I","previousCounter":0,"rootKey":"LEQYICySScuitSqnWHskuoxZsWUOlWn599Za5QaLmw4="},"indexInfo":{"baseKey":"BZTp3Qvo1iRikoeTISdA1ZIu/u0BCqP1ze2VVhBwrf1n","baseKeyType":1,"closed":-1,"used":1737104171055,"created":1737104171055,"remoteIdentityKey":"BfFqzoehEKDJcP1GGx95a7s4i1kxQKhIqUsZq2TVIKZo"},"_chains":{"BcFJSfTgvekjscrtXa6u37jMGNVZqm0tQZNnQGfA5hQg":{"chainKey":{"counter":0,"key":"xOWuQf1EUL2Z2zzNQ8t9Ppr8dXGRnAU/81R+eHhILc4="},"chainType":1,"messageKeys":{}}},"pendingPreKey":{"signedKeyId":0,"baseKey":"BZTp3Qvo1iRikoeTISdA1ZIu/u0BCqP1ze2VVhBwrf1n","preKeyId":9147062}}},"version":"v1"}