{"_sessions":{"Bcq+Inhr6arXiF4gBkhvnVvlFPQaTLMaj2e+2SEUp34C":{"registrationId":135583714,"currentRatchet":{"ephemeralKeyPair":{"pubKey":"Bbi0PyoVPYqkohGmlzs91Bq+840PEFEVqL2QlmdWm1kW","privKey":"YEfIEQflStLAPgA7cDTpnEMq5+efNQPR7T7Da3zAzF8="},"lastRemoteEphemeralKey":"BWTTcTeOv8jfGuFNSPfE/4V4PYUx5rJPOtwi69q10bth","previousCounter":0,"rootKey":"845kdjtdOELyGCvAD0MzEkCfZYQ1McW0LVi7gKCvulk="},"indexInfo":{"baseKey":"Bcq+Inhr6arXiF4gBkhvnVvlFPQaTLMaj2e+2SEUp34C","baseKeyType":1,"closed":-1,"used":1737102400250,"created":1737102400250,"remoteIdentityKey":"BXXWIWYn55m2ZDcSzYKdqoS+okmtQpxG15mF3S3hIfIL"},"_chains":{"Bbi0PyoVPYqkohGmlzs91Bq+840PEFEVqL2QlmdWm1kW":{"chainKey":{"counter":0,"key":"wpeg3wF1zSdWDtH4n/fnXDAR0N5ASbeSd+toNrTpPmQ="},"chainType":1,"messageKeys":{}}},"pendingPreKey":{"signedKeyId":5,"baseKey":"Bcq+Inhr6arXiF4gBkhvnVvlFPQaTLMaj2e+2SEUp34C","preKeyId":8130101}}},"version":"v1"}