{"_sessions":{"BcUB9Eg9xrMUDuYGNAEIWpuNf34Nz/A4Fobsw55Pu+Yf":{"registrationId":1038001390,"currentRatchet":{"ephemeralKeyPair":{"pubKey":"BV+HZUQgqthFWSzduQjwizs5Lza0pTz8lhQA/k6LMaxC","privKey":"oOSjBBJmnmD6pNaB7IFFB/ng0tKh5t8YgKtYq8cc4F8="},"lastRemoteEphemeralKey":"BdjVEMLvpXIHr3UNXkutBj8Q0vUSJtHwMNvmOInoqaM1","previousCounter":0,"rootKey":"Jpm/c01xWyNqDST+QUSqUUOKvZ7OQQHzE30aE4Lty00="},"indexInfo":{"baseKey":"BcUB9Eg9xrMUDuYGNAEIWpuNf34Nz/A4Fobsw55Pu+Yf","baseKeyType":1,"closed":-1,"used":1737104171110,"created":1737104171110,"remoteIdentityKey":"BZesCRr2oqiIeLM2Vy1gN+vwlxXeR/ludrfhHMMdREFF"},"_chains":{"BV+HZUQgqthFWSzduQjwizs5Lza0pTz8lhQA/k6LMaxC":{"chainKey":{"counter":0,"key":"zWVjDXilTrZXKd67iuYcqzi9tMe2rseOUGd5MTaQ2BE="},"chainType":1,"messageKeys":{}}},"pendingPreKey":{"signedKeyId":9,"baseKey":"BcUB9Eg9xrMUDuYGNAEIWpuNf34Nz/A4Fobsw55Pu+Yf","preKeyId":16566634}}},"version":"v1"}