{"_sessions":{"BdtltpdhsXF/E7vKwL+todEy3uDSmhpW5ohHXMjXVV89":{"registrationId":1271242238,"currentRatchet":{"ephemeralKeyPair":{"pubKey":"BTyAcxrEwlEhYeAH/zOT4W9s7LHVgpO7/+O/NLhwErAw","privKey":"iCSGewpq76/QD30SXnmq8E1jvEXBYJPzg6g7gqsm/Ec="},"lastRemoteEphemeralKey":"BS6qwS5hdBBp747zfVYrJg1aDrmbjsJpZUXQX7Nr/74Y","previousCounter":0,"rootKey":"UndLRIyBAhtXSm2H5eplzTP0HjG55CQDTjW/k1UCLUs="},"indexInfo":{"baseKey":"BdtltpdhsXF/E7vKwL+todEy3uDSmhpW5ohHXMjXVV89","baseKeyType":1,"closed":-1,"used":1737102400400,"created":1737102400400,"remoteIdentityKey":"BQaNlwsxGDoClMIV5YnR+IZOIx7sma4MIshsmTeJF6hH"},"_chains":{"BTyAcxrEwlEhYeAH/zOT4W9s7LHVgpO7/+O/NLhwErAw":{"chainKey":{"counter":0,"key":"WafISe856U5o/pPIp1HOErWkx8LWJ0SgK0V0ZZu5Sjo="},"chainType":1,"messageKeys":{}}},"pendingPreKey":{"signedKeyId":2,"baseKey":"BdtltpdhsXF/E7vKwL+todEy3uDSmhpW5ohHXMjXVV89","preKeyId":11900406}}},"version":"v1"}