{"_sessions":{"BTrhqVx3qFhKBKh161F+UM0bcBHc4TRWXCxOFMjCbiRS":{"registrationId":1076847138,"currentRatchet":{"ephemeralKeyPair":{"pubKey":"BT+5VPCwT+cS0KV9xePnIPPPxWb58MsyGD8FG0b4O6AW","privKey":"gMv4ZKnanL630jbOlQqQ4fbOCGTgbOm+RlGR4asWi3g="},"lastRemoteEphemeralKey":"BQY+wAwQuESxxbiCPHEgMCxlGf9/z07yuf6c+2sXQUFk","previousCounter":0,"rootKey":"Cm6gz9d48QUpRcONQT65lYPprZFonfy9fIK9pvNOlpU="},"indexInfo":{"baseKey":"BTrhqVx3qFhKBKh161F+UM0bcBHc4TRWXCxOFMjCbiRS","baseKeyType":1,"closed":-1,"used":1737102399578,"created":1737102399578,"remoteIdentityKey":"BVpchoo+p7xGmWPse8NDnuX9FACxGENhjZ/uaMU3H6gq"},"_chains":{"BT+5VPCwT+cS0KV9xePnIPPPxWb58MsyGD8FG0b4O6AW":{"chainKey":{"counter":0,"key":"IIThuo5E/73NMBz7+KkcQsZ2vrP+bQzp2Jp/BcpT/C0="},"chainType":1,"messageKeys":{}}},"pendingPreKey":{"signedKeyId":20,"baseKey":"BTrhqVx3qFhKBKh161F+UM0bcBHc4TRWXCxOFMjCbiRS","preKeyId":10648004}}},"version":"v1"}