{"_sessions":{"BSRCzXnDpRQKdTmpXlu6EhIb4ZmGEyEdbiI5HZ61jHIE":{"registrationId":1088298762,"currentRatchet":{"ephemeralKeyPair":{"pubKey":"Bb0ZdqkvFcg2BgYn90EJSlcwwzPAQKp1ygb9VtXBNIJl","privKey":"8Aa27DFSmjCLtRIxYKpGy59PR/5G0DdrQemqmttnuk0="},"lastRemoteEphemeralKey":"BaX5TKqbeMtzIAYjV6yk5mET+eN5ua0+46jT4AaElFJ6","previousCounter":0,"rootKey":"9tY9F9bnYZD3qqa0jxlVZtvsxfzJM3nLawHbNB4/b8Y="},"indexInfo":{"baseKey":"BSRCzXnDpRQKdTmpXlu6EhIb4ZmGEyEdbiI5HZ61jHIE","baseKeyType":1,"closed":-1,"used":1737104171699,"created":1737104171699,"remoteIdentityKey":"Bdh09IsfUrsR0KG7aAcHu7Fkmy0/d4b23nHwrkQQeQcK"},"_chains":{"Bb0ZdqkvFcg2BgYn90EJSlcwwzPAQKp1ygb9VtXBNIJl":{"chainKey":{"counter":0,"key":"ApPssqgen4X99gZSitk+0c8Z3lP7qQXnZ4mtKsO6zco="},"chainType":1,"messageKeys":{}}},"pendingPreKey":{"signedKeyId":2,"baseKey":"BSRCzXnDpRQKdTmpXlu6EhIb4ZmGEyEdbiI5HZ61jHIE","preKeyId":11036630}}},"version":"v1"}