{"_sessions":{"BWijjaEKhm/ykYVfJiQqctkadPNx4cNL7I2SSrjgTk18":{"registrationId":267396187,"currentRatchet":{"ephemeralKeyPair":{"pubKey":"BQHS7smBz5gKuw7zhU1B9dqxDurIQiGCIjMhVx6mN+Jq","privKey":"CH5sbJ5lfy7/3h/m56BIR0SOuh4rtnItoZn9ShB6LXg="},"lastRemoteEphemeralKey":"BcQZmvIPO8nbuqfAUftyMefeDZW0JKdnEuSDF5n50Td/","previousCounter":0,"rootKey":"v3tCvvEvxC7IKCxCXWLfbPkh67zSZlABA33ht7XrVFM="},"indexInfo":{"baseKey":"BWijjaEKhm/ykYVfJiQqctkadPNx4cNL7I2SSrjgTk18","baseKeyType":1,"closed":-1,"used":1737102401019,"created":1737102401019,"remoteIdentityKey":"BU+AMw3lP2lNfgcWUsv3cT0b3PjRcBaNH1nNpfimH/VA"},"_chains":{"BQHS7smBz5gKuw7zhU1B9dqxDurIQiGCIjMhVx6mN+Jq":{"chainKey":{"counter":0,"key":"r9gZnC9lmRfY+W7LLCD8KXfJZD0/8VgIHsSSzAoKMzc="},"chainType":1,"messageKeys":{}}},"pendingPreKey":{"signedKeyId":1,"baseKey":"BWijjaEKhm/ykYVfJiQqctkadPNx4cNL7I2SSrjgTk18"}}},"version":"v1"}