{"_sessions":{"BRs2Qnfq4y1K5bRQv/Uule1ve0Dzg8kpMa/nRYtRHqRt":{"registrationId":1553220945,"currentRatchet":{"ephemeralKeyPair":{"pubKey":"Bagiaj2hbh/I4kJWlxW+hAmQ4JAyKJlkSaYVHpzXR/Id","privKey":"kBXd5tWire3wtWQkmdlg0DL9Rzq0nIMqIL44ydis2Vo="},"lastRemoteEphemeralKey":"BV6k8zAEeqT0PxWz9clSeN32JAahorTENMB58L9v784a","previousCounter":0,"rootKey":"F6HYmAhFj+w2iFuAETVlDfagp3cqI4Ay6LC2XPYCcBU="},"indexInfo":{"baseKey":"BRs2Qnfq4y1K5bRQv/Uule1ve0Dzg8kpMa/nRYtRHqRt","baseKeyType":1,"closed":-1,"used":1737102400642,"created":1737102400642,"remoteIdentityKey":"Bbfk+GDCPqv0tcLa8KbSNPgI6tnNdOViwtvEvmDmatpA"},"_chains":{"Bagiaj2hbh/I4kJWlxW+hAmQ4JAyKJlkSaYVHpzXR/Id":{"chainKey":{"counter":0,"key":"v2F3p1l9aBDzdByW4kk8FGzFji70BX+fPc3FZpfLCA8="},"chainType":1,"messageKeys":{}}},"pendingPreKey":{"signedKeyId":9,"baseKey":"BRs2Qnfq4y1K5bRQv/Uule1ve0Dzg8kpMa/nRYtRHqRt","preKeyId":13509008}}},"version":"v1"}