{"_sessions":{"BcEWdVTL2FL63XaR3cEpX2e1tWkj/bXQZk8mnUx2bJQP":{"registrationId":629164990,"currentRatchet":{"ephemeralKeyPair":{"pubKey":"BYpOVywHPAjBJ9povpvzqTGmQj1lwyZwB9IRipA71XN0","privKey":"gGhz2exhZqrcGA2KO9/lPpsrkuUxraAtrMxhxNz/jmM="},"lastRemoteEphemeralKey":"BXQhn4OY4vMjf0ULqxoqds+bpWvVbT9LoETfvmlYCEBl","previousCounter":0,"rootKey":"260JcMxlfHU3p91TAL/L43yqiAh1aPsBYbcxgKx5SKw="},"indexInfo":{"baseKey":"BcEWdVTL2FL63XaR3cEpX2e1tWkj/bXQZk8mnUx2bJQP","baseKeyType":1,"closed":-1,"used":1737102399641,"created":1737102399641,"remoteIdentityKey":"BRed+NAKyg7kY6auSneVAZoyRGElMaMyrIFAHiK6rvg7"},"_chains":{"BYpOVywHPAjBJ9povpvzqTGmQj1lwyZwB9IRipA71XN0":{"chainKey":{"counter":0,"key":"U2yHdFqUxk/soPVPh0WeQpweyks2P7RiXYPTZTxwhiA="},"chainType":1,"messageKeys":{}}},"pendingPreKey":{"signedKeyId":8,"baseKey":"BcEWdVTL2FL63XaR3cEpX2e1tWkj/bXQZk8mnUx2bJQP"}}},"version":"v1"}