{"_sessions":{"BXIXYUnhUVhzlAYTq62bM9kNOclOdWBCPfjlX9U0j9d4":{"registrationId":2079081009,"currentRatchet":{"ephemeralKeyPair":{"pubKey":"BazyNOQ79LSh6hicU5BkKn+gRjJ7jjl3w7sW/kvONwxj","privKey":"eEx4y/6a7aCiCLVMhberNUCCu1jGP7/Ko7Li365+tHg="},"lastRemoteEphemeralKey":"BUvg2gGzW7gsww57oULio0r0M7i/cfokZFLhb5se1vAp","previousCounter":0,"rootKey":"k5WFYx77/Oi9BA29Z5nAN9OhRCq8WLk17iR++Ao9r0Y="},"indexInfo":{"baseKey":"BXIXYUnhUVhzlAYTq62bM9kNOclOdWBCPfjlX9U0j9d4","baseKeyType":1,"closed":-1,"used":1737102400187,"created":1737102400187,"remoteIdentityKey":"Bcf49ufUHXpnh2WcROeFlbFHd8wImi+fxgfNR5wJlmdQ"},"_chains":{"BazyNOQ79LSh6hicU5BkKn+gRjJ7jjl3w7sW/kvONwxj":{"chainKey":{"counter":0,"key":"VI+yoV+pX9VI8Y7McwyBNsGlPkTyLw75hELKkTc+vbg="},"chainType":1,"messageKeys":{}}},"pendingPreKey":{"signedKeyId":2,"baseKey":"BXIXYUnhUVhzlAYTq62bM9kNOclOdWBCPfjlX9U0j9d4"}}},"version":"v1"}