{"_sessions":{"BTy4MGr+baRGZgznizCf3pnP7BxfSh3P/QCaI4iE27pL":{"registrationId":1575496439,"currentRatchet":{"ephemeralKeyPair":{"pubKey":"BVRKWnzJjA+FB3Cgzs7KXroBxkHNSiXHr1pIW+s7Idxp","privKey":"oHgxtzR3uT/Cdg3mcJXgjtVUsXYfgYKU4vC9QDe22WI="},"lastRemoteEphemeralKey":"BYH/VmseX/0q+1lnFstk24j9t/Jtr0oj3pAVtFPI5oVh","previousCounter":0,"rootKey":"rK6rSUN533dLNfSkN3QEjkXMh5lY20JS1pB1CzGUwlc="},"indexInfo":{"baseKey":"BTy4MGr+baRGZgznizCf3pnP7BxfSh3P/QCaI4iE27pL","baseKeyType":1,"closed":-1,"used":1737104171014,"created":1737104171014,"remoteIdentityKey":"BV6Coazsdga8ix6xx4T9QD4lkPUYwy4GbiHIsAlT94ME"},"_chains":{"BVRKWnzJjA+FB3Cgzs7KXroBxkHNSiXHr1pIW+s7Idxp":{"chainKey":{"counter":0,"key":"a7Hw8Lodz/E6GE/aUXZBW+YYHxr8rys3X4lxlirrA9s="},"chainType":1,"messageKeys":{}}},"pendingPreKey":{"signedKeyId":5,"baseKey":"BTy4MGr+baRGZgznizCf3pnP7BxfSh3P/QCaI4iE27pL"}}},"version":"v1"}