{"_sessions":{"BZg7bDonAEwKSyURWdBMmc0OeD4Bk55xtMaP1tBCCOF7":{"registrationId":118408668,"currentRatchet":{"ephemeralKeyPair":{"pubKey":"BUNeldWVazXIsOEdL5TFElXNe/EHSPa2r419adkn0xlG","privKey":"qMZo+nFuU2wKJ/q2zWnIn5yIzeg5EfWH/TiBqIty4WM="},"lastRemoteEphemeralKey":"Bcj66+aSODLkHDKDnYrDMB43MEcupmJA1p2HFUjaLH4G","previousCounter":0,"rootKey":"bOFVeCrOyqvj/fEj7qpzlPo+yFxQpWj/et88oDVpA3c="},"indexInfo":{"baseKey":"BZg7bDonAEwKSyURWdBMmc0OeD4Bk55xtMaP1tBCCOF7","baseKeyType":1,"closed":-1,"used":1737102400497,"created":1737102400497,"remoteIdentityKey":"BfSJLdki3um7BYoBQQ9GfhME9vvRIFoUf9k+9HzaGRM+"},"_chains":{"BUNeldWVazXIsOEdL5TFElXNe/EHSPa2r419adkn0xlG":{"chainKey":{"counter":0,"key":"ja4j8Qfq57FrXHXirbTeUDjfCGEIPUeB+Ic/9rMJ1jg="},"chainType":1,"messageKeys":{}}},"pendingPreKey":{"signedKeyId":8,"baseKey":"BZg7bDonAEwKSyURWdBMmc0OeD4Bk55xtMaP1tBCCOF7"}}},"version":"v1"}