{"_sessions":{"BVJCoJrTtWnedYZsHeDn7PuTFoS4zKnoyxYr6HOSQNoW":{"registrationId":1776189431,"currentRatchet":{"ephemeralKeyPair":{"pubKey":"BbxTu9RwUmYZFReuZ1QPtglHHbY9dvAqG+bxIfc5nusj","privKey":"+EysHpFXoAmy3qgi1IGbb4BVdME7ahcw+lNxBkRDo1g="},"lastRemoteEphemeralKey":"BVHvcC12ypS8dfcnV8HoL9xhzvPXlW2g+NPfML3kmJsJ","previousCounter":0,"rootKey":"UqTiZK4EpkO5AaL+/hoHi+fSounaNXkEVQFA064PNpk="},"indexInfo":{"baseKey":"BVJCoJrTtWnedYZsHeDn7PuTFoS4zKnoyxYr6HOSQNoW","baseKeyType":1,"closed":-1,"used":1737104171580,"created":1737104171580,"remoteIdentityKey":"BYAdy1UKYn9sVXDyaseeU1SAtwRI5Jheny06Ni2CtJ95"},"_chains":{"BbxTu9RwUmYZFReuZ1QPtglHHbY9dvAqG+bxIfc5nusj":{"chainKey":{"counter":0,"key":"U/mOnvcYOCUr0PsnE/P/NXQQGAHdSak23sESEUoZ844="},"chainType":1,"messageKeys":{}}},"pendingPreKey":{"signedKeyId":2,"baseKey":"BVJCoJrTtWnedYZsHeDn7PuTFoS4zKnoyxYr6HOSQNoW","preKeyId":4030861}}},"version":"v1"}