{"_sessions":{"BaAwUDDUIzCd4yGDqil9D1IRFjNqjZpy5jelmwoi051d":{"registrationId":1372821151,"currentRatchet":{"ephemeralKeyPair":{"pubKey":"BZwtYg4xq4jTygxcvIuu5QNKzpWdMKfWBrseSAsjM6VP","privKey":"uFnqEKNxzWej/8hoiqAqSpzmJsQXiy9mL+eHF8Ihn28="},"lastRemoteEphemeralKey":"BVrU5g0ZntEHgJImHneDBlZ/DkRsFx3bt0/8uVC8T5B/","previousCounter":0,"rootKey":"AnPRs1I0Mxe/qm+lrJKLN3QCQCE0obSBjDxK2WaH2BA="},"indexInfo":{"baseKey":"BaAwUDDUIzCd4yGDqil9D1IRFjNqjZpy5jelmwoi051d","baseKeyType":1,"closed":-1,"used":1737102401433,"created":1737102401433,"remoteIdentityKey":"BYgC0XJlekJ2K77eK/sNMdDIBklDSze3hYAnouC3+R9o"},"_chains":{"BZwtYg4xq4jTygxcvIuu5QNKzpWdMKfWBrseSAsjM6VP":{"chainKey":{"counter":0,"key":"lYbkk/4JjlDeQ3GjlkLWsHH62e/rJvYsiWBXZinlA2w="},"chainType":1,"messageKeys":{}}},"pendingPreKey":{"signedKeyId":8,"baseKey":"BaAwUDDUIzCd4yGDqil9D1IRFjNqjZpy5jelmwoi051d","preKeyId":4512777}}},"version":"v1"}