{"_sessions":{"BcRpHXm0L0tTVrqwR6MQI6oDM8r7F3yBh8CDwow85U1k":{"registrationId":515882945,"currentRatchet":{"ephemeralKeyPair":{"pubKey":"BSvfRZBeyOdc2JrOYFzxpDyaizcSg5Fhqr9uKnvN4bZv","privKey":"KL8cdeUAPapuKfFoECQ3ci50aUSi4Prs4OGPBlkGTGU="},"lastRemoteEphemeralKey":"Becrzb0bW2wtn2DSAlaZIjBzXfQBfaKUgLP8X5n7sqcs","previousCounter":0,"rootKey":"OozXR0kRqHvRgYJ4FRnFbYEexsEC/CdJL0f5ZMMWe+A="},"indexInfo":{"baseKey":"BcRpHXm0L0tTVrqwR6MQI6oDM8r7F3yBh8CDwow85U1k","baseKeyType":1,"closed":-1,"used":1737102400295,"created":1737102400295,"remoteIdentityKey":"BZ+4fD06DeTM2bZoeQOhDoNGT12JiBbGUf5iRQCX8vVc"},"_chains":{"BSvfRZBeyOdc2JrOYFzxpDyaizcSg5Fhqr9uKnvN4bZv":{"chainKey":{"counter":0,"key":"ts6OIq+UZstI7cVFPNAI56SydtKxXwgIkS3rMG1QWqs="},"chainType":1,"messageKeys":{}}},"pendingPreKey":{"signedKeyId":0,"baseKey":"BcRpHXm0L0tTVrqwR6MQI6oDM8r7F3yBh8CDwow85U1k","preKeyId":450664}}},"version":"v1"}