{"_sessions":{"BeBv8M5isISXzLxe1yI0OGXkcGj+8eTN8SitMsh0XtAU":{"registrationId":1559368190,"currentRatchet":{"ephemeralKeyPair":{"pubKey":"BbBT34l+XoBXWqse6wJpn3YmlpzNJbmZIN/GA/JYSoUH","privKey":"ACS1Rsxfe9RCOJVuFjyP4+4r4MFPRcJyxCq4Z4J9TXE="},"lastRemoteEphemeralKey":"BQyyool5Oly4pRr6CwBGJhv8Io8a8TgUwavYk8tCEdYt","previousCounter":0,"rootKey":"8gkuaNMIahLY/ScRSOGTs9ZmOIzSITgDqZ667k35j9s="},"indexInfo":{"baseKey":"BeBv8M5isISXzLxe1yI0OGXkcGj+8eTN8SitMsh0XtAU","baseKeyType":1,"closed":-1,"used":1737102401152,"created":1737102401152,"remoteIdentityKey":"BWqD+G+TTvMTOMjtiMLPclf1PsZ+IG4b5gV96y6pn+9c"},"_chains":{"BbBT34l+XoBXWqse6wJpn3YmlpzNJbmZIN/GA/JYSoUH":{"chainKey":{"counter":0,"key":"pwT8UEudfBopBCxAoPueH8SC53jLIkxzyqRHoKBjLYE="},"chainType":1,"messageKeys":{}}},"pendingPreKey":{"signedKeyId":1,"baseKey":"BeBv8M5isISXzLxe1yI0OGXkcGj+8eTN8SitMsh0XtAU"}}},"version":"v1"}