{"_sessions":{"BRga5tFaiEHV4+IahyCBpb5FjLXkMLMONilIRcyWCZMF":{"registrationId":633064936,"currentRatchet":{"ephemeralKeyPair":{"pubKey":"BV+fYISRtxuA5NEmnGnHtSF0SeRcXxsjjgLBJDOa7psa","privKey":"8PKJpoS++8waE1xVtT/40iJwMuS8YECvRYQLpswonk4="},"lastRemoteEphemeralKey":"BQRCcQ411MLpTh2nr/12iX6PApHD8phBmJb79tQzZi5R","previousCounter":0,"rootKey":"oTKWsf11+9ulAZMqMhvFlN6OLp7IVfYtFLnt3ywHyR4="},"indexInfo":{"baseKey":"BRga5tFaiEHV4+IahyCBpb5FjLXkMLMONilIRcyWCZMF","baseKeyType":1,"closed":-1,"used":1737102401566,"created":1737102401566,"remoteIdentityKey":"BQasrVmXpn7OZnC9Ai9B6SApkFuwQijzdkF+kmX3Z5AV"},"_chains":{"BV+fYISRtxuA5NEmnGnHtSF0SeRcXxsjjgLBJDOa7psa":{"chainKey":{"counter":0,"key":"PMfJDVqBxSfL3ScCBPGMe25F9TnHD7SV/qXIxd299gE="},"chainType":1,"messageKeys":{}}},"pendingPreKey":{"signedKeyId":9,"baseKey":"BRga5tFaiEHV4+IahyCBpb5FjLXkMLMONilIRcyWCZMF","preKeyId":5046306}}},"version":"v1"}