{"_sessions":{"BSRJeC2P2lFL3r5y2IH1qfvs8fzpeQ/CNgw6gOrHTThS":{"registrationId":187465199,"currentRatchet":{"ephemeralKeyPair":{"pubKey":"BT3tnS2SGTT0TEXVXOSLZNdbVotK9Mf8/NFbZCSDiA4s","privKey":"QHzLZuuVEk7Hjezjctcx8gNDaK81Xvf4dsyuj7WilGw="},"lastRemoteEphemeralKey":"BdE93HQ/pGlibATbCiOVtCs+3kcv9ZSoaVY5/jIVyqQS","previousCounter":0,"rootKey":"PzSZjK4agFQw9vMz5eLkKW3wj2IpCy0k+/GW4WgRZ2s="},"indexInfo":{"baseKey":"BSRJeC2P2lFL3r5y2IH1qfvs8fzpeQ/CNgw6gOrHTThS","baseKeyType":1,"closed":-1,"used":1737104171064,"created":1737104171064,"remoteIdentityKey":"BTyVznJ+eUd+D+/1oLaWCrVt1ZUGWiEtuoZpbMLlplZC"},"_chains":{"BT3tnS2SGTT0TEXVXOSLZNdbVotK9Mf8/NFbZCSDiA4s":{"chainKey":{"counter":0,"key":"ITQK2FDZzLhAQZxan6xQ0Zrq0thvjSsG3C0UoT3P/lc="},"chainType":1,"messageKeys":{}}},"pendingPreKey":{"signedKeyId":3,"baseKey":"BSRJeC2P2lFL3r5y2IH1qfvs8fzpeQ/CNgw6gOrHTThS"}}},"version":"v1"}