{"_sessions":{"BQO4sZO4EewhrMvLJ7rUJdLmoK7MjFjHpLXefNu2b/YV":{"registrationId":643899716,"currentRatchet":{"ephemeralKeyPair":{"pubKey":"BQZKBOQE5WlxAQS7P5mDikX+3hNYprE970xuLTD4vfNa","privKey":"aH+ld9ZnY9RjKsL0CvHZ3XgOdyql3odnV+OUY3e21XY="},"lastRemoteEphemeralKey":"BTvGowNUUhoQMf9TPUTNr0oJZnOH6l9qLlcZXduVDdoZ","previousCounter":0,"rootKey":"Ut2+6ixUkuplXros4rMy55RbQ8rxG1uTtuFn8RXjoTI="},"indexInfo":{"baseKey":"BQO4sZO4EewhrMvLJ7rUJdLmoK7MjFjHpLXefNu2b/YV","baseKeyType":1,"closed":-1,"used":1737102400508,"created":1737102400508,"remoteIdentityKey":"BXjG+J3uM5099TwRPZvZTmLwaQhJ6kC1yHBmXgWYdRBi"},"_chains":{"BQZKBOQE5WlxAQS7P5mDikX+3hNYprE970xuLTD4vfNa":{"chainKey":{"counter":0,"key":"DM0wNZXoza3hQzVxSZZo6puMiC27ZoZmVgMteKwPtdM="},"chainType":1,"messageKeys":{}}},"pendingPreKey":{"signedKeyId":2,"baseKey":"BQO4sZO4EewhrMvLJ7rUJdLmoK7MjFjHpLXefNu2b/YV","preKeyId":14711505}}},"version":"v1"}