{"_sessions":{"BZh/QC3NBRDc7oWenGacuX3fQqjjk1ZQaPp0ywyYPql7":{"registrationId":1764659817,"currentRatchet":{"ephemeralKeyPair":{"pubKey":"BVmuNIbCo7GfEBBiPa9Xx6Own2J9lBeB8KKXn5NCQnxw","privKey":"2D4YfhFxauUw3Ccm1DLZkA/0OxPcMws46VjAT6gpYEc="},"lastRemoteEphemeralKey":"BTjEradMQcMUnk0SknZ32SNLyPEIMZl6lBcOKieQtI4U","previousCounter":0,"rootKey":"XoZCJicJ8pWQdy+a+yL2fyBpnrxHvQaXAwbZtMFWitA="},"indexInfo":{"baseKey":"BZh/QC3NBRDc7oWenGacuX3fQqjjk1ZQaPp0ywyYPql7","baseKeyType":2,"closed":-1,"used":1737106406547,"created":1737102373772,"remoteIdentityKey":"BUAosjkoNYpytgshjwL2wQd6kDockz21HqXYGtm4m18V"},"_chains":{"BcMGZz1ZMk5lKtB+bG8URn5Y5yil4+5zsnGQgATy0Y0o":{"chainKey":{"counter":0},"chainType":2,"messageKeys":{}},"BezIhtDBM64VgxQukzVAGuunY0kMioM90troyS2MzEtv":{"chainKey":{"counter":0},"chainType":2,"messageKeys":{}},"BVomLxx2X1TmPeY8apRbMv0qY5HI20+T7TuPrntiNi5L":{"chainKey":{"counter":1},"chainType":2,"messageKeys":{}},"BUz06x7bjVVrxCub54rrnGxHzV8iv97fHQZeToktWAID":{"chainKey":{"counter":1},"chainType":2,"messageKeys":{}},"BV3dSiD3tWu+ca9J8xrra2hl+nW/eIdoHMs2CFMje48r":{"chainKey":{"counter":1},"chainType":2,"messageKeys":{}},"BTjEradMQcMUnk0SknZ32SNLyPEIMZl6lBcOKieQtI4U":{"chainKey":{"counter":0,"key":"5n1aNn3YwNQWeefpZvb5/7Jr3sjZO4Vh7Otjyci9Rxc="},"chainType":2,"messageKeys":{}},"BVmuNIbCo7GfEBBiPa9Xx6Own2J9lBeB8KKXn5NCQnxw":{"chainKey":{"counter":-1,"key":"8fyJ4l/Lz4X0MvqmJDAx8/IieDtNBb8ks6phbdQxHyo="},"chainType":1,"messageKeys":{}}}}},"version":"v1"}