{"_sessions":{"BfR7jCp48BREisQxvAr2Ym6Ge2eo9HMjIqBeccHrHUBF":{"registrationId":1816286736,"currentRatchet":{"ephemeralKeyPair":{"pubKey":"BVPQImpU4G7ubjjbEoC2b3IyEtC4VeSFFO4IAXEL+N96","privKey":"QBdiREmi3bFwLdTRwwCPrVPKFyP5GKpV8mx3nzWMmVs="},"lastRemoteEphemeralKey":"BfZqN67BX7KAOsPUET2ikXlksM8jjJOuAbK89tVJNEwS","previousCounter":0,"rootKey":"Y7ePcFggxTdGP3pGCo9OAQdKvPNXrSlohi6QH/osYBc="},"indexInfo":{"baseKey":"BfR7jCp48BREisQxvAr2Ym6Ge2eo9HMjIqBeccHrHUBF","baseKeyType":1,"closed":-1,"used":1737102400612,"created":1737102400612,"remoteIdentityKey":"BVRRmMfGYmof63GxYZjl7S7KDgEPigHAtXPzdl6RP8dZ"},"_chains":{"BVPQImpU4G7ubjjbEoC2b3IyEtC4VeSFFO4IAXEL+N96":{"chainKey":{"counter":0,"key":"yNkHB8Hn/VhJSUlbjwuOgpcLX70kpVb6y11uyR51UXA="},"chainType":1,"messageKeys":{}}},"pendingPreKey":{"signedKeyId":20,"baseKey":"BfR7jCp48BREisQxvAr2Ym6Ge2eo9HMjIqBeccHrHUBF"}}},"version":"v1"}