{"_sessions":{"BU6P0ozu4RDMShr/VZxMb6KH/axm8S86nVyAl6glXLxZ":{"registrationId":291237046,"currentRatchet":{"ephemeralKeyPair":{"pubKey":"BZI6b+khVZk6KLJ3BDlaMFF+pGxGAkg/VYfVjlYzdipv","privKey":"OJDQ6qZb2a14WXXPf5GHVo4fiT3dnluFjWPyH8AbMXs="},"lastRemoteEphemeralKey":"BSo6sk5WyTztyuafzcjdHqKWtsP9RnFdZHwlO8n/KkZ/","previousCounter":0,"rootKey":"2ZwqEwvmUYsQDLqFcT28DNqSsG2/1ZeoJEIxzjD3Fxs="},"indexInfo":{"baseKey":"BU6P0ozu4RDMShr/VZxMb6KH/axm8S86nVyAl6glXLxZ","baseKeyType":1,"closed":-1,"used":1737104171307,"created":1737104171307,"remoteIdentityKey":"BTfrlu+V12m+Ni3p5NakfKe42b9QQsPwcOqO9ZDScF9X"},"_chains":{"BZI6b+khVZk6KLJ3BDlaMFF+pGxGAkg/VYfVjlYzdipv":{"chainKey":{"counter":0,"key":"0hZaZdbUXp2gGPdIopssRmfPFqczyq5yKPcAnqFptRI="},"chainType":1,"messageKeys":{}}},"pendingPreKey":{"signedKeyId":0,"baseKey":"BU6P0ozu4RDMShr/VZxMb6KH/axm8S86nVyAl6glXLxZ","preKeyId":3178732}}},"version":"v1"}