{"_sessions":{"BQKc3DGd7h3uqtZUelNENKUTl0umXoYn0t0NuWs7SH5a":{"registrationId":1657780986,"currentRatchet":{"ephemeralKeyPair":{"pubKey":"BSvNzJSfL6JbKuvmN2kaTni/i0AIj2m6xYNtOUXpjH0I","privKey":"aEBkRPwuWTk8qY0/LWSoKNOWQC5BwqplQ4GH53oGmkU="},"lastRemoteEphemeralKey":"BdyDVQR2lkYEYeP3ZlVNAWSYS945mfHWUWSJbiSMie4i","previousCounter":0,"rootKey":"a1mnZGrF8jXFGecKRituYcZ8q0uL/5i11sXlTy1NkWQ="},"indexInfo":{"baseKey":"BQKc3DGd7h3uqtZUelNENKUTl0umXoYn0t0NuWs7SH5a","baseKeyType":1,"closed":-1,"used":1737102399391,"created":1737102399391,"remoteIdentityKey":"BRZThU7NIKI4E/+uw97us/WCEEuEW4Jq6yId9jj/FBBY"},"_chains":{"BSvNzJSfL6JbKuvmN2kaTni/i0AIj2m6xYNtOUXpjH0I":{"chainKey":{"counter":0,"key":"nsORrSYvFbmYskkbwMv/t1/Wu/cDcORPieH6IGxYLmg="},"chainType":1,"messageKeys":{}}},"pendingPreKey":{"signedKeyId":8,"baseKey":"BQKc3DGd7h3uqtZUelNENKUTl0umXoYn0t0NuWs7SH5a","preKeyId":15412845}}},"version":"v1"}