{"_sessions":{"BSPxm5gUycGMsDybC0la7s0iDlkPj0qzl/0V3A3hJJp4":{"registrationId":1684587459,"currentRatchet":{"ephemeralKeyPair":{"pubKey":"BSCPuW4n5vKlHzLcua1q5CqUs7yyi2EpyM5zmH2jjdAv","privKey":"aAqIaeO9TClD8EIsE+hyAyT27Hzvx4n6HWvOSoqcsVM="},"lastRemoteEphemeralKey":"BXQGpEAiiujfp3Wo6k3K2P8wTi8YV9aZtKhTqtL1+2M8","previousCounter":0,"rootKey":"fle//DrUb8CJcSR8drIFxNcK1Td5rnS90QUkdPdMaFw="},"indexInfo":{"baseKey":"BSPxm5gUycGMsDybC0la7s0iDlkPj0qzl/0V3A3hJJp4","baseKeyType":1,"closed":-1,"used":1737102399113,"created":1737102399113,"remoteIdentityKey":"BTJAEv/Zj5r7DHX3PF2ziXG31EAWx5WHHconl+l0pXwj"},"_chains":{"BSCPuW4n5vKlHzLcua1q5CqUs7yyi2EpyM5zmH2jjdAv":{"chainKey":{"counter":0,"key":"xuszQFEn/2zl/+uMqjYa6HXdqbMjnoi1uM+rWkuUciQ="},"chainType":1,"messageKeys":{}}},"pendingPreKey":{"signedKeyId":2,"baseKey":"BSPxm5gUycGMsDybC0la7s0iDlkPj0qzl/0V3A3hJJp4"}}},"version":"v1"}