{"_sessions":{"BSLW5f/6cVBYj+rCvZg/X1IWlIw0+eh2kw+/q+gVmmkg":{"registrationId":1639968447,"currentRatchet":{"ephemeralKeyPair":{"pubKey":"BTGF+UhGE4LaafkkuE9Fb/3UNdOIu5P/zaTIOifuNxo0","privKey":"oDxrSaO7a4XuilfV6/lyt1C6sOLSTN7iEFMoci6rGWw="},"lastRemoteEphemeralKey":"BZk07qFzF5xyqnl9rv767hpjMxb5bvDisVZ3GcrkTUUF","previousCounter":0,"rootKey":"rTBgRpE0hHC1G0xroecbJir2Vp2DgKWwISroIPHe+WY="},"indexInfo":{"baseKey":"BSLW5f/6cVBYj+rCvZg/X1IWlIw0+eh2kw+/q+gVmmkg","baseKeyType":1,"closed":-1,"used":1737104171173,"created":1737104171173,"remoteIdentityKey":"BWwuezKaZSqbOJ+uHV09/qqa+YJI8Cj9z/wKMv8BP0lS"},"_chains":{"BTGF+UhGE4LaafkkuE9Fb/3UNdOIu5P/zaTIOifuNxo0":{"chainKey":{"counter":0,"key":"aZyr4l8ax1fgK5u6Ced7lJkS3RqxCPp+XrfRKEGTqos="},"chainType":1,"messageKeys":{}}},"pendingPreKey":{"signedKeyId":1,"baseKey":"BSLW5f/6cVBYj+rCvZg/X1IWlIw0+eh2kw+/q+gVmmkg","preKeyId":9478506}}},"version":"v1"}