{"_sessions":{"BUpEyxHcw+r5VuJukxCC/PAiezOvPSQGuEUT8G8kXApu":{"registrationId":1495073582,"currentRatchet":{"ephemeralKeyPair":{"pubKey":"BTefuncXKyJOPNJCaJZxHzJ2DNieO3h6z9d++tj9kg1w","privKey":"aJXn/Nxl5BugkvCwSAKbjSFP7DZYkr2wvX8rz1BrP0k="},"lastRemoteEphemeralKey":"BXso/im0HgeRDuR4G+0dzeuU61Z8y8yER1y/eS2Xo0Yw","previousCounter":0,"rootKey":"IakdTxpSyfpsqYcFoprAapWWkIdRbIXfv9/uOCwim+o="},"indexInfo":{"baseKey":"BUpEyxHcw+r5VuJukxCC/PAiezOvPSQGuEUT8G8kXApu","baseKeyType":1,"closed":-1,"used":1737102399170,"created":1737102399170,"remoteIdentityKey":"BXQWIcUNsN07CKRfDJvANY7GcGiWLOVVcru1h3Ulycst"},"_chains":{"BTefuncXKyJOPNJCaJZxHzJ2DNieO3h6z9d++tj9kg1w":{"chainKey":{"counter":0,"key":"U01RNTsIU4BGPj/tMiQy9/u/gurYHqZ7/Lv7d/0uu5c="},"chainType":1,"messageKeys":{}}},"pendingPreKey":{"signedKeyId":0,"baseKey":"BUpEyxHcw+r5VuJukxCC/PAiezOvPSQGuEUT8G8kXApu"}}},"version":"v1"}