{"_sessions":{"BTbPwI25gtDu2+WuDDJsBG7K75GkEISB5OK3Pkwz+npP":{"registrationId":2070125718,"currentRatchet":{"ephemeralKeyPair":{"pubKey":"BdtWSgmHEk+W0lTUX5J0ZYGGakI+yVWfw1zcoafPcr14","privKey":"KEf86aivT9rt1jHMTCLlLeNzLTTWsmyUtr6cYYyY5WE="},"lastRemoteEphemeralKey":"BRSjLMiiILFvI76nqsKbeDdk3YfQpJ23wwAi6AqbdVxb","previousCounter":0,"rootKey":"pk00Fsh670tRn4iatlb4PhCVdvCLfq9l2R9QK7OnDI8="},"indexInfo":{"baseKey":"BTbPwI25gtDu2+WuDDJsBG7K75GkEISB5OK3Pkwz+npP","baseKeyType":1,"closed":-1,"used":1737102401609,"created":1737102401609,"remoteIdentityKey":"BZelTUxKPJdkYjRof0ouGrOpBip//66y5gsW1BxGPcZT"},"_chains":{"BdtWSgmHEk+W0lTUX5J0ZYGGakI+yVWfw1zcoafPcr14":{"chainKey":{"counter":0,"key":"Fe7w8NgqBLI2MVN0uzJJdpbI9oOL7L7ffkGWEt3kWq4="},"chainType":1,"messageKeys":{}}},"pendingPreKey":{"signedKeyId":2,"baseKey":"BTbPwI25gtDu2+WuDDJsBG7K75GkEISB5OK3Pkwz+npP"}}},"version":"v1"}