{"_sessions":{"BRkQzHf29wqxohp40hq8v0P/vZVU6Df5U8ReryBcPttf":{"registrationId":1638667027,"currentRatchet":{"ephemeralKeyPair":{"pubKey":"BcB/8p2iav5/DQotjh0oOn+lKrvWl5Cq80OEOfJCXEdT","privKey":"UNjKC1VpNQHjPGRGjAMBtr3YjwciLp8XhelfBqXyEWE="},"lastRemoteEphemeralKey":"BUAXkS+kcVv+tMiLad+SLVtNbk8R0KIDmpB1uArAo692","previousCounter":0,"rootKey":"kpB6D6Yz6DxSIrc5+yWH6Ybu2XYEWT06fzKBX/Q6QRg="},"indexInfo":{"baseKey":"BRkQzHf29wqxohp40hq8v0P/vZVU6Df5U8ReryBcPttf","baseKeyType":1,"closed":-1,"used":1737102399194,"created":1737102399194,"remoteIdentityKey":"BVaWFVMRgSVaNPRRnQj3FnxuEY+Pf0qElftZ0Qxv5/F2"},"_chains":{"BcB/8p2iav5/DQotjh0oOn+lKrvWl5Cq80OEOfJCXEdT":{"chainKey":{"counter":0,"key":"QyN6LtHWKUxk8bWpmfAUJ1IEzaSED16wYIXA43w3GWk="},"chainType":1,"messageKeys":{}}},"pendingPreKey":{"signedKeyId":9,"baseKey":"BRkQzHf29wqxohp40hq8v0P/vZVU6Df5U8ReryBcPttf","preKeyId":16364876}}},"version":"v1"}