{"_sessions":{"BVCxGYEM3xM3MIE+cYMjtz1nypouaoBXcIROYA/5kKws":{"registrationId":1353949963,"currentRatchet":{"ephemeralKeyPair":{"pubKey":"BYOzSsxfKihaT2tJ9y3qFLDq8F93AZk2QfKKLHQzbEgh","privKey":"iKBbkboosWH+lodrmoINmJJwc20YEoE9rvxPl2fZkmU="},"lastRemoteEphemeralKey":"BVl0JlQjR8uNUkc6o7XdwLqTXkUJNNWBYuuwQKucurIl","previousCounter":0,"rootKey":"Bsca/EZ04ps7v07+C2Pe1E8uJI7Vh0djqvNx6z+uWRI="},"indexInfo":{"baseKey":"BVCxGYEM3xM3MIE+cYMjtz1nypouaoBXcIROYA/5kKws","baseKeyType":1,"closed":-1,"used":1737102399572,"created":1737102399572,"remoteIdentityKey":"BY9DydM98P/j5TW7nMS9aZmoD+uVoK+NI1uG7ElfQz8J"},"_chains":{"BYOzSsxfKihaT2tJ9y3qFLDq8F93AZk2QfKKLHQzbEgh":{"chainKey":{"counter":0,"key":"glDnJVtsiabXY+z6RaQCCTBwCQ0lfZqQw9a4nKdGdDQ="},"chainType":1,"messageKeys":{}}},"pendingPreKey":{"signedKeyId":3,"baseKey":"BVCxGYEM3xM3MIE+cYMjtz1nypouaoBXcIROYA/5kKws","preKeyId":8643286}}},"version":"v1"}