{"_sessions":{"BQ0WGfozbZCUa/SxEDH3tXdedBZbJpnutW5QZdB63oUX":{"registrationId":1105408147,"currentRatchet":{"ephemeralKeyPair":{"pubKey":"BfgeMtvrdQ07KGKHkot0zkTDS6KJ5U0nBiF+Jpgj4mAw","privKey":"AHk6vMqIZGO1bIxYDrPD6BanR6bYK7ZPudb+0KKIm04="},"lastRemoteEphemeralKey":"BQorl/g0eYDPqCLNl9d+MyW0mR3NqMBVlXWxSfYJA3lK","previousCounter":0,"rootKey":"HWeIMVwY+ezqBR/NoxvLBRE87fh1MBDsc0RNsONixJA="},"indexInfo":{"baseKey":"BQ0WGfozbZCUa/SxEDH3tXdedBZbJpnutW5QZdB63oUX","baseKeyType":1,"closed":-1,"used":1737102401623,"created":1737102401623,"remoteIdentityKey":"Bfu5s3rnEoiEv7C/EUEyvzP8p4IQJvQB92GByXfxPpIf"},"_chains":{"BfgeMtvrdQ07KGKHkot0zkTDS6KJ5U0nBiF+Jpgj4mAw":{"chainKey":{"counter":0,"key":"T9KH3AhxZnebAZ1dp6rsSx3hLz2oFWK2Q+zoScWSq9I="},"chainType":1,"messageKeys":{}}},"pendingPreKey":{"signedKeyId":2,"baseKey":"BQ0WGfozbZCUa/SxEDH3tXdedBZbJpnutW5QZdB63oUX","preKeyId":7253413}}},"version":"v1"}