{"_sessions":{"BWuLhjt6jFfeHtCubWUDZWuIMyoc2B6bNxJvX9ejQ7MS":{"registrationId":321298941,"currentRatchet":{"ephemeralKeyPair":{"pubKey":"BUIvD8k/aqzQfszKRfFEnmerKG/TmXkyxhdVYFOCyuE9","privKey":"iNXsFWB6gBxlR/r0P5XhgXBSgQLXPHBIBzgGD/gCv1w="},"lastRemoteEphemeralKey":"BTxb1TU5TE/d8a6sErAHZqJqAMqUNE+ENUxq+L/mY9w3","previousCounter":0,"rootKey":"AET2ae4PwpmXxQdEy56WuRnirzhGqTF/wYa54jqXY1U="},"indexInfo":{"baseKey":"BWuLhjt6jFfeHtCubWUDZWuIMyoc2B6bNxJvX9ejQ7MS","baseKeyType":1,"closed":-1,"used":1737104171394,"created":1737104171394,"remoteIdentityKey":"BVNfz3XTnCHaUvC2LDUcnJmaEg2qfyCopfEVLaHmB3Vm"},"_chains":{"BUIvD8k/aqzQfszKRfFEnmerKG/TmXkyxhdVYFOCyuE9":{"chainKey":{"counter":0,"key":"u0QUpFg+DYjcK4I34Z3bprWjwTBYS7uHvXKVjmGLCmg="},"chainType":1,"messageKeys":{}}},"pendingPreKey":{"signedKeyId":14,"baseKey":"BWuLhjt6jFfeHtCubWUDZWuIMyoc2B6bNxJvX9ejQ7MS","preKeyId":10074226}}},"version":"v1"}