{"_sessions":{"BXbaIIf9za4fPgcikaDCFZWmNMLS9Sa/w4BFQMx1lsIs":{"registrationId":2037097971,"currentRatchet":{"ephemeralKeyPair":{"pubKey":"BUcNwVrX9U9cOmd4mi1H3tz1YbrlUPMVlnlX8YJSakoG","privKey":"kM4NJRMvO09h26MTiryTVn6KZsARrhDnJfzwWpCtWlE="},"lastRemoteEphemeralKey":"BUaguPzTBERf7/yQZo5AoogdtzMEjPk34u+Z0nW+qKcw","previousCounter":0,"rootKey":"aADP6m1kSImgu3jsjbrBVsqopqg/mhYFTcvofGBiJcY="},"indexInfo":{"baseKey":"BXbaIIf9za4fPgcikaDCFZWmNMLS9Sa/w4BFQMx1lsIs","baseKeyType":1,"closed":-1,"used":1737102400881,"created":1737102400881,"remoteIdentityKey":"BebX+KsqxbJeoGw/O8r2skuuPjqS5z8nOcCkKLRvsxx9"},"_chains":{"BUcNwVrX9U9cOmd4mi1H3tz1YbrlUPMVlnlX8YJSakoG":{"chainKey":{"counter":0,"key":"gaDx1bxTaKwo78QGLT1LJDZzGK/A3hGXGjXmpYXUw/M="},"chainType":1,"messageKeys":{}}},"pendingPreKey":{"signedKeyId":1,"baseKey":"BXbaIIf9za4fPgcikaDCFZWmNMLS9Sa/w4BFQMx1lsIs","preKeyId":12503314}}},"version":"v1"}