{"_sessions":{"BctpZ4Z2VVzQv6yvZsK7J1GARFqGMNLvBnYNcri9ozwz":{"registrationId":1357801671,"currentRatchet":{"ephemeralKeyPair":{"pubKey":"BU7nxuhk6wReplNzo69bBLuU6+74KOhUm+k/SET1zMkl","privKey":"6PV99x7SNykyntU/Z9XoHpHrodF0jAVfonxTDqsEtmA="},"lastRemoteEphemeralKey":"BVFcwDQ4A3/OcfSnDV+JZHw5Q6OvzPF781d2Ol71nkQI","previousCounter":0,"rootKey":"GQVtA705gVbSvfl+L/Ql8AjM3qRwbpgsqsNdJhMWevk="},"indexInfo":{"baseKey":"BctpZ4Z2VVzQv6yvZsK7J1GARFqGMNLvBnYNcri9ozwz","baseKeyType":1,"closed":-1,"used":1737102399659,"created":1737102399659,"remoteIdentityKey":"BSnf85gZp5W3+ZnznnQxPsJVg1g5mXXLIUB8fUE+7z14"},"_chains":{"BU7nxuhk6wReplNzo69bBLuU6+74KOhUm+k/SET1zMkl":{"chainKey":{"counter":0,"key":"yelYnvqfUIYVIQGRwvtDEac2WPq8MjMS0MV7tCf2ibY="},"chainType":1,"messageKeys":{}}},"pendingPreKey":{"signedKeyId":5,"baseKey":"BctpZ4Z2VVzQv6yvZsK7J1GARFqGMNLvBnYNcri9ozwz","preKeyId":5545659}}},"version":"v1"}