{"_sessions":{"BV0M9ggbDnh4rArhpAU/PpvkgUtwVr3mKMwNvZCOJSxz":{"registrationId":1253527999,"currentRatchet":{"ephemeralKeyPair":{"pubKey":"Bf/9M2/wH3IAm8hr/6xpbPy053OjSpo5Nej11ZLWEq5o","privKey":"4EAa5IvV7KQt7+zyS5xMCvsSeLdeYc5oeLRmeBSAMFM="},"lastRemoteEphemeralKey":"BRPwbTyII1MajMcsFaS9UnJABQSNEFqYo2EgX7+8x0Za","previousCounter":0,"rootKey":"QuqNgSD7+0LPBmEGHb4s6sjOaCbQekqSN/KdUkxUt7Y="},"indexInfo":{"baseKey":"BV0M9ggbDnh4rArhpAU/PpvkgUtwVr3mKMwNvZCOJSxz","baseKeyType":1,"closed":-1,"used":1737102401473,"created":1737102401473,"remoteIdentityKey":"BZ7hSPN3N/ZqCKw/lVeCXIfF4TG4CmPKpLAsrkoQd7d2"},"_chains":{"Bf/9M2/wH3IAm8hr/6xpbPy053OjSpo5Nej11ZLWEq5o":{"chainKey":{"counter":0,"key":"Q6VPCxQYpw4pdpjfQLH6nBRyzzFFFSe4MoCcK44yS3A="},"chainType":1,"messageKeys":{}}},"pendingPreKey":{"signedKeyId":1,"baseKey":"BV0M9ggbDnh4rArhpAU/PpvkgUtwVr3mKMwNvZCOJSxz","preKeyId":2574785}}},"version":"v1"}