{"_sessions":{"BWWlEBpvN5a+BrVXQqAAR9Dd57DStm/qrY+ju10hMy01":{"registrationId":1638764278,"currentRatchet":{"ephemeralKeyPair":{"pubKey":"BdulGtnHpNjWFhSTTMMt+NpAI+IsfZ8COJJ0/5OXyR9L","privKey":"YJz2CHvq0wSNgvEvoK4RD+FM2pz3mPrvhPyKz6hzOXA="},"lastRemoteEphemeralKey":"BdtA9vyRKOSqjs0v2HlP2vhTvuZL7SSmVKQcF6NzE6ZE","previousCounter":0,"rootKey":"7hXpLG6NOYA1fXFDkjUvvG0SpNEMt8mmHGlq9Ky0tpM="},"indexInfo":{"baseKey":"BWWlEBpvN5a+BrVXQqAAR9Dd57DStm/qrY+ju10hMy01","baseKeyType":1,"closed":-1,"used":1737102399801,"created":1737102399801,"remoteIdentityKey":"BUQbhK2Jszmc0g5XqDjINirG+m7aZJgZClXSGC8a55ks"},"_chains":{"BdulGtnHpNjWFhSTTMMt+NpAI+IsfZ8COJJ0/5OXyR9L":{"chainKey":{"counter":0,"key":"5cWTNE2Dyxvy067EdFIchYIMkc6xFw21MLX3e9nMNbk="},"chainType":1,"messageKeys":{}}},"pendingPreKey":{"signedKeyId":4,"baseKey":"BWWlEBpvN5a+BrVXQqAAR9Dd57DStm/qrY+ju10hMy01","preKeyId":16697746}}},"version":"v1"}