{"_sessions":{"BcKyCcd59pwlrUFjIO5AUr0rDBhGAxINHEJQ4dTZBxlu":{"registrationId":1300834564,"currentRatchet":{"ephemeralKeyPair":{"pubKey":"BQz4AUzXcdp3jIMREVDReXntSwFATdx/VqHaSOfK0V57","privKey":"+JKlttijkWGj9nic+WBI2X0AOaVi6CjFWU08m/aLhXM="},"lastRemoteEphemeralKey":"BT4b61qgJNFP+7ww3niw4MXeWGIZ7OcR2t0yo5Lxwj1S","previousCounter":0,"rootKey":"8M595XJyZEjKlEHmfwtjDYABVZ8LyQw3BzCZkm0zjWY="},"indexInfo":{"baseKey":"BcKyCcd59pwlrUFjIO5AUr0rDBhGAxINHEJQ4dTZBxlu","baseKeyType":1,"closed":-1,"used":1737102401194,"created":1737102401194,"remoteIdentityKey":"BWEolwCpfMadmjj+kTLTk+eDArE06R7nUYlJOn78IGcU"},"_chains":{"BQz4AUzXcdp3jIMREVDReXntSwFATdx/VqHaSOfK0V57":{"chainKey":{"counter":0,"key":"ra2STx9BILxn+lrjs/okaSNZ7ikoWJ7i+oQq+90L3PY="},"chainType":1,"messageKeys":{}}},"pendingPreKey":{"signedKeyId":1,"baseKey":"BcKyCcd59pwlrUFjIO5AUr0rDBhGAxINHEJQ4dTZBxlu"}}},"version":"v1"}