{"_sessions":{"BTzAC1458uq9AljSaYHEbjR+dqPBl4iidmHypbK1EXt/":{"registrationId":1714854368,"currentRatchet":{"ephemeralKeyPair":{"pubKey":"BfvJZE0cR4me69v3sWotm6AbyGFdhTnOmHe7ARqNWaEE","privKey":"AB1PaQMNN4ugBQiWX+iUWIzysvBBluC9ZGvwskU9pG4="},"lastRemoteEphemeralKey":"BWB9/8YTbj2Ew9tSKRv5Qwy8s6fbewzGUdBcnfh6JeIm","previousCounter":0,"rootKey":"CCgNCCcmexVtmXlm7jRXSyuQA3sbrxhFHCF544/EK+k="},"indexInfo":{"baseKey":"BTzAC1458uq9AljSaYHEbjR+dqPBl4iidmHypbK1EXt/","baseKeyType":1,"closed":-1,"used":1737102401657,"created":1737102401657,"remoteIdentityKey":"BfcvrWRJok73TrRAzJ6/blTxZKbwq31h8y4MVfLCWl5c"},"_chains":{"BfvJZE0cR4me69v3sWotm6AbyGFdhTnOmHe7ARqNWaEE":{"chainKey":{"counter":0,"key":"Rwo1n8vwCBgJj5ExogySEl9tBtTuYxSpHurZ26x+Bhc="},"chainType":1,"messageKeys":{}}},"pendingPreKey":{"signedKeyId":0,"baseKey":"BTzAC1458uq9AljSaYHEbjR+dqPBl4iidmHypbK1EXt/"}}},"version":"v1"}