{"_sessions":{"BY41dh95A5qbwYium277WJfEfI47SYdrTQQ89T16YZAJ":{"registrationId":132610923,"currentRatchet":{"ephemeralKeyPair":{"pubKey":"Bb/lFfw7MpSnBVQSCZ16W2bM9RdiI6I4ZKjyIWPk5e1V","privKey":"eLsuVelQb6NOC3LnKZ40Mh144G3GeSfhu/72+s+LZWY="},"lastRemoteEphemeralKey":"BeCnXQ+MWE5FG6Ga05+EWM0m9iAkkVEWqia+naU8gP9N","previousCounter":0,"rootKey":"bu7oBgxgV9e5YNHzW41/TodsB71WNYJQnSW6gLL0MPo="},"indexInfo":{"baseKey":"BY41dh95A5qbwYium277WJfEfI47SYdrTQQ89T16YZAJ","baseKeyType":1,"closed":-1,"used":1737102401174,"created":1737102401174,"remoteIdentityKey":"BTkO3uBmooLZNFy0YLiApTPP7TcRcNdoSCooQtkuuFkn"},"_chains":{"Bb/lFfw7MpSnBVQSCZ16W2bM9RdiI6I4ZKjyIWPk5e1V":{"chainKey":{"counter":0,"key":"eN5irOOZX/TsJP23G1v9r8BDcO7NxJE+jCrnQxoc1Xs="},"chainType":1,"messageKeys":{}}},"pendingPreKey":{"signedKeyId":1,"baseKey":"BY41dh95A5qbwYium277WJfEfI47SYdrTQQ89T16YZAJ","preKeyId":10606218}}},"version":"v1"}