{"_sessions":{"BSwTfXz4Cs8lOHo2hPNG3Gc+L53+EQPTnyGLKr/YnpcI":{"registrationId":2087104142,"currentRatchet":{"ephemeralKeyPair":{"pubKey":"Be6cBQvvl69V8RE1z+zSLQhOUWrrOuEzKJ4B80u2ZPcg","privKey":"CJ7zEvZ8C7ggSCEWrVJGrp17VgFbXsr3xISsjUOoI0c="},"lastRemoteEphemeralKey":"BWqE+mH1sRLt+tDT2/nzJwfxoVWPGQFuXTpuXc5AeWMf","previousCounter":0,"rootKey":"/8G4djm5dy7aozX7JtQDmi3fQKc2e9rH0jqjrcbbFkU="},"indexInfo":{"baseKey":"BSwTfXz4Cs8lOHo2hPNG3Gc+L53+EQPTnyGLKr/YnpcI","baseKeyType":1,"closed":-1,"used":1737102401041,"created":1737102401041,"remoteIdentityKey":"BRXhoFOFKEVaR57hFRC5TDQuecygji2rgYYw2RPoI7sV"},"_chains":{"Be6cBQvvl69V8RE1z+zSLQhOUWrrOuEzKJ4B80u2ZPcg":{"chainKey":{"counter":0,"key":"gEWQFrpsA5IjI8gC/wgainRS0cl52xImiA/WO6W80xA="},"chainType":1,"messageKeys":{}}},"pendingPreKey":{"signedKeyId":8,"baseKey":"BSwTfXz4Cs8lOHo2hPNG3Gc+L53+EQPTnyGLKr/YnpcI","preKeyId":11787273}}},"version":"v1"}