{"_sessions":{"BQmVBgQ/a/anVRpdqpUoPL29AxNsWrciUTnRtFGGlfUE":{"registrationId":1339256311,"currentRatchet":{"ephemeralKeyPair":{"pubKey":"BVHWckoivioWe5BLMZBtGl/hAj5QYMf1g3k590SUWhxY","privKey":"kHgAJyqQKwJSx/zzJXyqkyPG6sXgx4Y1Cyqyxbh3i1M="},"lastRemoteEphemeralKey":"Bdi4HyL96X6cX9Cx4g3kI1ikiLlJdD1bzB7+8vNztIdt","previousCounter":0,"rootKey":"OOIOgfSq2zN4eBW5ohJkHE6kLYSKrZTGgJXBcHkooVQ="},"indexInfo":{"baseKey":"BQmVBgQ/a/anVRpdqpUoPL29AxNsWrciUTnRtFGGlfUE","baseKeyType":1,"closed":-1,"used":1737102399148,"created":1737102399148,"remoteIdentityKey":"Bb+121xtcos3EOL0FdMsubbeIJF1EvYn//gqmmRyKsg6"},"_chains":{"BVHWckoivioWe5BLMZBtGl/hAj5QYMf1g3k590SUWhxY":{"chainKey":{"counter":0,"key":"NlBTNkG6Fu0pwfpI6BJfMCyWE/rq0e06UCvk6NA3V8U="},"chainType":1,"messageKeys":{}}},"pendingPreKey":{"signedKeyId":2,"baseKey":"BQmVBgQ/a/anVRpdqpUoPL29AxNsWrciUTnRtFGGlfUE"}}},"version":"v1"}