{"_sessions":{"BaDLNOy5CTcuut+k+JLGwos+P9NzKAjjVVTrEOC9KsAD":{"registrationId":604610959,"currentRatchet":{"ephemeralKeyPair":{"pubKey":"BaS6AFoZOve4rYl1ddKHW0PPtFQTcCytxf4zfB/Q/9sc","privKey":"gAwPDR1Nq6sHkrtr0dTYF+y8q3jU2CgCyfLRkWTGuUI="},"lastRemoteEphemeralKey":"BXXhGlnefJPxFItyvd51uQRwyVvA1fFSZdcBA02egQFD","previousCounter":0,"rootKey":"XeGEj41OFyChGo/7wNwT6TEpTJsIltMy++fXRd5/Nb0="},"indexInfo":{"baseKey":"BaDLNOy5CTcuut+k+JLGwos+P9NzKAjjVVTrEOC9KsAD","baseKeyType":1,"closed":-1,"used":1737102400629,"created":1737102400629,"remoteIdentityKey":"BYbhiae2hgbDEuJTv0NE9/tYs6+WJ2I6cLUbvXE2V9ME"},"_chains":{"BaS6AFoZOve4rYl1ddKHW0PPtFQTcCytxf4zfB/Q/9sc":{"chainKey":{"counter":0,"key":"Ol2XCId/j7apW28FyAvASNPGUsoXsmm4lPdnPyK4y+M="},"chainType":1,"messageKeys":{}}},"pendingPreKey":{"signedKeyId":4,"baseKey":"BaDLNOy5CTcuut+k+JLGwos+P9NzKAjjVVTrEOC9KsAD"}}},"version":"v1"}