{"_sessions":{"BQbwAG5xdmfHiuGldXeq3T4x85QTKamfIte0XP5hKhBG":{"registrationId":646753762,"currentRatchet":{"ephemeralKeyPair":{"pubKey":"BVU23z+OKhFddEpKYxS5+3LAyJNZUnqXpbsyvC8Tf+p3","privKey":"KKrgDDxtBd76/jx3lqhtcrkOwTyqIEOb2xxhkK/tk0g="},"lastRemoteEphemeralKey":"BXNPEFWktcZ+bjCdmS6a9kr2UqsaLIG8/L3WeRJP2SgR","previousCounter":0,"rootKey":"qVJKDQYtaAst+oLrfEaGI0tiYX3RO5WjUFnSqXiw6OY="},"indexInfo":{"baseKey":"BQbwAG5xdmfHiuGldXeq3T4x85QTKamfIte0XP5hKhBG","baseKeyType":1,"closed":-1,"used":1737104171506,"created":1737104171506,"remoteIdentityKey":"BVBjsVws8+Z2H2SfJShlZpqkugX8luvjPi5h3/V2Naov"},"_chains":{"BVU23z+OKhFddEpKYxS5+3LAyJNZUnqXpbsyvC8Tf+p3":{"chainKey":{"counter":0,"key":"QdFhg7ieJmvPrZ7xEObWio4MMDXI4YGL8o0cxwiWk1I="},"chainType":1,"messageKeys":{}}},"pendingPreKey":{"signedKeyId":1,"baseKey":"BQbwAG5xdmfHiuGldXeq3T4x85QTKamfIte0XP5hKhBG","preKeyId":11873278}}},"version":"v1"}