{"_sessions":{"BZvZZfm/aVPuAFPubdPRuF+H46TIV6YM4PLC32biUjVJ":{"registrationId":1289520379,"currentRatchet":{"ephemeralKeyPair":{"pubKey":"BTscaICqKZNaUoR9IRyVuA+Lmb3TGKw7gHKqB15W+KZ9","privKey":"WK6MYu0GwaFfb3sjXs3B74VegH6/FLN/L5nWQ3C5nVA="},"lastRemoteEphemeralKey":"BaTx7raZxVPsqcifhaGNyaG855tfB6Dugq+5/2SbAJ1t","previousCounter":0,"rootKey":"ObQe+g4t2VF7+5WajWQl3rNs82rwZ/NcHolHXXEBKBE="},"indexInfo":{"baseKey":"BZvZZfm/aVPuAFPubdPRuF+H46TIV6YM4PLC32biUjVJ","baseKeyType":1,"closed":-1,"used":1737104171484,"created":1737104171484,"remoteIdentityKey":"Ba2dxivsAPFQIw3t+E4wqs05Hw1QuHyH4IluvnZXfE1J"},"_chains":{"BTscaICqKZNaUoR9IRyVuA+Lmb3TGKw7gHKqB15W+KZ9":{"chainKey":{"counter":0,"key":"IMeEpbVp2JbOBnnrHdM03YiQ78Xov0KlXBFVlieBMq0="},"chainType":1,"messageKeys":{}}},"pendingPreKey":{"signedKeyId":1,"baseKey":"BZvZZfm/aVPuAFPubdPRuF+H46TIV6YM4PLC32biUjVJ"}}},"version":"v1"}