{"_sessions":{"BfbtBNcHv2BW35bUgMZAS891fIltyZmFW66nvs3Q1dZe":{"registrationId":1795468785,"currentRatchet":{"ephemeralKeyPair":{"pubKey":"BaHXE80L66mVV452GSc8RZaKGEU3tBBsG0kGYMklxvBv","privKey":"gELEQR6Tvj9JVStoeABIs0FmnQ/HGqLHMuzwJqKUr3o="},"lastRemoteEphemeralKey":"BYgkcTUAVjaaowGQdkePV6QH7ZcrJYIapKAHw4dHNKsq","previousCounter":0,"rootKey":"pXSaMGlLhalfsIUJsGSqs4VeHVhWz1bQBodyXOWG9CM="},"indexInfo":{"baseKey":"BfbtBNcHv2BW35bUgMZAS891fIltyZmFW66nvs3Q1dZe","baseKeyType":1,"closed":-1,"used":1737102401617,"created":1737102401617,"remoteIdentityKey":"BakQzvl1LAW/CSUetSVWnYkBja2QdpnNdDBB9sT01Cxd"},"_chains":{"BaHXE80L66mVV452GSc8RZaKGEU3tBBsG0kGYMklxvBv":{"chainKey":{"counter":0,"key":"IWBXEvqSrpPXyNG22OkhoVZhM0UsyJelJ9X8qZr77ZA="},"chainType":1,"messageKeys":{}}},"pendingPreKey":{"signedKeyId":0,"baseKey":"BfbtBNcHv2BW35bUgMZAS891fIltyZmFW66nvs3Q1dZe"}}},"version":"v1"}