{"_sessions":{"BeGE3JMtZELNStpuTZe8j1u8WmbEeUsbGZPtJ2LdtUUL":{"registrationId":2123358889,"currentRatchet":{"ephemeralKeyPair":{"pubKey":"BUWQep9P24THSrZ+mVabzEEjjH9rum0NDprqnsLzXaFo","privKey":"iGEILw6LpENIiH3SrpRVv1qX+3z3Dq+orEKc+zP6BGM="},"lastRemoteEphemeralKey":"BSd+oImOfe4+SSB8fdFWN9fcL4wuVv1mNLG2YfNEsHsw","previousCounter":0,"rootKey":"2U2DCb4ez6gE3828KhfAx/MnI+fZ6U6iPOVUg0Md5l8="},"indexInfo":{"baseKey":"BeGE3JMtZELNStpuTZe8j1u8WmbEeUsbGZPtJ2LdtUUL","baseKeyType":1,"closed":-1,"used":1737104171079,"created":1737104171079,"remoteIdentityKey":"BVu5I3iurwElHH/9gPiwdBYT7z7zwzMaaymj90IqA4dl"},"_chains":{"BUWQep9P24THSrZ+mVabzEEjjH9rum0NDprqnsLzXaFo":{"chainKey":{"counter":0,"key":"VUw4pPJjZLysCm5B2QJd1viffgCfQB7TV4JxGBpQBBY="},"chainType":1,"messageKeys":{}}},"pendingPreKey":{"signedKeyId":4,"baseKey":"BeGE3JMtZELNStpuTZe8j1u8WmbEeUsbGZPtJ2LdtUUL","preKeyId":9428729}}},"version":"v1"}