{"_sessions":{"BVj9Lbhrnul9WlVHDLTFJZorSBLeIo0LBTtxQnIO7rgF":{"registrationId":702603236,"currentRatchet":{"ephemeralKeyPair":{"pubKey":"BQv52IdFyU9yKjlXuRoT0wCSMlPUhjTd3gfFq+qxWv9d","privKey":"UInFfYC/SXAQ9Zdo4hqBzZNN0ZZDZUrp3SKB4eRiDUM="},"lastRemoteEphemeralKey":"BR4C9xJWhAwC+5JZREnJNpxuw87Rm1svper4fhzl8TBt","previousCounter":0,"rootKey":"Wydyxu+JyDtkpWGdZE2D7xeJTYa9ZqzPG7Rz8c/acD8="},"indexInfo":{"baseKey":"BVj9Lbhrnul9WlVHDLTFJZorSBLeIo0LBTtxQnIO7rgF","baseKeyType":1,"closed":-1,"used":1737102401272,"created":1737102401272,"remoteIdentityKey":"BZcEKd2McG/EE/L1k/lYVHjmdDEISru0l3rll+jRVHwt"},"_chains":{"BQv52IdFyU9yKjlXuRoT0wCSMlPUhjTd3gfFq+qxWv9d":{"chainKey":{"counter":0,"key":"TX4OXBT1cAprfFunq7OhtZ3/Yo7EMqdThx+Xa0UVRHw="},"chainType":1,"messageKeys":{}}},"pendingPreKey":{"signedKeyId":11,"baseKey":"BVj9Lbhrnul9WlVHDLTFJZorSBLeIo0LBTtxQnIO7rgF"}}},"version":"v1"}