{"_sessions":{"BZlyunJlk1Qgdm/8fi9acElNpbNSVBoN5jkg/xcW4xJc":{"registrationId":1782207316,"currentRatchet":{"ephemeralKeyPair":{"pubKey":"BcyT2kgC0jOrtYtuXKCxNAJ79XFlEGAkG8w7YzR2GSsn","privKey":"QPW0a114g4vKjdDpYF51BlgTlElTiDogw8jbKU3psGI="},"lastRemoteEphemeralKey":"BfaSMztgnNzj9cjTbU1vlmLPfUHd3W+gPo2n25wYd3sH","previousCounter":0,"rootKey":"hA51meMV9R0gkB9srOOW4QQVycTgDKCHxL//01sqDsU="},"indexInfo":{"baseKey":"BZlyunJlk1Qgdm/8fi9acElNpbNSVBoN5jkg/xcW4xJc","baseKeyType":1,"closed":-1,"used":1737104170896,"created":1737104170896,"remoteIdentityKey":"BR4+ol1KarbggmJIdS0LWDMpeV6yqYOjx1I/Ok7ROp4N"},"_chains":{"BcyT2kgC0jOrtYtuXKCxNAJ79XFlEGAkG8w7YzR2GSsn":{"chainKey":{"counter":0,"key":"nATAUHZC8eSLojv4pxCRdAxMJCmgsd3mUgkfI1TnSgw="},"chainType":1,"messageKeys":{}}},"pendingPreKey":{"signedKeyId":2,"baseKey":"BZlyunJlk1Qgdm/8fi9acElNpbNSVBoN5jkg/xcW4xJc"}}},"version":"v1"}