{"_sessions":{"Bf/i/V7vXa7u2gYUOVBYqAC+BRPXYpnbwJn6/sz4e6B3":{"registrationId":1979106230,"currentRatchet":{"ephemeralKeyPair":{"pubKey":"BS0DA3JQ6novMGNHQMisquob1gWojRVWBrKBzOUb+gUf","privKey":"OA5BpbC5ukFHEry+SBWXxuKgpfkrC/XnqRa3RTpqKmY="},"lastRemoteEphemeralKey":"Ba+mWg4OMLRKKisMO4QTxQnJj/hdELMk5T1WwHEhcwUS","previousCounter":0,"rootKey":"r1Jv5zgRXrmlCd9ca9kPmJUCf4/kLASXftTGorZ3eUo="},"indexInfo":{"baseKey":"Bf/i/V7vXa7u2gYUOVBYqAC+BRPXYpnbwJn6/sz4e6B3","baseKeyType":1,"closed":-1,"used":1737102401365,"created":1737102401365,"remoteIdentityKey":"BbCfWqRjJNzzFGo/uO+hyBBvivxDhrS/2L7G5tPugppw"},"_chains":{"BS0DA3JQ6novMGNHQMisquob1gWojRVWBrKBzOUb+gUf":{"chainKey":{"counter":0,"key":"eb9ZJTLtXukOnS4IeTbBEf1SJKXcCA/rKBUrJWmvvU0="},"chainType":1,"messageKeys":{}}},"pendingPreKey":{"signedKeyId":0,"baseKey":"Bf/i/V7vXa7u2gYUOVBYqAC+BRPXYpnbwJn6/sz4e6B3"}}},"version":"v1"}