{"_sessions":{"BUkYwnmaUxiwqApXVeq6TA7TTtvzSACN5QNzbg7tXvA8":{"registrationId":2012318734,"currentRatchet":{"ephemeralKeyPair":{"pubKey":"BbI1VOWGNkcVgbeeXhwnmqIh4Jxh0S0ldt5drgN67o1N","privKey":"cDHvnEnRJsuTohg7fs++OBbydOsj87B/618Nl0OYFmc="},"lastRemoteEphemeralKey":"BSNisCYFKCnTms+QHfps1BuYmQ0c7mxqjVj10EmY8X8G","previousCounter":0,"rootKey":"B7ciVEjtlfnprlIZmtG7zaJKSys2ScYr3pP3xz0d2dA="},"indexInfo":{"baseKey":"BUkYwnmaUxiwqApXVeq6TA7TTtvzSACN5QNzbg7tXvA8","baseKeyType":1,"closed":-1,"used":1737102400271,"created":1737102400271,"remoteIdentityKey":"BTXKlRMMVJs/RZ7CCX66pXYP/Hz9Gen/fwiJw1VMicFp"},"_chains":{"BbI1VOWGNkcVgbeeXhwnmqIh4Jxh0S0ldt5drgN67o1N":{"chainKey":{"counter":0,"key":"1TG0wxK53zHZy+3V5duEAcYiGftIiZslOyAdPXlBxa8="},"chainType":1,"messageKeys":{}}},"pendingPreKey":{"signedKeyId":1,"baseKey":"BUkYwnmaUxiwqApXVeq6TA7TTtvzSACN5QNzbg7tXvA8","preKeyId":8148605}}},"version":"v1"}