{"_sessions":{"BdK3ntCCmpq2Az+t5sk+jpe/Ozwoffyo+pjAyKcndf1S":{"registrationId":1676503069,"currentRatchet":{"ephemeralKeyPair":{"pubKey":"BVOc9tag/PquJrI1dj02nuCLlV0A4sCFu8lJeOBQUGpM","privKey":"2BAIsPcsqXRkLktMI8Tr1iOmzeLQQnXn58hfj+eRPV8="},"lastRemoteEphemeralKey":"BVHRSYgnaxQGK8wT/1eoJU0EoWzNgjoyiZkrzdIGphB5","previousCounter":0,"rootKey":"FcOtaCe9YOZhEu+90sPNVEdOZkBUp4QVPdlVVQ/X9W4="},"indexInfo":{"baseKey":"BdK3ntCCmpq2Az+t5sk+jpe/Ozwoffyo+pjAyKcndf1S","baseKeyType":1,"closed":-1,"used":1737106391361,"created":1737106391361,"remoteIdentityKey":"BZkV4cimQ8n4tD/itF3+JbQYPBHYpKv0QmV0FayjAUAx"},"_chains":{"BVOc9tag/PquJrI1dj02nuCLlV0A4sCFu8lJeOBQUGpM":{"chainKey":{"counter":0,"key":"9Q0elsQIQxakiNmCzQq1Z3lwUtew+den10zcK6Py/X4="},"chainType":1,"messageKeys":{}}},"pendingPreKey":{"signedKeyId":0,"baseKey":"BdK3ntCCmpq2Az+t5sk+jpe/Ozwoffyo+pjAyKcndf1S","preKeyId":11890494}}},"version":"v1"}