{"_sessions":{"BSgn+gXBQGN0tBijfCKFaQq8Un9BJqFPjDmIOkvMmKMV":{"registrationId":320780395,"currentRatchet":{"ephemeralKeyPair":{"pubKey":"BdwbLofBPXhIZGIM7vw3g8JrhCNYhVmCjhmg1/Zu6r0f","privKey":"uLn8qIXz2Bz3vsMW1OxIRbjEupA7BQwU4v1Kxp3dJ0w="},"lastRemoteEphemeralKey":"Bfdw4v4Y9JFQEcF+/ZwSsbk6Xxbi9HV/YpQ2fwUyh6hw","previousCounter":0,"rootKey":"H6OmB13ropR1eGWz7Z11Q6AVyHpXShhVXNBpQyVInZU="},"indexInfo":{"baseKey":"BSgn+gXBQGN0tBijfCKFaQq8Un9BJqFPjDmIOkvMmKMV","baseKeyType":1,"closed":-1,"used":1737102400954,"created":1737102400954,"remoteIdentityKey":"BaAkopVztGQ9taAzvHN5uU8vrQGfeU54cwEKVkBxnk55"},"_chains":{"BdwbLofBPXhIZGIM7vw3g8JrhCNYhVmCjhmg1/Zu6r0f":{"chainKey":{"counter":0,"key":"Aq/+iegkS+DE2j0iBgGLDAPHX9WAjkTGBXxx4qawL7Q="},"chainType":1,"messageKeys":{}}},"pendingPreKey":{"signedKeyId":1,"baseKey":"BSgn+gXBQGN0tBijfCKFaQq8Un9BJqFPjDmIOkvMmKMV"}}},"version":"v1"}