{"_sessions":{"BSZeRHspTdky4r9A+wo/dhYJbYYw57MVaSebMfpDCgcu":{"registrationId":576288961,"currentRatchet":{"ephemeralKeyPair":{"pubKey":"BRPrnGU7UsnQC5B34C/5wmag0pA9s1/4Q5LvXnqeiN8g","privKey":"iEHcUq92YCSpF20o+eJPcHdGRBWyGjKk9KsA7NHAHUI="},"lastRemoteEphemeralKey":"BWT5IJ9oCWhtNGMQVRWZC0euuifKGyAxFOXXY/aGDtRG","previousCounter":0,"rootKey":"2L7CwgPfK0OS9gfnk8DHP5ErS9Z+yWEjqmLbQ+JgqwU="},"indexInfo":{"baseKey":"BSZeRHspTdky4r9A+wo/dhYJbYYw57MVaSebMfpDCgcu","baseKeyType":1,"closed":-1,"used":1737102401378,"created":1737102401378,"remoteIdentityKey":"BQtEws2jsk2di7OcRqeTQAWb/Fu4sObVfXS8Dvpksyg6"},"_chains":{"BRPrnGU7UsnQC5B34C/5wmag0pA9s1/4Q5LvXnqeiN8g":{"chainKey":{"counter":0,"key":"Dtf1grzncpFAJj9ZLanF60/ZnWR1kwmFFB0jvP9/ycg="},"chainType":1,"messageKeys":{}}},"pendingPreKey":{"signedKeyId":2,"baseKey":"BSZeRHspTdky4r9A+wo/dhYJbYYw57MVaSebMfpDCgcu"}}},"version":"v1"}