{"_sessions":{"BcBOntsdljYQVlprHARdMqIn7DY+pKRbKwH7TtcpT/pB":{"registrationId":1902969940,"currentRatchet":{"ephemeralKeyPair":{"pubKey":"BSCYESti4qZxcQ7ZYZLWNVNJYmkjjs4rjJqsiXCP5jVd","privKey":"8KaALwZ2ajKoXkDDJj/gW+Y+Ci5DtYi3iwDUBIeDCFU="},"lastRemoteEphemeralKey":"BXtCRpY6db6Mmamb6V/vBuf6FPFo6FKdDbqsm8cyKr03","previousCounter":0,"rootKey":"TgwwIGUvUsrT8Hn2fFT7r+GMPrPby0G9daSbeVp4BF0="},"indexInfo":{"baseKey":"BcBOntsdljYQVlprHARdMqIn7DY+pKRbKwH7TtcpT/pB","baseKeyType":1,"closed":-1,"used":1737102399073,"created":1737102399073,"remoteIdentityKey":"Bepo9S6uK4KLX64f8/v8w7y1UekB5GkutivhVFF3nVUa"},"_chains":{"BSCYESti4qZxcQ7ZYZLWNVNJYmkjjs4rjJqsiXCP5jVd":{"chainKey":{"counter":0,"key":"npHRa7DhsOGM7vp/Kulfm0I/op5EKsYmEn5fR9zmoBE="},"chainType":1,"messageKeys":{}}},"pendingPreKey":{"signedKeyId":1,"baseKey":"BcBOntsdljYQVlprHARdMqIn7DY+pKRbKwH7TtcpT/pB"}}},"version":"v1"}