{"_sessions":{"BS2m4qPX8Nr5QGTIZvxIm1S8wusJsUlsYct9PbTl0rMn":{"registrationId":686881821,"currentRatchet":{"ephemeralKeyPair":{"pubKey":"BYdBOHNwejK+A2sztzrhoMosJuWJC37sXqmqTRt/DZYA","privKey":"kD3ZsCfqNJtFCADf7HvjSztxxvBxDwhW6GjC2eUaPHc="},"lastRemoteEphemeralKey":"Bdgc8B6N9CEYWODx+GEt54BnUa8jDxYCq6imQ7WQosJJ","previousCounter":0,"rootKey":"HZ5CU29Y2IRB9Ia6KkucN23cTlnORsuVJYejITA3ngM="},"indexInfo":{"baseKey":"BS2m4qPX8Nr5QGTIZvxIm1S8wusJsUlsYct9PbTl0rMn","baseKeyType":1,"closed":-1,"used":1737102400409,"created":1737102400409,"remoteIdentityKey":"BTzNRbNh4VsW1WM/I3aOwiRaI4tH7jAGqzt6qkqFyqJO"},"_chains":{"BYdBOHNwejK+A2sztzrhoMosJuWJC37sXqmqTRt/DZYA":{"chainKey":{"counter":0,"key":"4TWADu6bbhDHPxPYvSJEBKENck8qYRmah0XW9zBRAmI="},"chainType":1,"messageKeys":{}}},"pendingPreKey":{"signedKeyId":1,"baseKey":"BS2m4qPX8Nr5QGTIZvxIm1S8wusJsUlsYct9PbTl0rMn","preKeyId":4258435}}},"version":"v1"}