{"_sessions":{"BSkImAk9YRjE2S311l4PNkb6HTViMBJMSfH8OTMfmSli":{"registrationId":1685085170,"currentRatchet":{"ephemeralKeyPair":{"pubKey":"BWfGsgErvUBhzeudALqWAhXd5eOh4JsME+fiqLNXxioK","privKey":"aKZKUVC7lLW8nmJSsvNHc8PlWNW8Fojz6HBVzXJO0Gs="},"lastRemoteEphemeralKey":"BdpnxkTjxPIY7UDQg/Pk+BW6gkf5pCxAlIKCzf7fCHQh","previousCounter":0,"rootKey":"vmkpwjPo5seqWUhHFXl6dPVznrmHa0QIhBmnEreW2Rg="},"indexInfo":{"baseKey":"BSkImAk9YRjE2S311l4PNkb6HTViMBJMSfH8OTMfmSli","baseKeyType":1,"closed":-1,"used":1737104170965,"created":1737104170965,"remoteIdentityKey":"BQI70Kt4umRnl7utUuP6WBoT3034a5pSxd+KTBCnXKpw"},"_chains":{"BWfGsgErvUBhzeudALqWAhXd5eOh4JsME+fiqLNXxioK":{"chainKey":{"counter":0,"key":"AqGHCaCUwl3DWxp81WJg3ZOQoxsQzOKL7eQpU5TWU2k="},"chainType":1,"messageKeys":{}}},"pendingPreKey":{"signedKeyId":1,"baseKey":"BSkImAk9YRjE2S311l4PNkb6HTViMBJMSfH8OTMfmSli","preKeyId":13557772}}},"version":"v1"}