{"_sessions":{"BYJkSFZsOJHOxbkvh2uthjPamJiHxlHtzobPPjgSr+o0":{"registrationId":470152241,"currentRatchet":{"ephemeralKeyPair":{"pubKey":"Bfl7YdHyR9+RprcmFxbouIs7SYVTkaytwQI8xfUcOXRt","privKey":"KMVYXukhweevc1Sl/1AboI/LgXZTGK6LtJmx/AlxC30="},"lastRemoteEphemeralKey":"BdK5CoOmX4ep9HZvTaw+Ht75ZNJtnJxbRra4Ds9FbLkD","previousCounter":0,"rootKey":"a5riBCf1UDhQb6a0vmqzUdWZ9EixKkfLirqqexL7KQ8="},"indexInfo":{"baseKey":"BYJkSFZsOJHOxbkvh2uthjPamJiHxlHtzobPPjgSr+o0","baseKeyType":1,"closed":-1,"used":1737102401414,"created":1737102401414,"remoteIdentityKey":"BYHYSHdtMuHGr+N4otR1UFmTcQmMaqxnfeF4eTlcEi1V"},"_chains":{"Bfl7YdHyR9+RprcmFxbouIs7SYVTkaytwQI8xfUcOXRt":{"chainKey":{"counter":0,"key":"1yT/pMUbPEp2m8iv4Lia0kJpHFkg1vFgHOWJSy8gQNE="},"chainType":1,"messageKeys":{}}},"pendingPreKey":{"signedKeyId":0,"baseKey":"BYJkSFZsOJHOxbkvh2uthjPamJiHxlHtzobPPjgSr+o0"}}},"version":"v1"}