{"_sessions":{"BR4Q2Bz7ixvPCvIA3C/iNpxEjse4P2kQfC9N+XWFvfFd":{"registrationId":189366294,"currentRatchet":{"ephemeralKeyPair":{"pubKey":"BViGEyBKTtin9FLXah6vA1U2HLwlFAHv1Nk5a8HOnfF4","privKey":"IDuPamZMZeBOe3ls8twoRgF//Dzg6h8RHv4bVtyhHX0="},"lastRemoteEphemeralKey":"BaSa5GSX5xkg00OX6+bnSROo8Ag7wBV96ix+P7dTDxlu","previousCounter":0,"rootKey":"rqGlah6qNx8DqtkMroXLKPIrSHZAeAHraq89XGmL6n0="},"indexInfo":{"baseKey":"BR4Q2Bz7ixvPCvIA3C/iNpxEjse4P2kQfC9N+XWFvfFd","baseKeyType":1,"closed":-1,"used":1737102400170,"created":1737102400170,"remoteIdentityKey":"BdsZISuRCQSUKPyYfULW4FoDDBcKOcPQ4zMH9Q3tCy4C"},"_chains":{"BViGEyBKTtin9FLXah6vA1U2HLwlFAHv1Nk5a8HOnfF4":{"chainKey":{"counter":0,"key":"IBC7lHAJkjU6zj5bHQ8TAjlo6jctVhhdse4/E8yqtsI="},"chainType":1,"messageKeys":{}}},"pendingPreKey":{"signedKeyId":0,"baseKey":"BR4Q2Bz7ixvPCvIA3C/iNpxEjse4P2kQfC9N+XWFvfFd"}}},"version":"v1"}