{"_sessions":{"BXgqyEawSjPZDVVgFLd/DuRoW7aNp37qJjvWR89bbb9O":{"registrationId":960088630,"currentRatchet":{"ephemeralKeyPair":{"pubKey":"Bb6uA13jMSIQy/Mz+358WeHMl2ZAgNzyakc8O06LRTYA","privKey":"mE3LW162KrIdR7AtwzjXuf19HprwMz17/yISKT+2Mnc="},"lastRemoteEphemeralKey":"Bd+QQBUYBGuk9ZXDasH26vR8JYwyuUOSgkr0uDmTXIUs","previousCounter":0,"rootKey":"uAE2rsgcgGC9n3L9yBH7qK4qC64Qzxlt0L6RN67kRbY="},"indexInfo":{"baseKey":"BXgqyEawSjPZDVVgFLd/DuRoW7aNp37qJjvWR89bbb9O","baseKeyType":1,"closed":-1,"used":1737102400082,"created":1737102400082,"remoteIdentityKey":"BZXg4d1WMXv3z5JJ8bNbmcEgyJwQnmq98lHb53tfvJUA"},"_chains":{"Bb6uA13jMSIQy/Mz+358WeHMl2ZAgNzyakc8O06LRTYA":{"chainKey":{"counter":0,"key":"IegoXpWwI/YR6atjcseeRAMc2l9ksjzekelwGiuOIus="},"chainType":1,"messageKeys":{}}},"pendingPreKey":{"signedKeyId":0,"baseKey":"BXgqyEawSjPZDVVgFLd/DuRoW7aNp37qJjvWR89bbb9O"}}},"version":"v1"}