{"_sessions":{"Bc7MDpJ+pPzrfMoWEdoUe92Cd4hNbK5rUafUC21vqY8H":{"registrationId":781403586,"currentRatchet":{"ephemeralKeyPair":{"pubKey":"Bfs5s4o6DuzW2tnJDZhb8egHDSW69vCmaoVYzPsZH6sG","privKey":"QAnFfUW0tL9kwy2oVUNjoJcxSks8mslN1eo+OvJrP2Y="},"lastRemoteEphemeralKey":"BXMWMWzCqpRg+fwsHNkyNmht5Lc+weCGYxHOn0MCO0g1","previousCounter":0,"rootKey":"njdo3ONhHfzt85K5oV+sX8i/q7bnJhIhWOxciVTguKg="},"indexInfo":{"baseKey":"Bc7MDpJ+pPzrfMoWEdoUe92Cd4hNbK5rUafUC21vqY8H","baseKeyType":1,"closed":-1,"used":1737102400467,"created":1737102400467,"remoteIdentityKey":"BavpHPk7Mug9GsbSfOyvEo4k7eUcQOM8lMaRMA9CKEAs"},"_chains":{"Bfs5s4o6DuzW2tnJDZhb8egHDSW69vCmaoVYzPsZH6sG":{"chainKey":{"counter":0,"key":"0X4L94F2HtrXu6GjpIcyy+OxLcnHzzUEwwA6AB1kfpM="},"chainType":1,"messageKeys":{}}},"pendingPreKey":{"signedKeyId":1,"baseKey":"Bc7MDpJ+pPzrfMoWEdoUe92Cd4hNbK5rUafUC21vqY8H","preKeyId":15828486}}},"version":"v1"}