{"_sessions":{"Bcj0CRJFTL0/GnQrJsqj3LkuWviFaOFeLJVXrsVrqTpG":{"registrationId":841247536,"currentRatchet":{"ephemeralKeyPair":{"pubKey":"BSwecRJy3nX+dBFw2XUO94lA14KwN0k6L3x9iLBQOJFk","privKey":"kDWj/RZzmsvIaJ/OTR35qKN0yX+0YdJfrh6an19Hek0="},"lastRemoteEphemeralKey":"BVWcxtvN27ojWxWYiWS1M7tbixKjziN0P5INesrh2pBm","previousCounter":0,"rootKey":"eLuACG7T/PTMtrktOYLJbQbwUMZSTCTlWvC10n7b/ak="},"indexInfo":{"baseKey":"Bcj0CRJFTL0/GnQrJsqj3LkuWviFaOFeLJVXrsVrqTpG","baseKeyType":1,"closed":-1,"used":1737102399583,"created":1737102399583,"remoteIdentityKey":"BVpuZqQ/5RL1P64Ow3jnHqsl7oXme7HrbmoLvjVF1utw"},"_chains":{"BSwecRJy3nX+dBFw2XUO94lA14KwN0k6L3x9iLBQOJFk":{"chainKey":{"counter":0,"key":"TFXwHjG8ClsuLNT/hlqxhcNesueXMFuLp2MrK7HetAE="},"chainType":1,"messageKeys":{}}},"pendingPreKey":{"signedKeyId":1,"baseKey":"Bcj0CRJFTL0/GnQrJsqj3LkuWviFaOFeLJVXrsVrqTpG"}}},"version":"v1"}