{"_sessions":{"BbwWGNKVpHvtwVXM8Tb9A5U0hhURRGKTYVOBhYrsjgcs":{"registrationId":820761498,"currentRatchet":{"ephemeralKeyPair":{"pubKey":"BalmueLuy6QQlpbGCHEzh/h2jhxbfyKMWTiSmChVF3Ib","privKey":"qGOEWiROjuxmQ1uxXHWViU5Liy3tAc4sQGpRiGzAOF8="},"lastRemoteEphemeralKey":"BdW9MSprIvK8seU9vMfmrlSi7UsOXnqFVUR3Cv2GwFcY","previousCounter":0,"rootKey":"RYjgW2qLj7AgBsiJvhDFcnybabtdRIOs0XoNK8CbBUw="},"indexInfo":{"baseKey":"BbwWGNKVpHvtwVXM8Tb9A5U0hhURRGKTYVOBhYrsjgcs","baseKeyType":1,"closed":-1,"used":1737102399589,"created":1737102399589,"remoteIdentityKey":"BbSUBMxdUBKAPh2PyKrfE+GgLgRa6dOY8iT29ocetPF2"},"_chains":{"BalmueLuy6QQlpbGCHEzh/h2jhxbfyKMWTiSmChVF3Ib":{"chainKey":{"counter":0,"key":"oAOVkEBbm0VoJYcV1ih6vuDHl2OmXJT/Af0ixoXvFVA="},"chainType":1,"messageKeys":{}}},"pendingPreKey":{"signedKeyId":1,"baseKey":"BbwWGNKVpHvtwVXM8Tb9A5U0hhURRGKTYVOBhYrsjgcs","preKeyId":13624170}}},"version":"v1"}