{"_sessions":{"BZNUz1kZih+xPwiL/7/3CpVskXwTyLqt6JQN40flweRx":{"registrationId":1082431452,"currentRatchet":{"ephemeralKeyPair":{"pubKey":"BTr+ZEysddY01g715GUuG/DuxPQiVJU+V3F6b7+zgV9R","privKey":"4HwGOIG3sEaiw7yCFeNtkV18LJ3rUzSVJKsJLVtCU08="},"lastRemoteEphemeralKey":"Bf7htGOLf3zr3g9PODWEtQ/kKs9opkVF8wR475AUO+FY","previousCounter":0,"rootKey":"w/eJC4VuBepsnXgyyC7DQZjowX/zO0Z/qjUdI4wbU6Y="},"indexInfo":{"baseKey":"BZNUz1kZih+xPwiL/7/3CpVskXwTyLqt6JQN40flweRx","baseKeyType":1,"closed":-1,"used":1737102399565,"created":1737102399565,"remoteIdentityKey":"BXlBEzORfSym/qLTmM2yiBxIyYzsQ9uHW+4iUp6wiegE"},"_chains":{"BTr+ZEysddY01g715GUuG/DuxPQiVJU+V3F6b7+zgV9R":{"chainKey":{"counter":0,"key":"rPeqOBo50Ly0M5ks+aoSW50q9P5oDrAZTcj+aT9ThBg="},"chainType":1,"messageKeys":{}}},"pendingPreKey":{"signedKeyId":1,"baseKey":"BZNUz1kZih+xPwiL/7/3CpVskXwTyLqt6JQN40flweRx","preKeyId":1615712}}},"version":"v1"}