{"_sessions":{"BVfpyOLmqgfETm/5gfsU6tFnFrJOv23zjww5czX5Se8q":{"registrationId":1837241589,"currentRatchet":{"ephemeralKeyPair":{"pubKey":"BW8Ujzz1lY7Uu2bZSxTHqg8XVBHi4dG+dM+FyxdJrbtU","privKey":"qEab7dMYRYqQqB8ufctoh8JdC6ecLi+9xUSW3G5YNnU="},"lastRemoteEphemeralKey":"BTQo/vg6/l5kuydsprFO2zQCSrzaKK03m9RIgA8G4HQT","previousCounter":0,"rootKey":"mwvckTFE3VSUbaWsyIc3ZpNoZOl2MusybpQDigW8Xjw="},"indexInfo":{"baseKey":"BVfpyOLmqgfETm/5gfsU6tFnFrJOv23zjww5czX5Se8q","baseKeyType":1,"closed":-1,"used":1737102400213,"created":1737102400213,"remoteIdentityKey":"BboyBthKgirmffIHhGZtiC1W2bfk13MTjTVEnVE8SNR5"},"_chains":{"BW8Ujzz1lY7Uu2bZSxTHqg8XVBHi4dG+dM+FyxdJrbtU":{"chainKey":{"counter":0,"key":"XLtu+c5Na6bPc4hoJwVxXL9f64iqHoKMNClJLUxXOpk="},"chainType":1,"messageKeys":{}}},"pendingPreKey":{"signedKeyId":1,"baseKey":"BVfpyOLmqgfETm/5gfsU6tFnFrJOv23zjww5czX5Se8q","preKeyId":4796557}}},"version":"v1"}