{"_sessions":{"Bbn0HY3H4988NSxVZQhVUEE2urErDepRGaqPcdNXERQB":{"registrationId":2023824288,"currentRatchet":{"ephemeralKeyPair":{"pubKey":"BRZZFIF/9qZRUi2hLACaNsLMmGbxwEmf+qk5D0xsKutl","privKey":"GC/v+3g6ErfMLeFIo/C15epwamVwLg89QgflVWPD3XY="},"lastRemoteEphemeralKey":"BUoyrBK2NplKhw8GlWb3Vhyqh7lVdUteei1EPf7gTXUd","previousCounter":0,"rootKey":"9iDkZZk9+XJnDjPUleAiGyruyVwf9cLsFTltvc3TJ2g="},"indexInfo":{"baseKey":"Bbn0HY3H4988NSxVZQhVUEE2urErDepRGaqPcdNXERQB","baseKeyType":1,"closed":-1,"used":1737102401079,"created":1737102401079,"remoteIdentityKey":"BUiLTugmgiQZu08AStK4Cxz4c0uJY2vOMJbi6xe+MCUU"},"_chains":{"BRZZFIF/9qZRUi2hLACaNsLMmGbxwEmf+qk5D0xsKutl":{"chainKey":{"counter":0,"key":"AwU8P+O3+SNrLNuHhQ4pZQ5a4QaLYAd+FkZGEbnHaWI="},"chainType":1,"messageKeys":{}}},"pendingPreKey":{"signedKeyId":3,"baseKey":"Bbn0HY3H4988NSxVZQhVUEE2urErDepRGaqPcdNXERQB","preKeyId":6984487}}},"version":"v1"}