{"_sessions":{"BVoct7rr7c2SXwWEgMFMS3qFn+DAhfeSi+Q75VFdn9lp":{"registrationId":96,"currentRatchet":{"ephemeralKeyPair":{"pubKey":"BWLz9APRym95VszOEyWRuihsLf2fxr/kwsyw12ZgSY48","privKey":"UIpCwe8RJOeXo6iB+yO6zeMMMw0ExqA4L0trpOO65XA="},"lastRemoteEphemeralKey":"BRkYuZ/cTTnZABP1d7Prdc9bpVvQyz0WRT8UPGCynedK","previousCounter":0,"rootKey":"pWS+A/sqRnTK770eeSWz2qEqWRN3YU5MS2ZWBNRGd1s="},"indexInfo":{"baseKey":"BVoct7rr7c2SXwWEgMFMS3qFn+DAhfeSi+Q75VFdn9lp","baseKeyType":2,"closed":1737105285418,"used":1737104682449,"created":1737104682449,"remoteIdentityKey":"BeX9pkBVOss9AXj/C01s7AJxbnPfoDomviARG7AL8EAY"},"_chains":{"BRkYuZ/cTTnZABP1d7Prdc9bpVvQyz0WRT8UPGCynedK":{"chainKey":{"counter":5,"key":"ZNqAfIT7zRoIHkY1KwSSBIuzWz/m9PycQGNqU2VS52Q="},"chainType":2,"messageKeys":{"1":"wu96+Fttjtwycart4syyBgapIZjViiAgKTt/jai9TZE=","3":"/Rmf9VYkEDu0gzKYyIZ+AXiPw+C5FeQK82s/qFwxZA4="}},"BWLz9APRym95VszOEyWRuihsLf2fxr/kwsyw12ZgSY48":{"chainKey":{"counter":4,"key":"1bRN4qz6a0RtvnC81TuPP0cZcjAkK3Rv9wh+CpiV6UY="},"chainType":1,"messageKeys":{}}}},"BQ8K80d32f+FU/QscALWXSDZRVPQVLipGwoElJ/+gmkX":{"registrationId":96,"currentRatchet":{"ephemeralKeyPair":{"pubKey":"BRjrzlUTEUbLoeZdiZmtIVz66j9TR3N4e8rFm9j0o8kS","privKey":"uA1bwqfMfO5klYhLl+i6lLN+BkWTEzy+zkR6nHwBGFQ="},"lastRemoteEphemeralKey":"BQgfqutLbnrC8GfT0XVoiYoeXDQJqWJ45GTm1hujWiIE","previousCounter":0,"rootKey":"eKptj2CfaMIHMzsHRDMM/lQ6L3sVeVORgF0p0m2fhec="},"indexInfo":{"baseKey":"BQ8K80d32f+FU/QscALWXSDZRVPQVLipGwoElJ/+gmkX","baseKeyType":2,"closed":1737105389774,"used":1737105285424,"created":1737105285424,"remoteIdentityKey":"BeX9pkBVOss9AXj/C01s7AJxbnPfoDomviARG7AL8EAY"},"_chains":{"BQgfqutLbnrC8GfT0XVoiYoeXDQJqWJ45GTm1hujWiIE":{"chainKey":{"counter":1,"key":"na4fgQ9Ng0DInVYFfIZNncmjWYpcnR09XIbzDCEJGTg="},"chainType":2,"messageKeys":{}},"BRjrzlUTEUbLoeZdiZmtIVz66j9TR3N4e8rFm9j0o8kS":{"chainKey":{"counter":0,"key":"nS8m6E030KJ8IPGUYbmJYFKmgSH902+x8+PYMU+Shsc="},"chainType":1,"messageKeys":{}}}},"Be9kJMGzTa3qV5k+3DUWRYjIIQl43JeRzQtkHJMbp9sD":{"registrationId":96,"currentRatchet":{"ephemeralKeyPair":{"pubKey":"BddPzDc3ypRzYCo4hdLh0G09U/c1Bp3NKeMJQnMcrbdB","privKey":"MDAlnRIKSEH3Nvu1hntZP3s8PRuKBTdyECr+Xs/NV0w="},"lastRemoteEphemeralKey":"BUIRbhKMwCigoxmoAk02yFUHdlyZ/zMJ488VnuxyqLto","previousCounter":1,"rootKey":"hbf1YUOrOEYRH/N5gZ+CQFNPxUiFVgNFg1JyBM2c32c="},"indexInfo":{"baseKey":"Be9kJMGzTa3qV5k+3DUWRYjIIQl43JeRzQtkHJMbp9sD","baseKeyType":2,"closed":-1,"used":1737105997764,"created":1737105389783,"remoteIdentityKey":"BeX9pkBVOss9AXj/C01s7AJxbnPfoDomviARG7AL8EAY"},"_chains":{"Bfij+llVHgHF3D91IaMLLNtiogVoeOJ4RWeV0sBXZhML":{"chainKey":{"counter":0},"chainType":2,"messageKeys":{}},"BYKx8IPrQPXPN+lR8WM70uPbJB+iDEMR6U+fttFoD4gD":{"chainKey":{"counter":1},"chainType":2,"messageKeys":{"1":"6hjjzB8B+10I+GkzvWVRZIdobZAlhsNURTOcSxlhQi8="}},"BZHTiajLOHOdVuM+lOq0y1/p5/EHgcfaI87gH7jLuA1/":{"chainKey":{"counter":3},"chainType":2,"messageKeys":{"0":"52GmLvbvK8Z4AE3Vg0EP/Aidl6Xbnz4bxmfMadepTCE=","2":"MUwClDv0xwIgCl6q23ueXjWT70FFC29DfryA8q7OHoY="}},"Bc3CMN+h/fxItkh+WJWTkFv36byHaeLY7P4IfpCM5AQc":{"chainKey":{"counter":3},"chainType":2,"messageKeys":{"0":"nceqerF5ekuHEhnJcHos5GSduQW96KbCU56t/osRaiM=","2":"Xq33t1n/APgJIHbDrkw10zgDMWNrU/BL4EhqmwI8ZPs="}},"BTixQ9NNaMBge2deeezc+SL9mqEzWtfmd8cyWHc6udhN":{"chainKey":{"counter":3},"chainType":2,"messageKeys":{"0":"sALMKX+gYBuCAPiGPZmvPDPL4XwGf/rgTXqm1OaETh0=","2":"nyKcP9DX1U4Q7tecZ1f36DtZBoM29h8dx9ugmHgmfxQ="}},"BUIRbhKMwCigoxmoAk02yFUHdlyZ/zMJ488VnuxyqLto":{"chainKey":{"counter":0,"key":"cUV6DkD/PWW1CjA5kWclUF0hocSJrxTWKr4azusjdyE="},"chainType":2,"messageKeys":{}},"BddPzDc3ypRzYCo4hdLh0G09U/c1Bp3NKeMJQnMcrbdB":{"chainKey":{"counter":0,"key":"vswBBpAkhYJP+in/GMAE6wZ4SPKz8i1hU8xwwrKSTis="},"chainType":1,"messageKeys":{}}}}},"version":"v1"}