{"_sessions":{"BQIEY1MvO18ra45RCiqSqKF/LhwGqA0dzWCCIe1nCZAM":{"registrationId":1598990714,"currentRatchet":{"ephemeralKeyPair":{"pubKey":"BUFIrFeWTxQFnPYx1K526xTlesZRoWJ9xkOG68PhNTAr","privKey":"wLXLGeLL1cGuGpKV5HQW/Yc+C8V2pAFF4FJ20SPAKmA="},"lastRemoteEphemeralKey":"Bb+OUHM4g4eJZZre/4RHvbc/PxbYqcvnDENhm0vJbLZ3","previousCounter":0,"rootKey":"9Lro0CB59w8/cxkm1MnWKMboBMr+ww2ImDZ/o5W1C3g="},"indexInfo":{"baseKey":"BQIEY1MvO18ra45RCiqSqKF/LhwGqA0dzWCCIe1nCZAM","baseKeyType":1,"closed":-1,"used":1737102399460,"created":1737102399460,"remoteIdentityKey":"BRdy2EhI8YB3HuLfsD7nM80AdZ9736ZPWPpRCov3rk4c"},"_chains":{"BUFIrFeWTxQFnPYx1K526xTlesZRoWJ9xkOG68PhNTAr":{"chainKey":{"counter":0,"key":"QDzsuzrKBE1M8SXmpy8jGV6N9be+oLkDt2PqScWZF98="},"chainType":1,"messageKeys":{}}},"pendingPreKey":{"signedKeyId":1,"baseKey":"BQIEY1MvO18ra45RCiqSqKF/LhwGqA0dzWCCIe1nCZAM","preKeyId":12672670}}},"version":"v1"}