{"_sessions":{"BUUtirJtq71zeyVcL0aMgF2q/SjWbsGGA205PWnNNj4M":{"registrationId":117870790,"currentRatchet":{"ephemeralKeyPair":{"pubKey":"BVtrpX8m50OtfaAho3lOF6kAsV2Dl3DY7tS1KwDijB1C","privKey":"kNd2rRQhtXDWR/XQF9KGL6kQj4b2Nol2NWkxXHY7h2E="},"lastRemoteEphemeralKey":"BQnqsMDPYaphcoCN5mVcKYHqppxGBULeCwhxagRvBLJr","previousCounter":0,"rootKey":"TFNwfgiu2FHAGyaVWNZ3oSfoP93D9EwasAoZt8BPanw="},"indexInfo":{"baseKey":"BUUtirJtq71zeyVcL0aMgF2q/SjWbsGGA205PWnNNj4M","baseKeyType":1,"closed":-1,"used":1737102401323,"created":1737102401323,"remoteIdentityKey":"BYZLzCSCS1ViFXKNWU0kQ+bbM2XlacQkqgeoLOCthctj"},"_chains":{"BVtrpX8m50OtfaAho3lOF6kAsV2Dl3DY7tS1KwDijB1C":{"chainKey":{"counter":0,"key":"/DRGI4DI4TeCY3G1Vt4D6dPQFcX/X+5nMtpIoC8tLqM="},"chainType":1,"messageKeys":{}}},"pendingPreKey":{"signedKeyId":5,"baseKey":"BUUtirJtq71zeyVcL0aMgF2q/SjWbsGGA205PWnNNj4M","preKeyId":7916854}}},"version":"v1"}