{"_sessions":{"BfGj9kWIyhYagiMQJ27DnBf3c1REzwxThFNqeGb6hRVk":{"registrationId":1072904084,"currentRatchet":{"ephemeralKeyPair":{"pubKey":"BQGoDyWxwsvPKATgBkR4+TYnzGBowUdR9wUquHoBc3kO","privKey":"MMJXcyVXn4zC7OUU70flh2y7plhGPq4rwN/cwNw9T1M="},"lastRemoteEphemeralKey":"BRTeLvWXbLj9nTe0uHy6QGMZYtFY96+UH9D5Vtvy1aQh","previousCounter":0,"rootKey":"fMWiDdaZEvOnRlcyIKPxOP/fbA7kAk4mma3GQtqSX4I="},"indexInfo":{"baseKey":"BfGj9kWIyhYagiMQJ27DnBf3c1REzwxThFNqeGb6hRVk","baseKeyType":1,"closed":-1,"used":1737102401360,"created":1737102401360,"remoteIdentityKey":"Be7+OFS1HkoZdc/m3B0Bp34LO+9PSr8trNgW4QyyePRE"},"_chains":{"BQGoDyWxwsvPKATgBkR4+TYnzGBowUdR9wUquHoBc3kO":{"chainKey":{"counter":0,"key":"t/8itcRgpGloG0NGn/4IsV0DprI6tq7XK2f6zmfeHhA="},"chainType":1,"messageKeys":{}}},"pendingPreKey":{"signedKeyId":11,"baseKey":"BfGj9kWIyhYagiMQJ27DnBf3c1REzwxThFNqeGb6hRVk"}}},"version":"v1"}