{"_sessions":{"BevwNu22yIEMHccEamsZkQMK7dvn/FlrnNZTl9/bxHhM":{"registrationId":955728194,"currentRatchet":{"ephemeralKeyPair":{"pubKey":"BYGfauJhTWuwKz6Lalp9uiaRLaJXfU3CaDEcqRgKl3tT","privKey":"MEMy4mfnqN8OUDKsboj7maCriStOxwG9wBAV971rOXA="},"lastRemoteEphemeralKey":"BZULWOCy8qKpgTsw7cEFYooBGWfEHa1Gtas8UTQSLut5","previousCounter":0,"rootKey":"GzS3ZYxvROoVB3u3ZPLiKiCt19xZG4UiWRgtHG2va+w="},"indexInfo":{"baseKey":"BevwNu22yIEMHccEamsZkQMK7dvn/FlrnNZTl9/bxHhM","baseKeyType":1,"closed":-1,"used":1737104171762,"created":1737104171762,"remoteIdentityKey":"BebMzlAh4s8BscENYq6oCGKCDUySm7y3of94xgeWoX4P"},"_chains":{"BYGfauJhTWuwKz6Lalp9uiaRLaJXfU3CaDEcqRgKl3tT":{"chainKey":{"counter":0,"key":"ayzUzWpihXZCiqAnhiTu/kDdMGAr5viX7IZILvHm7bk="},"chainType":1,"messageKeys":{}}},"pendingPreKey":{"signedKeyId":7,"baseKey":"BevwNu22yIEMHccEamsZkQMK7dvn/FlrnNZTl9/bxHhM"}}},"version":"v1"}