{"_sessions":{"Bd7bNqCJIZM9YBqNgCoDcPjMWpz55u+hDlR3wFgt/FgN":{"registrationId":1324257645,"currentRatchet":{"ephemeralKeyPair":{"pubKey":"BYB/8AgB1zHouV5ss3jIaoAbhlRvUEch04oq5Y7rvRAA","privKey":"UFJclfdd/De12TwpcT1Oy1vF33IlZ/qycfxD++l/Q3w="},"lastRemoteEphemeralKey":"BWDr2abQXyKXmX778pj+yjYWMo55AwCGCMkHIsYL2Hc9","previousCounter":0,"rootKey":"gSaIwrZZUTcI1m929GHnanMAT/ioKxpe/KYIUkQj/oI="},"indexInfo":{"baseKey":"Bd7bNqCJIZM9YBqNgCoDcPjMWpz55u+hDlR3wFgt/FgN","baseKeyType":1,"closed":-1,"used":1737102401409,"created":1737102401409,"remoteIdentityKey":"BU899Yk+NEPwIAfmga7kOfrTbZ49ATbnz2VxkoIq/H9/"},"_chains":{"BYB/8AgB1zHouV5ss3jIaoAbhlRvUEch04oq5Y7rvRAA":{"chainKey":{"counter":0,"key":"/KlA+xQx41QxpyAytg0FAlU2uDGgfn6dmQVxgp7P46k="},"chainType":1,"messageKeys":{}}},"pendingPreKey":{"signedKeyId":0,"baseKey":"Bd7bNqCJIZM9YBqNgCoDcPjMWpz55u+hDlR3wFgt/FgN"}}},"version":"v1"}