{"_sessions":{"BWGpyu0wohY4FnY6YGHswloz9zT8Q2w/ThCT9Ov3PCo+":{"registrationId":848987511,"currentRatchet":{"ephemeralKeyPair":{"pubKey":"BQzmO1qXhQ2xAtHrp7vMs1qhFcO3Ocxiwh2xq+x/UW5D","privKey":"qBIWKgsHT5L1llaxcTycPPMTPZgPXZIL529rQhlVLWo="},"lastRemoteEphemeralKey":"BSOO5P1CIFTUPvFnGtu0sumk1ZjN+3gjpHqvessIjsNs","previousCounter":0,"rootKey":"lwX39haMW/FS5leNsMc1Yh76pyp65rwbhhZeYeRkLx4="},"indexInfo":{"baseKey":"BWGpyu0wohY4FnY6YGHswloz9zT8Q2w/ThCT9Ov3PCo+","baseKeyType":1,"closed":-1,"used":1737102399881,"created":1737102399881,"remoteIdentityKey":"BdNu7njavanBY4XQxKyIKYY3AwyO9ufUYbBAdC+X49Rv"},"_chains":{"BQzmO1qXhQ2xAtHrp7vMs1qhFcO3Ocxiwh2xq+x/UW5D":{"chainKey":{"counter":0,"key":"vjGsi1V7M/QoZ0pYHpzAwRjy/XMqS6kvatULnR9Ygvg="},"chainType":1,"messageKeys":{}}},"pendingPreKey":{"signedKeyId":8,"baseKey":"BWGpyu0wohY4FnY6YGHswloz9zT8Q2w/ThCT9Ov3PCo+","preKeyId":5925107}}},"version":"v1"}