{"_sessions":{"BYRDmeXjLE6cxm1xO7HMKefCxSDJO1sWvKahIhmqolxP":{"registrationId":1735182925,"currentRatchet":{"ephemeralKeyPair":{"pubKey":"BZDNH30VvoPnIrjZ3EHRE3yZmIWxDAVjGfOkHWKFgokI","privKey":"GOCkA9Gkui2HsSjd7uoSOYldoXFCYPnTbVrTKEIP71c="},"lastRemoteEphemeralKey":"BQPX7LqdO3jJkdYcXsZFXv6RaOxLlYKlatbIQzxAdoVi","previousCounter":0,"rootKey":"pcPGJs/8FZgRNSkLcPd+LF3ngZMLE2VDFO8J237hcg4="},"indexInfo":{"baseKey":"BYRDmeXjLE6cxm1xO7HMKefCxSDJO1sWvKahIhmqolxP","baseKeyType":1,"closed":-1,"used":1737104171767,"created":1737104171767,"remoteIdentityKey":"BYEs366hvxsqIBJkEB8Bf5w1eDMepcDRUrBL+zkkPmMl"},"_chains":{"BZDNH30VvoPnIrjZ3EHRE3yZmIWxDAVjGfOkHWKFgokI":{"chainKey":{"counter":0,"key":"FdaF5UUJtYolt8/vOs/58HpoHNpRwD1tT+qAxSd1Pfc="},"chainType":1,"messageKeys":{}}},"pendingPreKey":{"signedKeyId":1,"baseKey":"BYRDmeXjLE6cxm1xO7HMKefCxSDJO1sWvKahIhmqolxP"}}},"version":"v1"}