{"_sessions":{"BU1UWMirGNXyKFaug/MZuE52HVQDE4TX5LGqFr3Yz2J5":{"registrationId":1583585291,"currentRatchet":{"ephemeralKeyPair":{"pubKey":"BbQekrfuMBmwiVm5wbKwSVjs2pVmTN23mQHvvvKhZeFa","privKey":"CPklbWFrQrMIGYr46pR3X4LWmRwRQq2SZ6E/wmuQ93w="},"lastRemoteEphemeralKey":"BVy86s1izUa1A9nQa6H8DeB1q88Kh95E9+VdAwavghlF","previousCounter":0,"rootKey":"Ag5AyBInRYg0AxUr36lX5eIF1SbfBjgzLZ1OC7IAvDY="},"indexInfo":{"baseKey":"BU1UWMirGNXyKFaug/MZuE52HVQDE4TX5LGqFr3Yz2J5","baseKeyType":1,"closed":-1,"used":1737104171044,"created":1737104171044,"remoteIdentityKey":"BQOYO9bGIrvwZxepOkkmWxlQf9trcj7hcar7X0S7cXlk"},"_chains":{"BbQekrfuMBmwiVm5wbKwSVjs2pVmTN23mQHvvvKhZeFa":{"chainKey":{"counter":0,"key":"VpVjIBt74Vja95GNY4bLfrqPL0cvN8+5X/i+a7f6Pus="},"chainType":1,"messageKeys":{}}},"pendingPreKey":{"signedKeyId":0,"baseKey":"BU1UWMirGNXyKFaug/MZuE52HVQDE4TX5LGqFr3Yz2J5","preKeyId":2030122}}},"version":"v1"}