{"_sessions":{"BY8arsg+hcMkvUTEdF8ZhRFhvoxVLlDnFmftiSiX3Noa":{"registrationId":1992311320,"currentRatchet":{"ephemeralKeyPair":{"pubKey":"BQFMA5uYmCnnmUjl1Hga1YWcKWBMVPWHi7y0+/EYrntY","privKey":"wNuoeaMw91HL/AjlZqwGPozm3C+X8/2iMm2bTmkWeVc="},"lastRemoteEphemeralKey":"BbeVr9PjNEbDe3tEIw6a1CAM+k4kIXPsdjO03RrfXds6","previousCounter":0,"rootKey":"tz56oqiE9NN6MoMYzCLZnAJmKnkNT9HIqcUZepJEdZc="},"indexInfo":{"baseKey":"BY8arsg+hcMkvUTEdF8ZhRFhvoxVLlDnFmftiSiX3Noa","baseKeyType":1,"closed":-1,"used":1737102401638,"created":1737102401638,"remoteIdentityKey":"BQlxujjz1SqxcT1qkLtBzKGSPEznH5wDmXMqtz/T4IcL"},"_chains":{"BQFMA5uYmCnnmUjl1Hga1YWcKWBMVPWHi7y0+/EYrntY":{"chainKey":{"counter":0,"key":"/1nW9wTonpqZoFTLpT1PVq29tNZOvMtVWeBtCurq5Kc="},"chainType":1,"messageKeys":{}}},"pendingPreKey":{"signedKeyId":6,"baseKey":"BY8arsg+hcMkvUTEdF8ZhRFhvoxVLlDnFmftiSiX3Noa"}}},"version":"v1"}