{"_sessions":{"BXRb4vfigu/yXz5AqWgU7C7w+MH05Whs46uUeeg4eShs":{"registrationId":2040048221,"currentRatchet":{"ephemeralKeyPair":{"pubKey":"BTNl/+ugxeF8a67/3dHVa5z1TZqK84mytaing0u7CUlf","privKey":"0JQpj4WxQjEU5/QHUq/mtJm3xi3mWaVlhBnybCQC/k8="},"lastRemoteEphemeralKey":"BbbCdmd3nI3Q0xpZ7N7zg5+F0HZRbnnCPKX4eCLoM5MS","previousCounter":0,"rootKey":"UyOU+hYq/aIRoqsR0bzzsV4UhH+Iq9abQbpYCEhUmKU="},"indexInfo":{"baseKey":"BXRb4vfigu/yXz5AqWgU7C7w+MH05Whs46uUeeg4eShs","baseKeyType":1,"closed":-1,"used":1737102401349,"created":1737102401349,"remoteIdentityKey":"BWVW4TFQ6SANYztrvkJiy1b+odl1eDtnrj3t5XnWSgdG"},"_chains":{"BTNl/+ugxeF8a67/3dHVa5z1TZqK84mytaing0u7CUlf":{"chainKey":{"counter":0,"key":"H8u6lLNxZus4vfIy/AjU+OHdT+dfMwMsHsQhUL4GnQA="},"chainType":1,"messageKeys":{}}},"pendingPreKey":{"signedKeyId":3,"baseKey":"BXRb4vfigu/yXz5AqWgU7C7w+MH05Whs46uUeeg4eShs"}}},"version":"v1"}