{"_sessions":{"BbX18mCaKBgRtkUaobsawpxGMOiJ5Yha7T/jjJcDflUg":{"registrationId":2095130078,"currentRatchet":{"ephemeralKeyPair":{"pubKey":"BbCyAvFikeRMox3m9rCBDvV/5O87P1rwSXEvhqbkJade","privKey":"gGLlwi4Vug66ZZRdJjeMwR98jvm0FFWqvbCWC8ASOUI="},"lastRemoteEphemeralKey":"Bb5lETlAdoaIOP37niwasbv+nvc7NvGwsBPYxkdmvQ4k","previousCounter":0,"rootKey":"yPe914ZXNaEeCB8iOHs72CM06Gmnf96JvVUk+cVWuWg="},"indexInfo":{"baseKey":"BbX18mCaKBgRtkUaobsawpxGMOiJ5Yha7T/jjJcDflUg","baseKeyType":1,"closed":-1,"used":1737102399453,"created":1737102399453,"remoteIdentityKey":"BUko8PuEDf7XeGCN2x/gxDk+l3mytt6lB6EUYMwGzIUR"},"_chains":{"BbCyAvFikeRMox3m9rCBDvV/5O87P1rwSXEvhqbkJade":{"chainKey":{"counter":0,"key":"iEkzd0E1gaXUAVR3H/ok7A1ftuPAXiqodtLPDDP3ddo="},"chainType":1,"messageKeys":{}}},"pendingPreKey":{"signedKeyId":4,"baseKey":"BbX18mCaKBgRtkUaobsawpxGMOiJ5Yha7T/jjJcDflUg","preKeyId":15831077}}},"version":"v1"}