{"_sessions":{"BQ7l596KvYb2B0TVKPscYo26EOW4U1EOQju/PmlBqFo7":{"registrationId":1637709365,"currentRatchet":{"ephemeralKeyPair":{"pubKey":"BQdbJUENbrd4Eh1Ft3FX7gZry/7KzfLTCiF4wQ67KsFs","privKey":"2DeDt/L+sMOHPlaVq73pPT8Nh04RoJdsTbwXvNGqt3w="},"lastRemoteEphemeralKey":"Ba7bOrbJuvlpv8FxHPpPvlutQvfTevQIH9LZ6OhT5DQq","previousCounter":0,"rootKey":"6J6neF/WPVhAoGPJunP9dV3N6tzL5gci7M3UP8YIkwU="},"indexInfo":{"baseKey":"BQ7l596KvYb2B0TVKPscYo26EOW4U1EOQju/PmlBqFo7","baseKeyType":1,"closed":-1,"used":1737104171562,"created":1737104171561,"remoteIdentityKey":"BZ0zRqnUo7rB0/bQx1ReU7kgflnkCt3tlMnGoiL3GiYE"},"_chains":{"BQdbJUENbrd4Eh1Ft3FX7gZry/7KzfLTCiF4wQ67KsFs":{"chainKey":{"counter":0,"key":"3Cvk/ut3LE2e1QJxeDn4MUcBkpAL9tnBAGlryx5DBiE="},"chainType":1,"messageKeys":{}}},"pendingPreKey":{"signedKeyId":1,"baseKey":"BQ7l596KvYb2B0TVKPscYo26EOW4U1EOQju/PmlBqFo7"}}},"version":"v1"}