{"_sessions":{"BflpqWE+6YjOLKZWWkI3/yBvOFfFyBdV1qPmZRpV664y":{"registrationId":352521914,"currentRatchet":{"ephemeralKeyPair":{"pubKey":"BWjFIHX981+a+UBBdI5AUahJJ5A+L3X5B7+IGoNrRlgD","privKey":"AGyIF+Ospv4vva2G1xvcTylsBnLdVlaJuOXJ2Nex22o="},"lastRemoteEphemeralKey":"BYH+TdP0F8MCmfbuk605b+xVQm459sJwNtDETTT/Fmxb","previousCounter":0,"rootKey":"GQqtZDES/3O5kPKskHGVvOSw4BI4PIbO5GYqTtJQw8c="},"indexInfo":{"baseKey":"BflpqWE+6YjOLKZWWkI3/yBvOFfFyBdV1qPmZRpV664y","baseKeyType":1,"closed":-1,"used":1737102399970,"created":1737102399970,"remoteIdentityKey":"BS0Dvgtg8IQs56NhsYr/sZSyzrRCNvVMl9/A9vfbimEq"},"_chains":{"BWjFIHX981+a+UBBdI5AUahJJ5A+L3X5B7+IGoNrRlgD":{"chainKey":{"counter":0,"key":"jFdbKeA97qsrbnYYWjukOp+oQaau7hdwEEOwBWuJ/+8="},"chainType":1,"messageKeys":{}}},"pendingPreKey":{"signedKeyId":0,"baseKey":"BflpqWE+6YjOLKZWWkI3/yBvOFfFyBdV1qPmZRpV664y","preKeyId":12006536}}},"version":"v1"}