{"_sessions":{"BV5N7xPtXs5DJAcHgJM6GjW+pcjAWcuAOOlpG4Jlcn5N":{"registrationId":287404464,"currentRatchet":{"ephemeralKeyPair":{"pubKey":"Bbgy/ZuuxjnNTa0+SuQ7d0Zt3bX+VrpiDsKvpNGXR20T","privKey":"IG40XHvz58dIN65bfIyLi6vpBgUpZH8GTe9yrIo1fXs="},"lastRemoteEphemeralKey":"BfGqqMMKiomVQXK0MVGq1Qxvx4IJv9Vwz30nAxsJfJ0r","previousCounter":0,"rootKey":"3UEFPYvymoQZHEQG6GcLIE44msDhjx2v7SgZqxWwZCc="},"indexInfo":{"baseKey":"BV5N7xPtXs5DJAcHgJM6GjW+pcjAWcuAOOlpG4Jlcn5N","baseKeyType":1,"closed":-1,"used":1737102401572,"created":1737102401572,"remoteIdentityKey":"BafvskoZBwVh7RlgYsyt8ZqdPZHQQoRcOVLtMWS3YmYF"},"_chains":{"Bbgy/ZuuxjnNTa0+SuQ7d0Zt3bX+VrpiDsKvpNGXR20T":{"chainKey":{"counter":0,"key":"34Oiem78HfvGIBTsUhjWrLBRBSP1pV4BFHd4vGIV1Fg="},"chainType":1,"messageKeys":{}}},"pendingPreKey":{"signedKeyId":8,"baseKey":"BV5N7xPtXs5DJAcHgJM6GjW+pcjAWcuAOOlpG4Jlcn5N","preKeyId":363501}}},"version":"v1"}