{"_sessions":{"BZwmBl5p1V2inrsUWVM65/Y23lf5bbGOcxFQQUgpZeE4":{"registrationId":1441159316,"currentRatchet":{"ephemeralKeyPair":{"pubKey":"Baqz15BCncypq0LL1K2YyRbm1k2ymSkMB4YX3uaHxjND","privKey":"6Lyaub1b8wh5ITt88+oI59DlYEXStD8UgnxkG92Xjl4="},"lastRemoteEphemeralKey":"Bdvm7EgkctHuKlpiPT6+sKClH5zRg1Ht4oBT2JuEfzhe","previousCounter":0,"rootKey":"CWT9E1jPrw1rKOabZcIqKAoclcePjjkkQgZEbXkb1ck="},"indexInfo":{"baseKey":"BZwmBl5p1V2inrsUWVM65/Y23lf5bbGOcxFQQUgpZeE4","baseKeyType":1,"closed":-1,"used":1737102400460,"created":1737102400460,"remoteIdentityKey":"BeKQe/GLFZ1gxgEb9/pAHXhL8A93MZO4+4u9v/O74IMQ"},"_chains":{"Baqz15BCncypq0LL1K2YyRbm1k2ymSkMB4YX3uaHxjND":{"chainKey":{"counter":0,"key":"SNEi8B2UbnJSwpqAxQey1j1SrI4DxL0/4j1yPQr8Hoo="},"chainType":1,"messageKeys":{}}},"pendingPreKey":{"signedKeyId":5,"baseKey":"BZwmBl5p1V2inrsUWVM65/Y23lf5bbGOcxFQQUgpZeE4","preKeyId":6584731}}},"version":"v1"}