{"_sessions":{"BXeJmXkZnI6/SscsqC9jVdQOroTSAXiJ+LSN9vpEvkwE":{"registrationId":1111671677,"currentRatchet":{"ephemeralKeyPair":{"pubKey":"BS32ezoBvx5C8coDeXgPc3Eblzma2bvaTAgNXaTQxC4C","privKey":"GLFjKKQrz4BrxWKxQTm5YgEYt8EPuWyUA3x8a1exJ0Y="},"lastRemoteEphemeralKey":"BV1TjHwc4cqgeh8INUtj9ybJB4TdtfMQOqbsuoY5i31J","previousCounter":0,"rootKey":"+5wnvxFrmm0cida+LpTZVOx+IWGDRO4wrIpbLj4yH2w="},"indexInfo":{"baseKey":"BXeJmXkZnI6/SscsqC9jVdQOroTSAXiJ+LSN9vpEvkwE","baseKeyType":2,"closed":-1,"used":1737101924794,"created":1737101924794,"remoteIdentityKey":"BdvfG5P75765uVvVb4CBpm8Ju169qIlYkmNJVeR69y9B"},"_chains":{"BV1TjHwc4cqgeh8INUtj9ybJB4TdtfMQOqbsuoY5i31J":{"chainKey":{"counter":0,"key":"kZF/z+ChQHphZI1xRIh0Pp+qaLbACGBsLZo3M1YFy0Q="},"chainType":2,"messageKeys":{}},"BS32ezoBvx5C8coDeXgPc3Eblzma2bvaTAgNXaTQxC4C":{"chainKey":{"counter":0,"key":"a7xzuXAhNl0NZsFmHU9Lt/bi1gsWD26iYGKr32qPdQE="},"chainType":1,"messageKeys":{}}}}},"version":"v1"}