{"_sessions":{"BW8e7jWSLY+qtorVwkvIMqlZy+QZpKyP1CEbwr1GAT82":{"registrationId":2119245063,"currentRatchet":{"ephemeralKeyPair":{"pubKey":"BTpl+V4twnY6j18orUZRPbZT7SymCPXlqVg0/FEAF5wU","privKey":"MDdSlhN2+coFe10XdLkLJwwcgu1GlC+c/kJjombJ8Vg="},"lastRemoteEphemeralKey":"BbvH6lou4sc23d2O2C770OzNlkQnudXBTuzVEf0uAdY8","previousCounter":0,"rootKey":"ykBzlHF5fAAcIjQSxJ25iNMik7FPTOeBKeqbVM6Olno="},"indexInfo":{"baseKey":"BW8e7jWSLY+qtorVwkvIMqlZy+QZpKyP1CEbwr1GAT82","baseKeyType":1,"closed":-1,"used":1737102400869,"created":1737102400869,"remoteIdentityKey":"BXjhiAnzsT2PdUJr2N0jhNvUzQV626x4ReK8QuNbWIRu"},"_chains":{"BTpl+V4twnY6j18orUZRPbZT7SymCPXlqVg0/FEAF5wU":{"chainKey":{"counter":0,"key":"Lzje2Gcl4pxYvie0yj7g6Cvis1FWEo5dwMGlGVdfdp8="},"chainType":1,"messageKeys":{}}},"pendingPreKey":{"signedKeyId":1,"baseKey":"BW8e7jWSLY+qtorVwkvIMqlZy+QZpKyP1CEbwr1GAT82"}}},"version":"v1"}