{"_sessions":{"BWg1n4FcVfCbIqchP3LJsLvoTpEl74YSmEqNydwyZBo6":{"registrationId":1423406549,"currentRatchet":{"ephemeralKeyPair":{"pubKey":"BUO32u9HhiztXjJBqfZTy9G/LMpuxcotz98Z148CPsZa","privKey":"INShC2iohXfxSvVviDXk7UsYyQaniUfm3+DCH/qMrX0="},"lastRemoteEphemeralKey":"BWMbJugTfz0Zh3NUuSxQqP6xjM/gKOujTWKG5guhJRkN","previousCounter":0,"rootKey":"pqfGL51HJc2q25ekASgt51+X6bvfTtKpscZbVZYVox8="},"indexInfo":{"baseKey":"BWg1n4FcVfCbIqchP3LJsLvoTpEl74YSmEqNydwyZBo6","baseKeyType":1,"closed":-1,"used":1737102400841,"created":1737102400841,"remoteIdentityKey":"Bb2KIekxZ63c6VZ+Zi67DZz092yHdMYJEepLHxFQc+RI"},"_chains":{"BUO32u9HhiztXjJBqfZTy9G/LMpuxcotz98Z148CPsZa":{"chainKey":{"counter":0,"key":"gC0q6X0iTQztSPVTpTkY88aVSFxCSBXwJDddV7BuoGc="},"chainType":1,"messageKeys":{}}},"pendingPreKey":{"signedKeyId":5,"baseKey":"BWg1n4FcVfCbIqchP3LJsLvoTpEl74YSmEqNydwyZBo6"}}},"version":"v1"}