{"noiseKey":{"private":{"type":"Buffer","data":"UD9nAtYw8Uac6tWw/QgivWVeQtubnNUAykQmG5fYV2g="},"public":{"type":"Buffer","data":"ep5S9HaNKHjt+glAYNTff74et1dRTVkFumj9Sen8FBM="}},"pairingEphemeralKeyPair":{"private":{"type":"Buffer","data":"yB+HbVwaIRVbh4EokKI27oTpXg5MYPcijlTn/xxnuXM="},"public":{"type":"Buffer","data":"Zn3BfWqrvXA8KOnewm5KXw4qkLtcTs/Fqn/fEVQPABk="}},"signedIdentityKey":{"private":{"type":"Buffer","data":"iEfOYrAbR391EpFWHGNp9NMSJpYsBAnxIBocLkn8YHs="},"public":{"type":"Buffer","data":"a9+eH+jp7XePfCRE9wZLSqthgvjzr6Uc5QJer/Ltcik="}},"signedPreKey":{"keyPair":{"private":{"type":"Buffer","data":"MBea7D3xVwCgiZGvT2tHUdq9ZTHGO3qZAxxmr2dta1o="},"public":{"type":"Buffer","data":"DKSSmwelbzzwd67pzq34woeznJG/knft+p7LVXAGFS8="}},"signature":{"type":"Buffer","data":"hUu095Q6zwUGZwHdeewyzR+MBRiOb5EoShI4GEgxcg9tv/i/vY292/4Q0qlMuFCJBQwlYCCqML3mUjgS+VF1ig=="},"keyId":1},"registrationId":140,"advSecretKey":"zi3qe99LAZwjnB8ujaGKj0bpLUWLpkC1CGXHLMiuS2k=","processedHistoryMessages":[],"nextPreKeyId":1,"firstUnuploadedPreKeyId":1,"accountSyncCounter":0,"accountSettings":{"unarchiveChats":false},"deviceId":"Jn6avzz2RaGPY-jmyr0r3w","phoneId":"b04c3305-eb70-4b37-99fd-bedfd29ccafd","identityId":{"type":"Buffer","data":"aG8fB4ybGnvHZnkZJeQHvEjYqoA="},"registered":false,"backupToken":{"type":"Buffer","data":"vlDO+jqpnVaaqbbd8LxoK0ca0fI="},"registration":{},"pairingCode":"LDGQMTY1","me":{"id":"966578008949@s.whatsapp.net","name":"~"}}