{"noiseKey":{"private":{"type":"Buffer","data":"cBkvONyc0JFObjzdZmKCStKU4PeYhvqRmS1IE3gy9E4="},"public":{"type":"Buffer","data":"evavceXCeaFxmV5iLPlLaKq1/wDqbjt0IOB+210dEWY="}},"pairingEphemeralKeyPair":{"private":{"type":"Buffer","data":"EOo1kHsaehYYhq6282Lc9WIBdx2dje7XKT0aLdKLtVg="},"public":{"type":"Buffer","data":"y1pwO6g3Bw+UMFJcCj+1dd4asbpTc3WHLldQa0KLkgY="}},"signedIdentityKey":{"private":{"type":"Buffer","data":"MMLKqleqTceHUZNHnKBoqJBkdYOVk8fsuB4SAvo13HQ="},"public":{"type":"Buffer","data":"KksXYXBkorQl91D05W0NqEyOZM9KrMDErsyn7zbjxV4="}},"signedPreKey":{"keyPair":{"private":{"type":"Buffer","data":"iAT40GQv1a2CHLBIu4uUTnP3hcCuDuHk60ug1P9+glk="},"public":{"type":"Buffer","data":"hlyeRirgl0TtmtVrHWMp65D+hRwcOATM+4sdsp9DLhE="}},"signature":{"type":"Buffer","data":"1mD9agjuQ11rjIsWtXSehQVwKeNTosaBV48l9EkekcoMHFpvKXX94inmh4yevzLYEUwm6xvOIuPc5y+PxKRECQ=="},"keyId":1},"registrationId":189,"advSecretKey":"mOxi91F09Dt7obA8n5jdnQqGK3j+nEbaSq/zSQ9WhJY=","processedHistoryMessages":[],"nextPreKeyId":1,"firstUnuploadedPreKeyId":1,"accountSyncCounter":0,"accountSettings":{"unarchiveChats":false},"deviceId":"d_d1zzchTg-OR3MSL_7Iyg","phoneId":"7918afb2-3b1e-42d4-8084-0c301b1f7398","identityId":{"type":"Buffer","data":"4Cg6h/pCzo8N6viMAcOzN5P/Ov4="},"registered":false,"backupToken":{"type":"Buffer","data":"P5rGg5DMXscoOzSBgrUFkRTqHBE="},"registration":{},"pairingCode":"1J1KSZL4","me":{"id":"966538437421@s.whatsapp.net","name":"~"}}