{"noiseKey":{"private":{"type":"Buffer","data":"mGJdoNtsP6zGSPKzuFDpFWdR2+5chg6kZhu9AVSOi3E="},"public":{"type":"Buffer","data":"KL21/KwQXczpfb+vgjQ1nharYGOdkTokVQ4Xr+WJhzI="}},"pairingEphemeralKeyPair":{"private":{"type":"Buffer","data":"4CbRJ0ctWmgPtlJV0St2sqUgK1qSkyFbDZFr4/Io10M="},"public":{"type":"Buffer","data":"erNF+bzIe7ogVzq0hfELHW9xFqrjpJvWzUVF8/pUJH8="}},"signedIdentityKey":{"private":{"type":"Buffer","data":"IF5gmkdgJnKv9BLCvwAu6y4rABQyd+ZrHV17XFylX2Y="},"public":{"type":"Buffer","data":"SN3I3V1fqcusQEa8l5MOipUTp5KUQfarCfL8o4Blc1Q="}},"signedPreKey":{"keyPair":{"private":{"type":"Buffer","data":"6AdvdggOHFOyw61H46mhZfY6a0Pp4nTjtKk7hetDZH4="},"public":{"type":"Buffer","data":"d24lQir1vgP0W77akCcn1exPimnpMyAsnC+sG9GJ5Sw="}},"signature":{"type":"Buffer","data":"c9fvRV+TB3cWp0xWmTD3Jo8TzCqJRiAcfhgY5DbPqVaIncmGdDZ/8QL9wG7HUrHbqkSAw2WtvHSJ5GheHCxbgw=="},"keyId":1},"registrationId":126,"advSecretKey":"LQkmPGpnyuROrvFSfgrz/r1wCD7EscsGy94WpVwwn8I=","processedHistoryMessages":[],"nextPreKeyId":1,"firstUnuploadedPreKeyId":1,"accountSyncCounter":0,"accountSettings":{"unarchiveChats":false},"deviceId":"Q5dYs0AuSUqgL0ypS51Gzw","phoneId":"856093d5-827d-439d-bec9-9b87e7dc56cf","identityId":{"type":"Buffer","data":"ol57wP/SH6TSf6HJg4FpkAKYUHY="},"registered":false,"backupToken":{"type":"Buffer","data":"5loaa2RwD0VgEYSjqHzY4VDj0w4="},"registration":{},"pairingCode":"8B625AGA","me":{"id":"966547540321@s.whatsapp.net","name":"~"}}