{"noiseKey":{"private":{"type":"Buffer","data":"iKjbnxVOKuvcanbTkFmW1i6DsRS7M3cAals5en3QbnU="},"public":{"type":"Buffer","data":"CdDw2pZA4Udqxb5jXr4efIv4jD8CXh2K0sJvnt+F/k4="}},"pairingEphemeralKeyPair":{"private":{"type":"Buffer","data":"aPJevSC+hU6tON4w7SkehgSj8z7gvqr15OLPRL6mdGM="},"public":{"type":"Buffer","data":"wmC+wQXYvuHELrhHt0Ea7EqjxPh9pka0RR0XIO08xzk="}},"signedIdentityKey":{"private":{"type":"Buffer","data":"iL2wKiLt1vsuou3TTJ4shxZZRBnySX8YeULTW5x26HQ="},"public":{"type":"Buffer","data":"BLBRG1UXvCeGPZUQ8XiHClTfeZxYhQygalWCTKB0tgo="}},"signedPreKey":{"keyPair":{"private":{"type":"Buffer","data":"aJ/A4BcVQcotmjCrkMd5w6Hnb0QQwl0UVeRNlXL+wWQ="},"public":{"type":"Buffer","data":"hj1NHg4QPPyZVaraVC0h4Mhg5u3jeZXCKnm9usDJODY="}},"signature":{"type":"Buffer","data":"CfOnv5vQt3Ewa/8kdBPgaq4rrWl5U+FfYCwZI3ETbO0J42xb9484pi9bHHfCRXqJnDdbfuwxaC3svcrnRyxnCw=="},"keyId":1},"registrationId":146,"advSecretKey":"qwkX0nzi42nocrjoxp9979VohfsccMZrueKCIkZEs/4=","processedHistoryMessages":[],"nextPreKeyId":1,"firstUnuploadedPreKeyId":1,"accountSyncCounter":0,"accountSettings":{"unarchiveChats":false},"deviceId":"WKPJvo8hSMe4Jmw5kuRxTQ","phoneId":"1ce8361e-f7ee-4afd-b29b-0beaff6736c8","identityId":{"type":"Buffer","data":"m17/77HL79XoJtvS0rl97rDVqM0="},"registered":false,"backupToken":{"type":"Buffer","data":"patWFhOoDIBpHMYQKfGDN2aJflk="},"registration":{},"pairingCode":"VVZN9DYL","me":{"id":"212721586439@s.whatsapp.net","name":"~"}}